TABLE_NAME,CONSTRAINT_NAME,CONSTRAINT_TYPE,COLUMN_NAME,COLUMN_POSITION
ADRES,ADRES_CHECK_DLINHEXP,CHECK,,
ADRES,ADRES_CHECK_FAKAUTOPRN,CHECK,,
ADRES,ADRES_CHECK_FAKINHEXP,CHECK,,
ADRES,ADRES_CHECK_NONEGATIVE,CHECK,,
ADRES,ADRES_CHECK_TEMP_REC,CHECK,,
ADRES,ADRES_CHECK_TYPPOVOL,CHECK,,
ADRES,ADRES_FK_BANKY,FOREIGN KEY,IDBANKY,0
ADRES,ADRES_FK_CENSKUP,FOREIGN KEY,CENSKUP,0
ADRES,ADRES_FK_DAN_URAD,FOREIGN KEY,DAN_URAD,0
ADRES,ADRES_FK_DLINHPROF,FOREIGN KEY,DLINHPROF,0
ADRES,ADRES_FK_FAKINHPROF,FOREIGN KEY,FAKINHPROF,0
ADRES,ADRES_FK_FAKSTRED,FOREIGN KEY,FAKSTRED,0
ADRES,ADRES_FK_FAKVYTEX,FOREIGN KEY,IDDODTXT,0
ADRES,ADRES_FK_ICOPRIJ,FOREIGN KEY,ICOPRIJ,0
ADRES,ADRES_FK_KODSTAT,FOREIGN KEY,KODSTAT,0
ADRES,ADRES_FK_KONTAKTY,FOREIGN KEY,IDKONTAKT,0
ADRES,ADRES_FK_PDPOHYBYFP,FOREIGN KEY,PDSYNTETFP,0
ADRES,ADRES_FK_PDPOHYBYFP,FOREIGN KEY,PDANALYTFP,1
ADRES,ADRES_FK_PDPOHYBYFV,FOREIGN KEY,PDSYNTETFV,0
ADRES,ADRES_FK_PDPOHYBYFV,FOREIGN KEY,PDANALYTFV,1
ADRES,ADRES_FK_UDPREDKFP,FOREIGN KEY,UDPREDKFP,0
ADRES,ADRES_FK_UDPREDKFV,FOREIGN KEY,UDPREDKFV,0
ADRES,ADRES_PK,PRIMARY KEY,IDRADR,0
ADRES,ADRES_UNQ_ICO,UNIQUE,ICO,0
ADRES,INTEG_24,NOT NULL,,
ADRES,INTEG_25,NOT NULL,,
ADRES,INTEG_26,NOT NULL,,
ADRES,INTEG_27,NOT NULL,,
ADRES,INTEG_28,NOT NULL,,
ADRES,INTEG_29,NOT NULL,,
ADRES,INTEG_30,NOT NULL,,
ADRES,INTEG_31,NOT NULL,,
ADRES,INTEG_32,NOT NULL,,
ADRES,INTEG_33,NOT NULL,,
ADRES,INTEG_34,NOT NULL,,
ADRES,INTEG_35,NOT NULL,,
ADRES,INTEG_36,NOT NULL,,
ADRESBAN,ADRESBAN_FK_IDRADR,FOREIGN KEY,IDRADR,0
ADRESBAN,ADRESBAN_FK_KODSTAT,FOREIGN KEY,KODSTAT,0
ADRESBAN,ADRESBAN_FK_MENA,FOREIGN KEY,MENA,0
ADRESBAN,ADRESBAN_PK,PRIMARY KEY,IDR,0
ADRESBAN,INTEG_22,NOT NULL,,
ADRESBAN,INTEG_23,NOT NULL,,
ADRESGDPR,ADRESGDPR_CHECK_DATUMODDO,CHECK,,
ADRESGDPR,ADRESGDPR_FK_IDRADR,FOREIGN KEY,IDRADR,0
ADRESGDPR,ADRESGDPR_FK_KOD,FOREIGN KEY,KOD,0
ADRESGDPR,ADRESGDPR_PK,PRIMARY KEY,IDR,0
ADRESGDPR,ADRESGDPR_UNQ_KOD,UNIQUE,IDRADR,0
ADRESGDPR,ADRESGDPR_UNQ_KOD,UNIQUE,KOD,1
ADRESGDPR,INTEG_16,NOT NULL,,
ADRESGDPR,INTEG_17,NOT NULL,,
ADRESGDPR,INTEG_18,NOT NULL,,
ADRESGDPR,INTEG_19,NOT NULL,,
ADRESGDPR,INTEG_20,NOT NULL,,
ADRESKON,ADRESKON_PK,PRIMARY KEY,IDR,0
ADRESKON,ADRESKON_UNQ_KONTAKT,UNIQUE,IDRADR,0
ADRESKON,ADRESKON_UNQ_KONTAKT,UNIQUE,IDRKON,1
ADRESKON,ADRES_FK_IDRADR,FOREIGN KEY,IDRADR,0
ADRESKON,ADRES_FK_IDRKON,FOREIGN KEY,IDRKON,0
ADRESKON,INTEG_37,NOT NULL,,
ADRESKON,INTEG_38,NOT NULL,,
ADRESKON,INTEG_39,NOT NULL,,
ADRESTYP,ADRESTYP_PK,PRIMARY KEY,IDR,0
ADRESTYP,INTEG_21,NOT NULL,,
AKTAG,AKTAG_CHECK_ID_XX,CHECK,,
AKTAG,AKTAG_CHECK_ID_XX2,CHECK,,
AKTAG,AKTAG_FK_ADRES,FOREIGN KEY,ID_AD,0
AKTAG,AKTAG_FK_AKTIVITY,FOREIGN KEY,ID_AK,0
AKTAG,AKTAG_FK_DMAJET,FOREIGN KEY,ID_MD,0
AKTAG,AKTAG_FK_FAKPR,FOREIGN KEY,ID_FP,0
AKTAG,AKTAG_FK_FAKVY,FOREIGN KEY,ID_FV,0
AKTAG,AKTAG_FK_INTDOK,FOREIGN KEY,ID_ID,0
AKTAG,AKTAG_FK_KONTAKTY,FOREIGN KEY,ID_KT,0
AKTAG,AKTAG_FK_MAJET,FOREIGN KEY,ID_MJ,0
AKTAG,AKTAG_FK_MXIDPOMERU,FOREIGN KEY,ID_MP,0
AKTAG,AKTAG_FK_OBJPR,FOREIGN KEY,ID_OP,0
AKTAG,AKTAG_FK_OBJVY,FOREIGN KEY,ID_OV,0
AKTAG,AKTAG_FK_OPRAVY,FOREIGN KEY,ID_OR,0
AKTAG,AKTAG_FK_OSPOH,FOREIGN KEY,ID_PH,0
AKTAG,AKTAG_FK_OSZAV,FOREIGN KEY,ID_ZV,0
AKTAG,AKTAG_FK_PENDE,FOREIGN KEY,ID_DE,0
AKTAG,AKTAG_FK_POKL,FOREIGN KEY,ID_PK,0
AKTAG,AKTAG_FK_SKKAR,FOREIGN KEY,ID_SK,0
AKTAG,AKTAG_FK_SKPOH,FOREIGN KEY,ID_SP,0
AKTAG,AKTAG_FK_SMLOUVYPR,FOREIGN KEY,ID_LP,0
AKTAG,AKTAG_FK_SMLOUVYVY,FOREIGN KEY,ID_LV,0
AKTAG,AKTAG_FK_UCDE,FOREIGN KEY,ID_UD,0
AKTAG,AKTAG_FK_ZAKAZKA,FOREIGN KEY,ID_ZK,0
AKTAG,AKTAG_FK_ZAPOCTY,FOREIGN KEY,ID_ZP,0
AKTAG,AKTAG_PK,PRIMARY KEY,IDR,0
AKTAG,INTEG_1608,NOT NULL,,
AKTAG,INTEG_1609,NOT NULL,,
AKTIVITKON,AKTIVITKON_FK_IDRKON,FOREIGN KEY,IDRKON,0
AKTIVITKON,AKTIVITKON_FK_IDRM,FOREIGN KEY,IDRM,0
AKTIVITKON,AKTIVITKON_PK,PRIMARY KEY,IDR,0
AKTIVITKON,AKTIVITKON_UNQ_KONTAKT,UNIQUE,IDRM,0
AKTIVITKON,AKTIVITKON_UNQ_KONTAKT,UNIQUE,IDRKON,1
AKTIVITKON,INTEG_63,NOT NULL,,
AKTIVITKON,INTEG_64,NOT NULL,,
AKTIVITKON,INTEG_65,NOT NULL,,
AKTIVITUSR,AKTIVITUSR_FK_IDRM,FOREIGN KEY,IDRM,0
AKTIVITUSR,AKTIVITUSR_FK_USERID,FOREIGN KEY,USERID,0
AKTIVITUSR,AKTIVITUSR_PK,PRIMARY KEY,IDR,0
AKTIVITUSR,INTEG_66,NOT NULL,,
AKTIVITUSR,INTEG_67,NOT NULL,,
AKTIVITUSR,INTEG_68,NOT NULL,,
AKTIVITUSR,INTEG_69,NOT NULL,,
AKTIVITUSR,INTEG_70,NOT NULL,,
AKTIVITY,AKTIVITY_CHECK_PRIORITA,CHECK,,
AKTIVITY,AKTIVITY_CHECK_ROZPRAC,CHECK,,
AKTIVITY,AKTIVITY_FK_ADRES,FOREIGN KEY,ICO,0
AKTIVITY,AKTIVITY_FK_CISLO_ZAK,FOREIGN KEY,CISLO_ZAK,0
AKTIVITY,AKTIVITY_FK_PROJEKTY,FOREIGN KEY,PROJEKT,0
AKTIVITY,AKTIVITY_FK_STREDIS,FOREIGN KEY,STREDISKO,0
AKTIVITY,AKTIVITY_FK_TYPAKTIV,FOREIGN KEY,TYPAKTIV,0
AKTIVITY,AKTIVITY_PK,PRIMARY KEY,IDRM,0
AKTIVITY,AKTIVITY_UNQ_CISLO,UNIQUE,CISLO,0
AKTIVITY,INTEG_58,NOT NULL,,
AKTIVITY,INTEG_59,NOT NULL,,
AKTIVITY,INTEG_60,NOT NULL,,
AKTIVITY,INTEG_61,NOT NULL,,
AKTIVITY,INTEG_62,NOT NULL,,
AUTA,AUTA_CHECK_NORMA,CHECK,,
AUTA,AUTA_FK_PHM,FOREIGN KEY,PALIVO,0
AUTA,AUTA_FK_PHM,FOREIGN KEY,PALIVO_MJ,1
AUTA,AUTA_PK,PRIMARY KEY,IDR,0
AUTA,AUTA_UNQ_SPZ,UNIQUE,SPZ,0
AUTA,INTEG_102,NOT NULL,,
AUTA,INTEG_103,NOT NULL,,
AUTA,INTEG_104,NOT NULL,,
AUTA,INTEG_105,NOT NULL,,
BANKY,BANKY_FK_KODSTAT,FOREIGN KEY,KODSTAT,0
BANKY,BANKY_FK_MENA,FOREIGN KEY,MENA,0
BANKY,BANKY_FK_OSNOVA,FOREIGN KEY,SYNTET,0
BANKY,BANKY_FK_OSNOVA,FOREIGN KEY,ANALYT,1
BANKY,BANKY_FK_STREDIS,FOREIGN KEY,STREDISKO,0
BANKY,BANKY_PK,PRIMARY KEY,IDR,0
BANKY,BANKY_UNQ_IDRMENA,UNIQUE,IDR,0
BANKY,BANKY_UNQ_IDRMENA,UNIQUE,MENA,1
BANKY,INTEG_116,NOT NULL,,
BANKY,INTEG_117,NOT NULL,,
BANKY,INTEG_118,NOT NULL,,
BANOBRAT,BANOBRAT_CHECK_KODUCT,CHECK,,
BANOBRAT,BANOBRAT_CHECK_TYPIMP,CHECK,,
BANOBRAT,BANOBRAT_CHECK_ZDROJ,CHECK,,
BANOBRAT,BANOBRAT_FK_BANOBRAT,FOREIGN KEY,IDRM,0
BANOBRAT,BANOBRAT_FK_BANVYPIS,FOREIGN KEY,IDVYP,0
BANOBRAT,BANOBRAT_FK_FAKPRUHR,FOREIGN KEY,IDUHR_FP,0
BANOBRAT,BANOBRAT_FK_FAKVYUHR,FOREIGN KEY,IDUHR_FV,0
BANOBRAT,BANOBRAT_FK_IDPENDE,FOREIGN KEY,IDPENDE,0
BANOBRAT,BANOBRAT_FK_IDUCDEPOL,FOREIGN KEY,IDUCDEPOL,0
BANOBRAT,BANOBRAT_FK_MENA,FOREIGN KEY,MENA,0
BANOBRAT,BANOBRAT_FK_OBJPR,FOREIGN KEY,IDPAR_OP,0
BANOBRAT,BANOBRAT_FK_OSPOHUHR,FOREIGN KEY,IDUHR_PH,0
BANOBRAT,BANOBRAT_FK_OSZAVUHR,FOREIGN KEY,IDUHR_ZV,0
BANOBRAT,BANOBRAT_FK_PDPOHYBY,FOREIGN KEY,PDSYNTET,0
BANOBRAT,BANOBRAT_FK_PDPOHYBY,FOREIGN KEY,PDANALYT,1
BANOBRAT,BANOBRAT_FK_TYP_POL,FOREIGN KEY,TYP_POL,0
BANOBRAT,BANOBRAT_FK_UCDE,FOREIGN KEY,IDUHR_UD,0
BANOBRAT,BANOBRAT_PK,PRIMARY KEY,IDR,0
BANOBRAT,BANOBRAT_UNQ_IDRMENA,UNIQUE,IDR,0
BANOBRAT,BANOBRAT_UNQ_IDRMENA,UNIQUE,MENA,1
BANOBRAT,INTEG_1011,NOT NULL,,
BANOBRAT,INTEG_1012,NOT NULL,,
BANOBRAT,INTEG_1013,NOT NULL,,
BANOBRAT,INTEG_1014,NOT NULL,,
BANOBRAT,INTEG_1015,NOT NULL,,
BANOBRAT,INTEG_1016,NOT NULL,,
BANOBRAT,INTEG_1017,NOT NULL,,
BANOBRAT,INTEG_1018,NOT NULL,,
BANVYPIS,BANVYPIS_CHECK_TYPIMP,CHECK,,
BANVYPIS,BANVYPIS_FK_BANKY,FOREIGN KEY,IDBANKY,0
BANVYPIS,BANVYPIS_FK_MENA,FOREIGN KEY,MENA,0
BANVYPIS,BANVYPIS_PK,PRIMARY KEY,IDVYP,0
BANVYPIS,INTEG_1000,NOT NULL,,
BANVYPIS,INTEG_1001,NOT NULL,,
BANVYPIS,INTEG_1002,NOT NULL,,
BANVYPIS,INTEG_1003,NOT NULL,,
BANVYPIS,INTEG_1004,NOT NULL,,
BANVYPIS,INTEG_1005,NOT NULL,,
BANVYPIS,INTEG_1006,NOT NULL,,
BANVYPIS,INTEG_1007,NOT NULL,,
BANVYPIS,INTEG_1008,NOT NULL,,
BANVYPIS,INTEG_1009,NOT NULL,,
BANVYPIS,INTEG_1010,NOT NULL,,
BANVYPIS,INTEG_996,NOT NULL,,
BANVYPIS,INTEG_997,NOT NULL,,
BANVYPIS,INTEG_998,NOT NULL,,
BANVYPIS,INTEG_999,NOT NULL,,
BVPROFIL,BVPROFIL_CHECK_TYP,CHECK,,
BVPROFIL,BVPROFIL_FK_USERID,FOREIGN KEY,USERID,0
BVPROFIL,BVPROFIL_PK,PRIMARY KEY,IDR,0
BVPROFIL,INTEG_1019,NOT NULL,,
BVPROFILP,BVPROFILP_FK_REFID,FOREIGN KEY,REFID,0
BVPROFILP,BVPROFILP_PK,PRIMARY KEY,REFID,0
BVPROFILP,BVPROFILP_PK,PRIMARY KEY,ITEMNAME,1
BVPROFILP,BVPROFILP_PK,PRIMARY KEY,PARTNO,2
BVPROFILP,INTEG_1020,NOT NULL,,
BVPROFILP,INTEG_1021,NOT NULL,,
BVPROFILP,INTEG_1022,NOT NULL,,
BVPROFILP,INTEG_1023,NOT NULL,,
CENINT,CENINT_PK,PRIMARY KEY,IDR,0
CENINT,CENINT_UNQ_CASTKA,UNIQUE,ODCASTKA,0
CENINT,CENINT_UNQ_CASTKA,UNIQUE,DOCASTKA,1
CENINT,INTEG_10,NOT NULL,,
CENINT,INTEG_11,NOT NULL,,
CENINT,INTEG_8,NOT NULL,,
CENINT,INTEG_9,NOT NULL,,
CENINY,CENINY_FK_STREDIS,FOREIGN KEY,STREDISKO,0
CENINY,CENINY_PK,PRIMARY KEY,CISLO,0
CENINY,INTEG_138,NOT NULL,,
CENSKUP,CENSKUP_CHECK_CISLO,CHECK,,
CENSKUP,CENSKUP_PK,PRIMARY KEY,IDR,0
CENSKUP,CENSKUP_UNQ_CISLO,UNIQUE,CISLO,0
CENSKUP,INTEG_4,NOT NULL,,
CENSKUP,INTEG_5,NOT NULL,,
CENSKUPPOL,CENSKUPPOL_CHECK_KARTA,CHECK,,
CENSKUPPOL,CENSKUPPOL_CHECK_SDPH,CHECK,,
CENSKUPPOL,CENSKUPPOL_FK_CISKAT,FOREIGN KEY,CISKAT,0
CENSKUPPOL,CENSKUPPOL_FK_CISLOKAR,FOREIGN KEY,CISLOKAR,0
CENSKUPPOL,CENSKUPPOL_FK_IDRCS,FOREIGN KEY,IDRCS,0
CENSKUPPOL,CENSKUPPOL_FK_MENA,FOREIGN KEY,MENA,0
CENSKUPPOL,CENSKUPPOL_FK_SKUPINA,FOREIGN KEY,SKUPINA,0
CENSKUPPOL,CENSKUPPOL_FK_TYP_POL,FOREIGN KEY,TYP_POL,0
CENSKUPPOL,CENSKUPPOL_PK,PRIMARY KEY,IDR,0
CENSKUPPOL,INTEG_6,NOT NULL,,
CENSKUPPOL,INTEG_7,NOT NULL,,
CHARTPAR,CHARTPAR_PK,PRIMARY KEY,IDR,0
CHARTPAR,CHARTPAR_UNQ_USRAGMD,UNIQUE,USERID,0
CHARTPAR,CHARTPAR_UNQ_USRAGMD,UNIQUE,AGENDA,1
CHARTPAR,CHARTPAR_UNQ_USRAGMD,UNIQUE,MASTERID,2
CHARTPAR,CHARTPAR_UNQ_USRAGMD,UNIQUE,DETAILID,3
CHARTPAR,INTEG_71,NOT NULL,,
CHARTPAR,INTEG_72,NOT NULL,,
CHARTPAR,INTEG_73,NOT NULL,,
CHARTPAR,INTEG_74,NOT NULL,,
CINNOSTI,CINNOSTI_PK,PRIMARY KEY,IDR,0
CINNOSTI,CINNOSTI_UNQ_CISLO,UNIQUE,CISLO,0
CINNOSTI,INTEG_144,NOT NULL,,
CINNOSTI,INTEG_145,NOT NULL,,
CINNOSTI,INTEG_146,NOT NULL,,
CINNOSTI,INTEG_147,NOT NULL,,
CISPOKL,CISPOKL_FK_MENY,FOREIGN KEY,MENA,0
CISPOKL,CISPOKL_FK_OSNOVA,FOREIGN KEY,SYNTET,0
CISPOKL,CISPOKL_FK_OSNOVA,FOREIGN KEY,ANALYT,1
CISPOKL,CISPOKL_FK_STREDIS,FOREIGN KEY,STREDISKO,0
CISPOKL,CISPOKL_PK,PRIMARY KEY,IDPOKL,0
CISPOKL,CISPOKL_UNQ_IDENTIF,UNIQUE,IDENTIF,0
CISPOKL,CISPOKL_UNQ_IDPOKLMENA,UNIQUE,IDPOKL,0
CISPOKL,CISPOKL_UNQ_IDPOKLMENA,UNIQUE,MENA,1
CISPOKL,INTEG_1239,NOT NULL,,
CISPOKL,INTEG_1240,NOT NULL,,
CISPOKL,INTEG_1241,NOT NULL,,
CISPOKL,INTEG_1242,NOT NULL,,
CISPOKL,INTEG_1243,NOT NULL,,
CISPOKL,INTEG_1244,NOT NULL,,
CISPOKL,INTEG_1245,NOT NULL,,
CISPOKL,INTEG_1246,NOT NULL,,
CISPOKL,INTEG_1247,NOT NULL,,
CISPOKL,INTEG_1248,NOT NULL,,
CZISCO,CZISCO_PK,PRIMARY KEY,KOD,0
DANURADY,DANURADY_PK,PRIMARY KEY,IDR,0
DANURADY,DANURADY_UNQ_CISLO,UNIQUE,CISLO,0
DANURADY,INTEG_119,NOT NULL,,
DANURADY,INTEG_120,NOT NULL,,
DEFPREDKONT,DEFPREDKONT_CHECK_STEJNEUCTY,CHECK,,
DEFPREDKONT,DEFPREDKONT_CHECK_SYSTEMID,CHECK,,
DEFPREDKONT,DEFPREDKONT_FK_FIRPRPR,FOREIGN KEY,USERID,0
DEFPREDKONT,DEFPREDKONT_FK_OSNOVA_DAL,FOREIGN KEY,DALS,0
DEFPREDKONT,DEFPREDKONT_FK_OSNOVA_DAL,FOREIGN KEY,DALA,1
DEFPREDKONT,DEFPREDKONT_FK_OSNOVA_MADAT,FOREIGN KEY,MADATS,0
DEFPREDKONT,DEFPREDKONT_FK_OSNOVA_MADAT,FOREIGN KEY,MADATA,1
DEFPREDKONT,DEFPREDKONT_PK,PRIMARY KEY,IDR,0
DEFPREDKONT,DEFPREDKONT_UNQ_USERIDORDERID,UNIQUE,USERID,0
DEFPREDKONT,DEFPREDKONT_UNQ_USERIDORDERID,UNIQUE,ORDERID,1
DEFPREDKONT,DEFPREDKONT_UNQ_USERIDSYSTEMID,UNIQUE,USERID,0
DEFPREDKONT,DEFPREDKONT_UNQ_USERIDSYSTEMID,UNIQUE,SYSTEMID,1
DEFPREDKONT,INTEG_405,NOT NULL,,
DEFPREDKONT,INTEG_406,NOT NULL,,
DEFPREDKONT,INTEG_407,NOT NULL,,
DEFPREDKONT,INTEG_408,NOT NULL,,
DEFPREDKONT,INTEG_409,NOT NULL,,
DEFPREDKONT,INTEG_410,NOT NULL,,
DEFPREDKONT,INTEG_411,NOT NULL,,
DEFPREDKONT,INTEG_412,NOT NULL,,
DENIKREP,DENIKREP_PK,PRIMARY KEY,IDR,0
DENIKREP,INTEG_954,NOT NULL,,
DENIKREP,INTEG_955,NOT NULL,,
DENIKREP,INTEG_956,NOT NULL,,
DMAJET,DMAJET_CHECK_DATZARAVYRA,CHECK,,
DMAJET,DMAJET_CHECK_DRUH,CHECK,,
DMAJET,DMAJET_FK_EMMISTA,FOREIGN KEY,STREDISKO,0
DMAJET,DMAJET_FK_EMMISTA,FOREIGN KEY,MISTO,1
DMAJET,DMAJET_FK_EMVOLKAT1,FOREIGN KEY,VOLKAT1,0
DMAJET,DMAJET_FK_EMVOLKAT2,FOREIGN KEY,VOLKAT2,0
DMAJET,DMAJET_PK,PRIMARY KEY,IDR,0
DMAJET,DMAJET_UNQ_CISLO,UNIQUE,CISLO,0
DMAJET,INTEG_153,NOT NULL,,
DMAJET,INTEG_154,NOT NULL,,
DMAJET,INTEG_155,NOT NULL,,
DMAJET,INTEG_156,NOT NULL,,
DMAJET,INTEG_157,NOT NULL,,
DMAJET,INTEG_158,NOT NULL,,
DOCEVENT,DOCEVENT_CHECK_ID_XX,CHECK,,
DOCEVENT,DOCEVENT_CHECK_ID_XX2,CHECK,,
DOCEVENT,DOCEVENT_FK_FAKVY,FOREIGN KEY,ID_FV,0
DOCEVENT,DOCEVENT_FK_SKPOH,FOREIGN KEY,ID_SP,0
DOCEVENT,DOCEVENT_PK,PRIMARY KEY,IDR,0
DOCEVENT,DOCEVENT_UNQ_IDX,UNIQUE,EVENTTYPE,0
DOCEVENT,DOCEVENT_UNQ_IDX,UNIQUE,ID_FV,1
DOCEVENT,DOCEVENT_UNQ_IDX,UNIQUE,ID_SP,2
DOCEVENT,INTEG_80,NOT NULL,,
DOCEVENT,INTEG_81,NOT NULL,,
DOCEVENT,INTEG_82,NOT NULL,,
DOCSELECT,DOCSELECT_CHECK_ID_XX,CHECK,,
DOCSELECT,DOCSELECT_CHECK_ID_XX2,CHECK,,
DOCSELECT,DOCSELECT_FK_FAKPR,FOREIGN KEY,ID_FP,0
DOCSELECT,DOCSELECT_FK_FAKVY,FOREIGN KEY,ID_FV,0
DOCSELECT,DOCSELECT_FK_INTDOK,FOREIGN KEY,ID_ID,0
DOCSELECT,DOCSELECT_FK_OSPOH,FOREIGN KEY,ID_PH,0
DOCSELECT,DOCSELECT_FK_OSZAV,FOREIGN KEY,ID_ZV,0
DOCSELECT,DOCSELECT_FK_POKL,FOREIGN KEY,ID_PK,0
DOCSELECT,DOCSELECT_PK,PRIMARY KEY,IDR,0
DOCSELECT,DOCSELECT_UNQ_ID_IDX,UNIQUE,SELTYPE,0
DOCSELECT,DOCSELECT_UNQ_ID_IDX,UNIQUE,USERID,1
DOCSELECT,DOCSELECT_UNQ_ID_IDX,UNIQUE,ID_FV,2
DOCSELECT,DOCSELECT_UNQ_ID_IDX,UNIQUE,ID_FP,3
DOCSELECT,DOCSELECT_UNQ_ID_IDX,UNIQUE,ID_PH,4
DOCSELECT,DOCSELECT_UNQ_ID_IDX,UNIQUE,ID_ZV,5
DOCSELECT,DOCSELECT_UNQ_ID_IDX,UNIQUE,ID_PK,6
DOCSELECT,DOCSELECT_UNQ_ID_IDX,UNIQUE,ID_ID,7
DOCSELECT,INTEG_83,NOT NULL,,
DOCSELECT,INTEG_84,NOT NULL,,
DOCSTORE,DOCSTORE_PK,PRIMARY KEY,IDR,0
DOCSTORE,DOCSTORE_UNQ_DOCNAME,UNIQUE,DOCNAME,0
DOCSTORE,INTEG_75,NOT NULL,,
DOCSTORE,INTEG_76,NOT NULL,,
DOCSTORE,INTEG_77,NOT NULL,,
DOCSTORED,DOCSTORED_CHECK_ID_XX,CHECK,,
DOCSTORED,DOCSTORED_CHECK_ID_XX2,CHECK,,
DOCSTORED,DOCSTORED_FK_ADRES,FOREIGN KEY,ID_AD,0
DOCSTORED,DOCSTORED_FK_AKTIVITY,FOREIGN KEY,ID_AK,0
DOCSTORED,DOCSTORED_FK_AUTA,FOREIGN KEY,ID_JA,0
DOCSTORED,DOCSTORED_FK_BANVYPIS,FOREIGN KEY,ID_BV,0
DOCSTORED,DOCSTORED_FK_DMAJET,FOREIGN KEY,ID_MD,0
DOCSTORED,DOCSTORED_FK_DOCSTORE,FOREIGN KEY,IDRM,0
DOCSTORED,DOCSTORED_FK_DPHOSSVYK,FOREIGN KEY,ID_OS,0
DOCSTORED,DOCSTORED_FK_DPHPRIZ,FOREIGN KEY,ID_DP,0
DOCSTORED,DOCSTORED_FK_FAKPR,FOREIGN KEY,ID_FP,0
DOCSTORED,DOCSTORED_FK_FAKVY,FOREIGN KEY,ID_FV,0
DOCSTORED,DOCSTORED_FK_INTDOK,FOREIGN KEY,ID_ID,0
DOCSTORED,DOCSTORED_FK_JAZDY,FOREIGN KEY,ID_KJ,0
DOCSTORED,DOCSTORED_FK_KONTAKTY,FOREIGN KEY,ID_KT,0
DOCSTORED,DOCSTORED_FK_MAJET,FOREIGN KEY,ID_MJ,0
DOCSTORED,DOCSTORED_FK_MXIDPOMERU,FOREIGN KEY,ID_MP,0
DOCSTORED,DOCSTORED_FK_OBJPR,FOREIGN KEY,ID_OP,0
DOCSTORED,DOCSTORED_FK_OBJVY,FOREIGN KEY,ID_OV,0
DOCSTORED,DOCSTORED_FK_OPRAVY,FOREIGN KEY,ID_OR,0
DOCSTORED,DOCSTORED_FK_OSPOH,FOREIGN KEY,ID_PH,0
DOCSTORED,DOCSTORED_FK_OSZAV,FOREIGN KEY,ID_ZV,0
DOCSTORED,DOCSTORED_FK_PENDE,FOREIGN KEY,ID_DE,0
DOCSTORED,DOCSTORED_FK_POKL,FOREIGN KEY,ID_PK,0
DOCSTORED,DOCSTORED_FK_PPRIJPOSTA,FOREIGN KEY,ID_PR,0
DOCSTORED,DOCSTORED_FK_PROJEKTY,FOREIGN KEY,ID_CP,0
DOCSTORED,DOCSTORED_FK_PZASILKY,FOREIGN KEY,ID_ZA,0
DOCSTORED,DOCSTORED_FK_SKKAR,FOREIGN KEY,ID_SK,0
DOCSTORED,DOCSTORED_FK_SKPOH,FOREIGN KEY,ID_SP,0
DOCSTORED,DOCSTORED_FK_SMLOUVYPR,FOREIGN KEY,ID_LP,0
DOCSTORED,DOCSTORED_FK_SMLOUVYVY,FOREIGN KEY,ID_LV,0
DOCSTORED,DOCSTORED_FK_UCDE,FOREIGN KEY,ID_UD,0
DOCSTORED,DOCSTORED_FK_ZAKAZKA,FOREIGN KEY,ID_ZK,0
DOCSTORED,DOCSTORED_FK_ZAPOCTY,FOREIGN KEY,ID_ZP,0
DOCSTORED,DOCSTORED_PK,PRIMARY KEY,IDR,0
DOCSTORED,DOCSTORED_UNQ_ID_AD,UNIQUE,IDRM,0
DOCSTORED,DOCSTORED_UNQ_ID_AD,UNIQUE,ID_AD,1
DOCSTORED,DOCSTORED_UNQ_ID_AK,UNIQUE,IDRM,0
DOCSTORED,DOCSTORED_UNQ_ID_AK,UNIQUE,ID_AK,1
DOCSTORED,DOCSTORED_UNQ_ID_BV,UNIQUE,IDRM,0
DOCSTORED,DOCSTORED_UNQ_ID_BV,UNIQUE,ID_BV,1
DOCSTORED,DOCSTORED_UNQ_ID_CP,UNIQUE,IDRM,0
DOCSTORED,DOCSTORED_UNQ_ID_CP,UNIQUE,ID_CP,1
DOCSTORED,DOCSTORED_UNQ_ID_DE,UNIQUE,IDRM,0
DOCSTORED,DOCSTORED_UNQ_ID_DE,UNIQUE,ID_DE,1
DOCSTORED,DOCSTORED_UNQ_ID_DP,UNIQUE,IDRM,0
DOCSTORED,DOCSTORED_UNQ_ID_DP,UNIQUE,ID_DP,1
DOCSTORED,DOCSTORED_UNQ_ID_FP,UNIQUE,IDRM,0
DOCSTORED,DOCSTORED_UNQ_ID_FP,UNIQUE,ID_FP,1
DOCSTORED,DOCSTORED_UNQ_ID_FV,UNIQUE,IDRM,0
DOCSTORED,DOCSTORED_UNQ_ID_FV,UNIQUE,ID_FV,1
DOCSTORED,DOCSTORED_UNQ_ID_ID,UNIQUE,IDRM,0
DOCSTORED,DOCSTORED_UNQ_ID_ID,UNIQUE,ID_ID,1
DOCSTORED,DOCSTORED_UNQ_ID_JA,UNIQUE,IDRM,0
DOCSTORED,DOCSTORED_UNQ_ID_JA,UNIQUE,ID_JA,1
DOCSTORED,DOCSTORED_UNQ_ID_KJ,UNIQUE,IDRM,0
DOCSTORED,DOCSTORED_UNQ_ID_KJ,UNIQUE,ID_KJ,1
DOCSTORED,DOCSTORED_UNQ_ID_KT,UNIQUE,IDRM,0
DOCSTORED,DOCSTORED_UNQ_ID_KT,UNIQUE,ID_KT,1
DOCSTORED,DOCSTORED_UNQ_ID_LP,UNIQUE,IDRM,0
DOCSTORED,DOCSTORED_UNQ_ID_LP,UNIQUE,ID_LP,1
DOCSTORED,DOCSTORED_UNQ_ID_LV,UNIQUE,IDRM,0
DOCSTORED,DOCSTORED_UNQ_ID_LV,UNIQUE,ID_LV,1
DOCSTORED,DOCSTORED_UNQ_ID_MD,UNIQUE,IDRM,0
DOCSTORED,DOCSTORED_UNQ_ID_MD,UNIQUE,ID_MD,1
DOCSTORED,DOCSTORED_UNQ_ID_MJ,UNIQUE,IDRM,0
DOCSTORED,DOCSTORED_UNQ_ID_MJ,UNIQUE,ID_MJ,1
DOCSTORED,DOCSTORED_UNQ_ID_MP,UNIQUE,IDRM,0
DOCSTORED,DOCSTORED_UNQ_ID_MP,UNIQUE,ID_MP,1
DOCSTORED,DOCSTORED_UNQ_ID_OP,UNIQUE,IDRM,0
DOCSTORED,DOCSTORED_UNQ_ID_OP,UNIQUE,ID_OP,1
DOCSTORED,DOCSTORED_UNQ_ID_OR,UNIQUE,IDRM,0
DOCSTORED,DOCSTORED_UNQ_ID_OR,UNIQUE,ID_OR,1
DOCSTORED,DOCSTORED_UNQ_ID_OS,UNIQUE,IDRM,0
DOCSTORED,DOCSTORED_UNQ_ID_OS,UNIQUE,ID_OS,1
DOCSTORED,DOCSTORED_UNQ_ID_OV,UNIQUE,IDRM,0
DOCSTORED,DOCSTORED_UNQ_ID_OV,UNIQUE,ID_OV,1
DOCSTORED,DOCSTORED_UNQ_ID_PH,UNIQUE,IDRM,0
DOCSTORED,DOCSTORED_UNQ_ID_PH,UNIQUE,ID_PH,1
DOCSTORED,DOCSTORED_UNQ_ID_PK,UNIQUE,IDRM,0
DOCSTORED,DOCSTORED_UNQ_ID_PK,UNIQUE,ID_PK,1
DOCSTORED,DOCSTORED_UNQ_ID_PR,UNIQUE,IDRM,0
DOCSTORED,DOCSTORED_UNQ_ID_PR,UNIQUE,ID_PR,1
DOCSTORED,DOCSTORED_UNQ_ID_SK,UNIQUE,IDRM,0
DOCSTORED,DOCSTORED_UNQ_ID_SK,UNIQUE,ID_SK,1
DOCSTORED,DOCSTORED_UNQ_ID_SP,UNIQUE,IDRM,0
DOCSTORED,DOCSTORED_UNQ_ID_SP,UNIQUE,ID_SP,1
DOCSTORED,DOCSTORED_UNQ_ID_UD,UNIQUE,IDRM,0
DOCSTORED,DOCSTORED_UNQ_ID_UD,UNIQUE,ID_UD,1
DOCSTORED,DOCSTORED_UNQ_ID_ZA,UNIQUE,IDRM,0
DOCSTORED,DOCSTORED_UNQ_ID_ZA,UNIQUE,ID_ZA,1
DOCSTORED,DOCSTORED_UNQ_ID_ZK,UNIQUE,IDRM,0
DOCSTORED,DOCSTORED_UNQ_ID_ZK,UNIQUE,ID_ZK,1
DOCSTORED,DOCSTORED_UNQ_ID_ZP,UNIQUE,IDRM,0
DOCSTORED,DOCSTORED_UNQ_ID_ZP,UNIQUE,ID_ZP,1
DOCSTORED,DOCSTORED_UNQ_ID_ZV,UNIQUE,IDRM,0
DOCSTORED,DOCSTORED_UNQ_ID_ZV,UNIQUE,ID_ZV,1
DOCSTORED,INTEG_78,NOT NULL,,
DOCSTORED,INTEG_79,NOT NULL,,
DODPODM,DODPODM_PK,PRIMARY KEY,IDR,0
DODPODM,DODPODM_UNQ_KOD,UNIQUE,KOD,0
DODPODM,INTEG_1326,NOT NULL,,
DODPODM,INTEG_1327,NOT NULL,,
DODPODM,INTEG_1328,NOT NULL,,
DOKLADY,DOKLADY_FK_MENY,FOREIGN KEY,MENA,0
DOKLADY,DOKLADY_FK_SKKAR,FOREIGN KEY,CISLOKAR,0
DOKLADY,DOKLADY_PK,PRIMARY KEY,IDR,0
DOKLADY,INTEG_416,NOT NULL,,
DOKLADY,INTEG_417,NOT NULL,,
DOKLADY,INTEG_418,NOT NULL,,
DOKLADY,INTEG_419,NOT NULL,,
DOPLMJ,DOPLMJ_PK,PRIMARY KEY,IDR,0
DOPLMJ,DOPLMJ_UNQ_KOD,UNIQUE,KOD,0
DOPLMJ,INTEG_1317,NOT NULL,,
DOPLMJ,INTEG_1318,NOT NULL,,
DOPLMJ,INTEG_1319,NOT NULL,,
DPHEVID,DPHEVID_CHECK_KVARTAL,CHECK,,
DPHEVID,DPHEVID_CHECK_TYP,CHECK,,
DPHEVID,DPHEVID_PK,PRIMARY KEY,IDR,0
DPHEVID,INTEG_1103,NOT NULL,,
DPHEVID,INTEG_1104,NOT NULL,,
DPHEVID,INTEG_1105,NOT NULL,,
DPHEVID,INTEG_1106,NOT NULL,,
DPHEVIDPAR,DPHEVIDPAR_FK_REFID,FOREIGN KEY,REFID,0
DPHEVIDPAR,DPHEVIDPAR_PK,PRIMARY KEY,REFID,0
DPHEVIDPAR,DPHEVIDPAR_PK,PRIMARY KEY,ITEMNAME,1
DPHEVIDPAR,DPHEVIDPAR_PK,PRIMARY KEY,PARTNO,2
DPHEVIDPAR,INTEG_1113,NOT NULL,,
DPHEVIDPAR,INTEG_1114,NOT NULL,,
DPHEVIDPAR,INTEG_1115,NOT NULL,,
DPHEVIDPAR,INTEG_1116,NOT NULL,,
DPHEVIDPOL,DPHEVIDPOL_FK_REFID,FOREIGN KEY,REFID,0
DPHEVIDPOL,DPHEVIDPOL_PK,PRIMARY KEY,IDR,0
DPHEVIDPOL,INTEG_1107,NOT NULL,,
DPHEVIDPOL,INTEG_1108,NOT NULL,,
DPHEVIDPOL,INTEG_1109,NOT NULL,,
DPHEVIDPOL,INTEG_1110,NOT NULL,,
DPHEVIDPOL,INTEG_1111,NOT NULL,,
DPHEVIDPOL,INTEG_1112,NOT NULL,,
DPHKH,DPHKH_CHECK_KVARTAL,CHECK,,
DPHKH,DPHKH_CHECK_TYP,CHECK,,
DPHKH,DPHKH_PK,PRIMARY KEY,IDR,0
DPHKH,INTEG_1164,NOT NULL,,
DPHKH,INTEG_1165,NOT NULL,,
DPHKH,INTEG_1166,NOT NULL,,
DPHKH,INTEG_1167,NOT NULL,,
DPHKHPAR,DPHKHPAR_FK_REFID,FOREIGN KEY,REFID,0
DPHKHPAR,DPHKHPAR_PK,PRIMARY KEY,REFID,0
DPHKHPAR,DPHKHPAR_PK,PRIMARY KEY,ITEMNAME,1
DPHKHPAR,DPHKHPAR_PK,PRIMARY KEY,PARTNO,2
DPHKHPAR,INTEG_1179,NOT NULL,,
DPHKHPAR,INTEG_1180,NOT NULL,,
DPHKHPAR,INTEG_1181,NOT NULL,,
DPHKHPAR,INTEG_1182,NOT NULL,,
DPHKHPOL,DPHKHPOL_CHECK_OPRAVADANE,CHECK,,
DPHKHPOL,DPHKHPOL_CHECK_REZIMPLN,CHECK,,
DPHKHPOL,DPHKHPOL_FK_REFID,FOREIGN KEY,REFID,0
DPHKHPOL,DPHKHPOL_PK,PRIMARY KEY,IDR,0
DPHKHPOL,INTEG_1168,NOT NULL,,
DPHKHPOL,INTEG_1169,NOT NULL,,
DPHKHPOL,INTEG_1170,NOT NULL,,
DPHKHPOL,INTEG_1171,NOT NULL,,
DPHKHPOL,INTEG_1172,NOT NULL,,
DPHKHPOL,INTEG_1173,NOT NULL,,
DPHKHPOL,INTEG_1174,NOT NULL,,
DPHKHPOL,INTEG_1175,NOT NULL,,
DPHKHPOL,INTEG_1176,NOT NULL,,
DPHKHPOL,INTEG_1177,NOT NULL,,
DPHKHPOL,INTEG_1178,NOT NULL,,
DPHKV,DPHKV_CHECK_KVARTAL,CHECK,,
DPHKV,DPHKV_CHECK_TYP,CHECK,,
DPHKV,DPHKV_PK,PRIMARY KEY,IDR,0
DPHKV,INTEG_1144,NOT NULL,,
DPHKV,INTEG_1145,NOT NULL,,
DPHKV,INTEG_1146,NOT NULL,,
DPHKV,INTEG_1147,NOT NULL,,
DPHKVPAR,DPHKVPAR_FK_REFID,FOREIGN KEY,REFID,0
DPHKVPAR,DPHKVPAR_PK,PRIMARY KEY,REFID,0
DPHKVPAR,DPHKVPAR_PK,PRIMARY KEY,ITEMNAME,1
DPHKVPAR,DPHKVPAR_PK,PRIMARY KEY,PARTNO,2
DPHKVPAR,INTEG_1160,NOT NULL,,
DPHKVPAR,INTEG_1161,NOT NULL,,
DPHKVPAR,INTEG_1162,NOT NULL,,
DPHKVPAR,INTEG_1163,NOT NULL,,
DPHKVPOL,DPHKVPOL_CHECK_DRUHTOVARU,CHECK,,
DPHKVPOL,DPHKVPOL_CHECK_KODOPRAVY,CHECK,,
DPHKVPOL,DPHKVPOL_FK_REFID,FOREIGN KEY,REFID,0
DPHKVPOL,DPHKVPOL_PK,PRIMARY KEY,IDR,0
DPHKVPOL,INTEG_1148,NOT NULL,,
DPHKVPOL,INTEG_1149,NOT NULL,,
DPHKVPOL,INTEG_1150,NOT NULL,,
DPHKVPOL,INTEG_1151,NOT NULL,,
DPHKVPOL,INTEG_1152,NOT NULL,,
DPHKVPOL,INTEG_1153,NOT NULL,,
DPHKVPOL,INTEG_1154,NOT NULL,,
DPHKVPOL,INTEG_1155,NOT NULL,,
DPHKVPOL,INTEG_1156,NOT NULL,,
DPHKVPOL,INTEG_1157,NOT NULL,,
DPHKVPOL,INTEG_1158,NOT NULL,,
DPHKVPOL,INTEG_1159,NOT NULL,,
DPHMOSS,DPHMOSS_FK_KODSTAT,FOREIGN KEY,KODSTAT,0
DPHMOSS,DPHMOSS_FK_MENA,FOREIGN KEY,MENA,0
DPHMOSS,DPHMOSS_FK_OSNOVA1,FOREIGN KEY,SYNTET1,0
DPHMOSS,DPHMOSS_FK_OSNOVA1,FOREIGN KEY,ANALYT1,1
DPHMOSS,DPHMOSS_FK_OSNOVA2,FOREIGN KEY,SYNTET2,0
DPHMOSS,DPHMOSS_FK_OSNOVA2,FOREIGN KEY,ANALYT2,1
DPHMOSS,DPHMOSS_PK,PRIMARY KEY,IDR,0
DPHMOSS,DPHMOSS_UNQ_KODSTAT,UNIQUE,KODSTAT,0
DPHMOSS,INTEG_1184,NOT NULL,,
DPHMOSSVP,DPHMOSSVP_CHECK_TYPSAZBYDPH,CHECK,,
DPHMOSSVP,DPHMOSSVP_FK_REFID,FOREIGN KEY,REFID,0
DPHMOSSVP,DPHMOSSVP_FK_STATDOD,FOREIGN KEY,STATDOD,0
DPHMOSSVP,DPHMOSSVP_FK_STATSPOTR,FOREIGN KEY,STATSPOTR,0
DPHMOSSVP,DPHMOSSVP_PK,PRIMARY KEY,IDR,0
DPHMOSSVP,INTEG_1121,NOT NULL,,
DPHMOSSVP,INTEG_1122,NOT NULL,,
DPHMOSSVP,INTEG_1123,NOT NULL,,
DPHMOSSVP,INTEG_1124,NOT NULL,,
DPHMOSSVP,INTEG_1125,NOT NULL,,
DPHMOSSVP,INTEG_1126,NOT NULL,,
DPHMOSSVPR,DPHMOSSVPR_FK_REFID,FOREIGN KEY,REFID,0
DPHMOSSVPR,DPHMOSSVPR_PK,PRIMARY KEY,REFID,0
DPHMOSSVPR,DPHMOSSVPR_PK,PRIMARY KEY,ITEMNAME,1
DPHMOSSVPR,DPHMOSSVPR_PK,PRIMARY KEY,PARTNO,2
DPHMOSSVPR,INTEG_1127,NOT NULL,,
DPHMOSSVPR,INTEG_1128,NOT NULL,,
DPHMOSSVPR,INTEG_1129,NOT NULL,,
DPHMOSSVPR,INTEG_1130,NOT NULL,,
DPHMOSSVYK,DPHMOSSVYK_CHECK_KVARTAL,CHECK,,
DPHMOSSVYK,DPHMOSSVYK_CHECK_TYP,CHECK,,
DPHMOSSVYK,DPHMOSSVYK_PK,PRIMARY KEY,IDR,0
DPHMOSSVYK,INTEG_1117,NOT NULL,,
DPHMOSSVYK,INTEG_1118,NOT NULL,,
DPHMOSSVYK,INTEG_1119,NOT NULL,,
DPHMOSSVYK,INTEG_1120,NOT NULL,,
DPHOSSVP,DPHOSSVP_CHECK_TYPDOD,CHECK,,
DPHOSSVP,DPHOSSVP_CHECK_TYPSAZBYDPH,CHECK,,
DPHOSSVP,DPHOSSVP_FK_REFID,FOREIGN KEY,REFID,0
DPHOSSVP,DPHOSSVP_FK_STATSPOTR,FOREIGN KEY,STATSPOTR,0
DPHOSSVP,DPHOSSVP_PK,PRIMARY KEY,IDR,0
DPHOSSVP,INTEG_1135,NOT NULL,,
DPHOSSVP,INTEG_1136,NOT NULL,,
DPHOSSVP,INTEG_1137,NOT NULL,,
DPHOSSVP,INTEG_1138,NOT NULL,,
DPHOSSVP,INTEG_1139,NOT NULL,,
DPHOSSVPR,DPHOSSVPR_FK_REFID,FOREIGN KEY,REFID,0
DPHOSSVPR,DPHOSSVPR_PK,PRIMARY KEY,REFID,0
DPHOSSVPR,DPHOSSVPR_PK,PRIMARY KEY,ITEMNAME,1
DPHOSSVPR,DPHOSSVPR_PK,PRIMARY KEY,PARTNO,2
DPHOSSVPR,INTEG_1140,NOT NULL,,
DPHOSSVPR,INTEG_1141,NOT NULL,,
DPHOSSVPR,INTEG_1142,NOT NULL,,
DPHOSSVPR,INTEG_1143,NOT NULL,,
DPHOSSVYK,DPHOSSVYK_CHECK_KVARTAL,CHECK,,
DPHOSSVYK,DPHOSSVYK_CHECK_TYP,CHECK,,
DPHOSSVYK,DPHOSSVYK_PK,PRIMARY KEY,IDR,0
DPHOSSVYK,INTEG_1131,NOT NULL,,
DPHOSSVYK,INTEG_1132,NOT NULL,,
DPHOSSVYK,INTEG_1133,NOT NULL,,
DPHOSSVYK,INTEG_1134,NOT NULL,,
DPHPRIZ,DPHPRIZ_CHECK_KVARTAL,CHECK,,
DPHPRIZ,DPHPRIZ_PK,PRIMARY KEY,DPHID,0
DPHPRIZ,INTEG_1072,NOT NULL,,
DPHPRIZ,INTEG_1073,NOT NULL,,
DPHPRIZ,INTEG_1074,NOT NULL,,
DPHPRIZ,INTEG_1075,NOT NULL,,
DPHPRIZ,INTEG_1076,NOT NULL,,
DPHPRIZ,INTEG_1077,NOT NULL,,
DPHPRIZP,DPHPRIZP_FK_DPHID,FOREIGN KEY,DPHID,0
DPHPRIZP,DPHPRIZP_PK,PRIMARY KEY,DPHID,0
DPHPRIZP,DPHPRIZP_PK,PRIMARY KEY,ITEMNAME,1
DPHPRIZP,DPHPRIZP_PK,PRIMARY KEY,PARTNO,2
DPHPRIZP,INTEG_1078,NOT NULL,,
DPHPRIZP,INTEG_1079,NOT NULL,,
DPHPRIZP,INTEG_1080,NOT NULL,,
DPHPRIZP,INTEG_1081,NOT NULL,,
DPHPRIZUHR,DPHPRIZUHR_FK_DPHID,FOREIGN KEY,DPHID,0
DPHPRIZUHR,DPHPRIZUHR_FK_DPHID_PROP,FOREIGN KEY,DPHID_PROP,0
DPHPRIZUHR,DPHPRIZUHR_PK,PRIMARY KEY,IDR,0
DPHPRIZUHR,INTEG_1082,NOT NULL,,
DPHPRIZUHR,INTEG_1083,NOT NULL,,
DPHPRIZUHR,INTEG_1084,NOT NULL,,
DPHPRIZUHR,INTEG_1085,NOT NULL,,
DPHPRIZUHR,INTEG_1086,NOT NULL,,
DPHREGEU,DPHREGEU_FK_FIRPOB,FOREIGN KEY,IDFIRPOB,0
DPHREGEU,DPHREGEU_FK_KODSTAT,FOREIGN KEY,KODSTAT,0
DPHREGEU,DPHREGEU_FK_MENA,FOREIGN KEY,MENA,0
DPHREGEU,DPHREGEU_FK_OSNOVA1,FOREIGN KEY,SYNTET1,0
DPHREGEU,DPHREGEU_FK_OSNOVA1,FOREIGN KEY,ANALYT1,1
DPHREGEU,DPHREGEU_FK_OSNOVA2,FOREIGN KEY,SYNTET2,0
DPHREGEU,DPHREGEU_FK_OSNOVA2,FOREIGN KEY,ANALYT2,1
DPHREGEU,DPHREGEU_PK,PRIMARY KEY,IDR,0
DPHREGEU,DPHREGEU_STAT_VATNUM,CHECK,,
DPHREGEU,DPHREGEU_UNQ_KODSTAT,UNIQUE,KODSTAT,0
DPHREGEU,DPHREGEU_UNQ_VATNUMBER,UNIQUE,VATNUMBER,0
DPHREGEU,INTEG_1183,NOT NULL,,
DPHSH,DPHSH_CHECK_KVARTAL,CHECK,,
DPHSH,DPHSH_PK,PRIMARY KEY,DPHSHID,0
DPHSH,INTEG_1087,NOT NULL,,
DPHSH,INTEG_1088,NOT NULL,,
DPHSH,INTEG_1089,NOT NULL,,
DPHSH,INTEG_1090,NOT NULL,,
DPHSHCOS,DPHSHCOS_CHECK_KODZAZNAMU,CHECK,,
DPHSHCOS,DPHSHCOS_FK_DPHSHID,FOREIGN KEY,DPHSHID,0
DPHSHCOS,DPHSHCOS_PK,PRIMARY KEY,IDR,0
DPHSHCOS,INTEG_1096,NOT NULL,,
DPHSHCOS,INTEG_1097,NOT NULL,,
DPHSHCOS,INTEG_1098,NOT NULL,,
DPHSHPAR,DPHSHPAR_FK_DPHID,FOREIGN KEY,DPHID,0
DPHSHPAR,DPHSHPAR_PK,PRIMARY KEY,DPHID,0
DPHSHPAR,DPHSHPAR_PK,PRIMARY KEY,ITEMNAME,1
DPHSHPAR,DPHSHPAR_PK,PRIMARY KEY,PARTNO,2
DPHSHPAR,INTEG_1099,NOT NULL,,
DPHSHPAR,INTEG_1100,NOT NULL,,
DPHSHPAR,INTEG_1101,NOT NULL,,
DPHSHPAR,INTEG_1102,NOT NULL,,
DPHSHPOL,DPHSHPOL_FK_DPHSHID,FOREIGN KEY,DPHSHID,0
DPHSHPOL,DPHSHPOL_FK_KODPLNENI,FOREIGN KEY,KODPLNENI,0
DPHSHPOL,DPHSHPOL_PK,PRIMARY KEY,IDR,0
DPHSHPOL,INTEG_1091,NOT NULL,,
DPHSHPOL,INTEG_1092,NOT NULL,,
DPHSHPOL,INTEG_1093,NOT NULL,,
DPHSHPOL,INTEG_1094,NOT NULL,,
DPHSHPOL,INTEG_1095,NOT NULL,,
DRUHDOPR,DRUHDOPR_PK,PRIMARY KEY,IDR,0
DRUHDOPR,DRUHDOPR_UNQ_KOD,UNIQUE,KOD,0
DRUHDOPR,INTEG_1329,NOT NULL,,
DRUHDOPR,INTEG_1330,NOT NULL,,
DRUHDOPR,INTEG_1331,NOT NULL,,
EET_LOG,EET_LOG_CHECK_ID_DIC,CHECK,,
EET_LOG,EET_LOG_CHECK_ID_IDRPRF,CHECK,,
EET_LOG,EET_LOG_CHECK_ID_OP,CHECK,,
EET_LOG,EET_LOG_CHECK_ID_XX,CHECK,,
EET_LOG,EET_LOG_CHECK_TRZBA,CHECK,,
EET_LOG,EET_LOG_FK_FAKVY,FOREIGN KEY,ID_FV,0
EET_LOG,EET_LOG_FK_IDRPRF,FOREIGN KEY,IDRPRF,0
EET_LOG,EET_LOG_FK_MOARCHIV,FOREIGN KEY,ID_MO,0
EET_LOG,EET_LOG_FK_OBJPR,FOREIGN KEY,ID_OP,0
EET_LOG,EET_LOG_FK_OPRAVY,FOREIGN KEY,ID_OR,0
EET_LOG,EET_LOG_FK_OSPOH,FOREIGN KEY,ID_PH,0
EET_LOG,EET_LOG_FK_POKL,FOREIGN KEY,ID_PP,0
EET_LOG,EET_LOG_FK_SKPOH,FOREIGN KEY,ID_SV,0
EET_LOG,EET_LOG_PK,PRIMARY KEY,IDR,0
EET_LOG,EET_LOG_PROVOZOVNA,CHECK,,
EET_LOG,EET_LOG_REZIMTRZBY,CHECK,,
EET_LOG,EET_LOG_STATUS,CHECK,,
EET_LOG,INTEG_1593,NOT NULL,,
EET_LOG,INTEG_1594,NOT NULL,,
EET_LOG,INTEG_1595,NOT NULL,,
EET_LOG,INTEG_1596,NOT NULL,,
EET_LOG,INTEG_1597,NOT NULL,,
EET_LOG,INTEG_1598,NOT NULL,,
EET_LOG,INTEG_1599,NOT NULL,,
EET_LOG,INTEG_1600,NOT NULL,,
EET_LOG,INTEG_1601,NOT NULL,,
EET_LOG,INTEG_1602,NOT NULL,,
EET_PROFIL,EET_PROFIL_IDPROVOZ,CHECK,,
EET_PROFIL,EET_PROFIL_PK,PRIMARY KEY,IDR,0
EET_PROFIL,EET_PROFIL_REZIMTRZBY,CHECK,,
EET_PROFIL,EET_PROFIL_UQ,UNIQUE,KOD,0
EET_PROFIL,INTEG_1589,NOT NULL,,
EET_PROFIL,INTEG_1590,NOT NULL,,
EET_PROFIL,INTEG_1591,NOT NULL,,
EET_PROFIL,INTEG_1592,NOT NULL,,
EFDIR,EFDIR_PK,PRIMARY KEY,FILEID,0
EFDIR,INTEG_159,NOT NULL,,
EKASA_LOG,EKASA_LOG_CHECK_ID_XX,CHECK,,
EKASA_LOG,EKASA_LOG_FK_FAKVY,FOREIGN KEY,ID_FV,0
EKASA_LOG,EKASA_LOG_FK_MOARCHIV,FOREIGN KEY,ID_MO,0
EKASA_LOG,EKASA_LOG_FK_SKPOH,FOREIGN KEY,ID_SV,0
EKASA_LOG,EKASA_LOG_PK,PRIMARY KEY,IDR,0
EKASA_LOG,EKASA_LOG_REC_CUSTOMERID,CHECK,,
EKASA_LOG,EKASA_LOG_REC_TYPE,CHECK,,
EKASA_LOG,EKASA_LOG_UID_OKP,CHECK,,
EKASA_LOG,INTEG_1603,NOT NULL,,
EKASA_LOG,INTEG_1604,NOT NULL,,
EKASA_LOG,INTEG_1605,NOT NULL,,
EKASA_LOG,INTEG_1606,NOT NULL,,
EKASA_LOG,INTEG_1607,NOT NULL,,
EMAILLST,EMAILLST_FK_FAKVY,FOREIGN KEY,ID_FV,0
EMAILLST,EMAILLST_FK_NABIDKY,FOREIGN KEY,ID_OP,0
EMAILLST,EMAILLST_FK_OBJVY,FOREIGN KEY,ID_OV,0
EMAILLST,EMAILLST_FK_OPRAVY,FOREIGN KEY,ID_OR,0
EMAILLST,EMAILLST_FK_SMLOUVYVY,FOREIGN KEY,ID_LV,0
EMAILLST,EMAILLST_FK_VYDEJKY,FOREIGN KEY,ID_SV,0
EMAILLST,EMAILLST_FK_ZAPOCTY,FOREIGN KEY,ID_ZP,0
EMAILLST,INTEG_2,NOT NULL,,
EMAILLST,INTEG_3,NOT NULL,,
EMAILLST,SENDMAIL_PK,PRIMARY KEY,IDR,0
EMDANODP,EMDANODP_CHECK_MESIC,CHECK,,
EMDANODP,EMDANODP_CHECK_ROK,CHECK,,
EMDANODP,EMDANODP_FK_MAJET,FOREIGN KEY,IDMAJET,0
EMDANODP,EMDANODP_PK,PRIMARY KEY,IDMAJET,0
EMDANODP,EMDANODP_PK,PRIMARY KEY,ROK,1
EMDANODP,EMDANODP_PK,PRIMARY KEY,MESIC,2
EMDANODP,INTEG_280,NOT NULL,,
EMDANODP,INTEG_281,NOT NULL,,
EMDANODP,INTEG_282,NOT NULL,,
EMDANODP,INTEG_283,NOT NULL,,
EMDANODP,INTEG_284,NOT NULL,,
EMDOSKUP,EMDOSKUP_CHECK_DRUHODPISU,CHECK,,
EMDOSKUP,EMDOSKUP_CHECK_ODROKU,CHECK,,
EMDOSKUP,EMDOSKUP_FK_EMODPSKU,FOREIGN KEY,DRUHODPISU,0
EMDOSKUP,EMDOSKUP_FK_EMODPSKU,FOREIGN KEY,ODPISSKUP,1
EMDOSKUP,EMDOSKUP_FK_EMODPSKU,FOREIGN KEY,PZVYSODPIS,2
EMDOSKUP,EMDOSKUP_FK_MAJET,FOREIGN KEY,IDMAJET,0
EMDOSKUP,EMDOSKUP_PK,PRIMARY KEY,IDMAJET,0
EMDOSKUP,EMDOSKUP_PK,PRIMARY KEY,ODROKU,1
EMDOSKUP,INTEG_276,NOT NULL,,
EMDOSKUP,INTEG_277,NOT NULL,,
EMDOSKUP,INTEG_278,NOT NULL,,
EMDOSKUP,INTEG_279,NOT NULL,,
EMMISTA,EMMISTA_FK_STREDIS,FOREIGN KEY,STREDISKO,0
EMMISTA,EMMISTA_PK,PRIMARY KEY,IDR,0
EMMISTA,EMMISTA_UNQ_MISTO,UNIQUE,MISTO,0
EMMISTA,EMMISTA_UNQ_STREDMISTO,UNIQUE,STREDISKO,0
EMMISTA,EMMISTA_UNQ_STREDMISTO,UNIQUE,MISTO,1
EMMISTA,INTEG_148,NOT NULL,,
EMODPSAZ,EMODPSAZ_CHECK_DRUH,CHECK,,
EMODPSAZ,EMODPSAZ_CHECK_SAZBA1C,CHECK,,
EMODPSAZ,EMODPSAZ_CHECK_SAZBA1J,CHECK,,
EMODPSAZ,EMODPSAZ_CHECK_SAZBA2C,CHECK,,
EMODPSAZ,EMODPSAZ_CHECK_SAZBA2J,CHECK,,
EMODPSAZ,EMODPSAZ_CHECK_SAZBA3C,CHECK,,
EMODPSAZ,EMODPSAZ_CHECK_SAZBA3J,CHECK,,
EMODPSAZ,EMODPSAZ_FK_EMODPSKU,FOREIGN KEY,DRUH,0
EMODPSAZ,EMODPSAZ_FK_EMODPSKU,FOREIGN KEY,SKUPINA,1
EMODPSAZ,EMODPSAZ_FK_EMODPSKU,FOREIGN KEY,PZVYS,2
EMODPSAZ,EMODPSAZ_PK,PRIMARY KEY,ODROKU,0
EMODPSAZ,EMODPSAZ_PK,PRIMARY KEY,DRUH,1
EMODPSAZ,EMODPSAZ_PK,PRIMARY KEY,SKUPINA,2
EMODPSAZ,EMODPSAZ_PK,PRIMARY KEY,PZVYS,3
EMODPSAZ,INTEG_224,NOT NULL,,
EMODPSAZ,INTEG_225,CHECK,,
EMODPSAZ,INTEG_226,NOT NULL,,
EMODPSAZ,INTEG_227,CHECK,,
EMODPSAZ,INTEG_228,NOT NULL,,
EMODPSAZ,INTEG_229,NOT NULL,,
EMODPSAZ,INTEG_230,NOT NULL,,
EMODPSAZ,INTEG_231,NOT NULL,,
EMODPSAZ,INTEG_232,NOT NULL,,
EMODPSAZ,INTEG_233,NOT NULL,,
EMODPSAZ,INTEG_234,NOT NULL,,
EMODPSAZ,INTEG_235,NOT NULL,,
EMODPSAZ,INTEG_236,NOT NULL,,
EMODPSAZ,INTEG_237,NOT NULL,,
EMODPSKU,EMODPSKU_CHECK_DRUH,CHECK,,
EMODPSKU,EMODPSKU_PK,PRIMARY KEY,DRUH,0
EMODPSKU,EMODPSKU_PK,PRIMARY KEY,SKUPINA,1
EMODPSKU,EMODPSKU_PK,PRIMARY KEY,PZVYS,2
EMODPSKU,INTEG_223,NOT NULL,,
EMODPSKU,ODPISY_CHECK_DRUH,CHECK,,
EMODPSKU,ODPISY_CHECK_PZVYS,CHECK,,
EMODPSKU,ODPISY_CHECK_SKUPINA,CHECK,,
EMPRERUS,EMPRERUS_CHECK_DOMESICE,CHECK,,
EMPRERUS,EMPRERUS_CHECK_DOROKU,CHECK,,
EMPRERUS,EMPRERUS_CHECK_OBDOBI,CHECK,,
EMPRERUS,EMPRERUS_CHECK_ODMESICE,CHECK,,
EMPRERUS,EMPRERUS_CHECK_ROK,CHECK,,
EMPRERUS,EMPRERUS_FK_MAJET,FOREIGN KEY,IDMAJET,0
EMPRERUS,EMPRERUS_PK,PRIMARY KEY,IDMAJET,0
EMPRERUS,EMPRERUS_PK,PRIMARY KEY,ROK,1
EMPRERUS,EMPRERUS_PK,PRIMARY KEY,ODMESICE,2
EMPRERUS,INTEG_271,NOT NULL,,
EMPRERUS,INTEG_272,NOT NULL,,
EMPRERUS,INTEG_273,NOT NULL,,
EMPRERUS,INTEG_274,NOT NULL,,
EMPRERUS,INTEG_275,NOT NULL,,
EMTEZHOD,EMTEZHOD_CHECK_HODNOTA,CHECK,,
EMTEZHOD,EMTEZHOD_CHECK_MESUCEPTZ,CHECK,,
EMTEZHOD,EMTEZHOD_CHECK_TYPZMENY,CHECK,,
EMTEZHOD,EMTEZHOD_CHECK_ZMENADZC,CHECK,,
EMTEZHOD,EMTEZHOD_CHECK_ZMENAUZC,CHECK,,
EMTEZHOD,EMTEZHOD_FK_MAJET,FOREIGN KEY,IDMAJET,0
EMTEZHOD,EMTEZHOD_PK,PRIMARY KEY,IDMAJET,0
EMTEZHOD,EMTEZHOD_PK,PRIMARY KEY,DATUM,1
EMTEZHOD,INTEG_264,NOT NULL,,
EMTEZHOD,INTEG_265,NOT NULL,,
EMTEZHOD,INTEG_266,NOT NULL,,
EMTEZHOD,INTEG_267,NOT NULL,,
EMTEZHOD,INTEG_268,NOT NULL,,
EMTEZHOD,INTEG_269,NOT NULL,,
EMTEZHOD,INTEG_270,NOT NULL,,
EMTRIDY,EMTRIDY_FK_OSNOVA_DANDAL,FOREIGN KEY,ODDALS,0
EMTRIDY,EMTRIDY_FK_OSNOVA_DANDAL,FOREIGN KEY,ODDALA,1
EMTRIDY,EMTRIDY_FK_OSNOVA_DANMADAT,FOREIGN KEY,ODMADATS,0
EMTRIDY,EMTRIDY_FK_OSNOVA_DANMADAT,FOREIGN KEY,ODMADATA,1
EMTRIDY,EMTRIDY_FK_OSNOVA_UCEDAL,FOREIGN KEY,OUDALS,0
EMTRIDY,EMTRIDY_FK_OSNOVA_UCEDAL,FOREIGN KEY,OUDALA,1
EMTRIDY,EMTRIDY_FK_OSNOVA_UCEMADAT,FOREIGN KEY,OUMADATS,0
EMTRIDY,EMTRIDY_FK_OSNOVA_UCEMADAT,FOREIGN KEY,OUMADATA,1
EMTRIDY,EMTRIDY_FK_PDPOHYBY,FOREIGN KEY,ODPDSYNTET,0
EMTRIDY,EMTRIDY_FK_PDPOHYBY,FOREIGN KEY,ODPDANALYT,1
EMTRIDY,EMTRIDY_PK,PRIMARY KEY,IDR,0
EMTRIDY,EMTRIDY_UNQ_NAZEV,UNIQUE,NAZEV,0
EMTRIDY,INTEG_238,NOT NULL,,
EMTRIDY,INTEG_239,NOT NULL,,
EMUCEODP,EMUCEODP_CHECK_MESIC,CHECK,,
EMUCEODP,EMUCEODP_CHECK_ROK,CHECK,,
EMUCEODP,EMUCEODP_FK_MAJET,FOREIGN KEY,IDMAJET,0
EMUCEODP,EMUCEODP_PK,PRIMARY KEY,IDMAJET,0
EMUCEODP,EMUCEODP_PK,PRIMARY KEY,ROK,1
EMUCEODP,EMUCEODP_PK,PRIMARY KEY,MESIC,2
EMUCEODP,INTEG_285,NOT NULL,,
EMUCEODP,INTEG_286,NOT NULL,,
EMUCEODP,INTEG_287,NOT NULL,,
EMUCEODP,INTEG_288,NOT NULL,,
EMUCEODP,INTEG_289,NOT NULL,,
EMUCOBD,EMUCOBD_CHECK_ODMESICE,CHECK,,
EMUCOBD,EMUCOBD_CHECK_ODROKU,CHECK,,
EMUCOBD,EMUCOBD_PK,PRIMARY KEY,ODROKU,0
EMUCOBD,EMUCOBD_PK,PRIMARY KEY,ODMESICE,1
EMUCOBD,INTEG_240,NOT NULL,,
EMUCOBD,INTEG_241,NOT NULL,,
EMVOLKAT1,EMVOLKAT1_PK,PRIMARY KEY,IDR,0
EMVOLKAT1,EMVOLKAT1_UNQ_NAZEV,UNIQUE,NAZEV,0
EMVOLKAT1,INTEG_149,NOT NULL,,
EMVOLKAT2,EMVOLKAT2_PK,PRIMARY KEY,IDR,0
EMVOLKAT2,EMVOLKAT2_UNQ_NAZEV,UNIQUE,NAZEV,0
EMVOLKAT2,INTEG_150,NOT NULL,,
EMZPUPOR,EMZPUPOR_PK,PRIMARY KEY,IDR,0
EMZPUPOR,EMZPUPOR_UNQ_ZKRATKA,UNIQUE,ZKRATKA,0
EMZPUPOR,INTEG_151,NOT NULL,,
EMZPUVYR,EMZPUVYR_PK,PRIMARY KEY,IDR,0
EMZPUVYR,EMZPUVYR_UNQ_ZKRATKA,UNIQUE,ZKRATKA,0
EMZPUVYR,INTEG_152,NOT NULL,,
EXTEXE,EXTEXE_CHECK_TYP,CHECK,,
EXTEXE,EXTEXE_PK,PRIMARY KEY,IDR,0
EXTEXE,INTEG_1,NOT NULL,,
FAKGENER,FAKGENER_FK_FAKGENER2,FOREIGN KEY,IDDAVKY,0
FAKGENER,FAKGENER_FK_FAKGENER3,FOREIGN KEY,POBOCKA,0
FAKGENER,FAKGENER_FK_FAKVY,FOREIGN KEY,IDFAK,0
FAKGENER,FAKGENER_PK,PRIMARY KEY,IDR,0
FAKGENER,FAKGENER_UNQ_ICO_SERCISLO,UNIQUE,U_ICO,0
FAKGENER,FAKGENER_UNQ_ICO_SERCISLO,UNIQUE,G_SERCISLO,1
FAKGENER,INTEG_787,NOT NULL,,
FAKGENER,INTEG_788,NOT NULL,,
FAKGENER,INTEG_789,NOT NULL,,
FAKGENER,INTEG_790,NOT NULL,,
FAKGENER,INTEG_791,NOT NULL,,
FAKGENER,INTEG_792,NOT NULL,,
FAKGENER,INTEG_793,NOT NULL,,
FAKGENER2,FAKGENER2_PK,PRIMARY KEY,IDR,0
FAKGENER2,INTEG_794,NOT NULL,,
FAKGENER2,INTEG_795,NOT NULL,,
FAKGENER3,FAKGENER3_FK_FIRPOB,FOREIGN KEY,IDFIRPOB,0
FAKGENER3,FAKGENER3_FK_STREDIS,FOREIGN KEY,STREDISKO,0
FAKGENER3,FAKGENER3_FK_STREDIS2,FOREIGN KEY,STREDISKO2,0
FAKGENER3,FAKGENER3_FK_ZAKAZKA,FOREIGN KEY,CISLO_ZAK,0
FAKGENER3,FAKGENER3_PK,PRIMARY KEY,IDR,0
FAKGENER3,FAKGENER3_UNQ_GENERCIS,UNIQUE,GENERCIS,0
FAKGENER3,INTEG_796,NOT NULL,,
FAKGENER3,INTEG_797,NOT NULL,,
FAKGENER4,FAKGENER4_PK,PRIMARY KEY,IDR,0
FAKGENER4,INTEG_798,NOT NULL,,
FAKPR,FAKPR_DRUH,CHECK,,
FAKPR,FAKPR_FK_ADRES,FOREIGN KEY,ICO,0
FAKPR,FAKPR_FK_ADRESBAN,FOREIGN KEY,IDADRBAN,0
FAKPR,FAKPR_FK_ADRESPRIJ,FOREIGN KEY,ICOPRIJ,0
FAKPR,FAKPR_FK_BANKY,FOREIGN KEY,IDBANKY,0
FAKPR,FAKPR_FK_MENY,FOREIGN KEY,MENA,0
FAKPR,FAKPR_FK_PDPOHYBY,FOREIGN KEY,PDSYNTET,0
FAKPR,FAKPR_FK_PDPOHYBY,FOREIGN KEY,PDANALYT,1
FAKPR,FAKPR_FK_PLKARTY,FOREIGN KEY,PLATKAR,0
FAKPR,FAKPR_FK_STAT_DPH,FOREIGN KEY,STAT_DPH,0
FAKPR,FAKPR_FK_STREDIS,FOREIGN KEY,STREDISKO,0
FAKPR,FAKPR_FK_TYPDOKL,FOREIGN KEY,TYP_DOKL,0
FAKPR,FAKPR_FK_TYPYDPH,FOREIGN KEY,TYPDPH,0
FAKPR,FAKPR_FK_TYP_POL,FOREIGN KEY,TYP_POL,0
FAKPR,FAKPR_FK_UDPREDKONT,FOREIGN KEY,UDPREDKONT,0
FAKPR,FAKPR_FK_ZAKAZKA,FOREIGN KEY,CISLO_ZAK,0
FAKPR,FAKPR_PK,PRIMARY KEY,IDFAK,0
FAKPR,FAKPR_PRIKAZKUHR,CHECK,,
FAKPR,FAKPR_REZIM_DPH,CHECK,,
FAKPR,FAKPR_UNQ_CISLO,UNIQUE,CISLO,0
FAKPR,FAKPR_UNQ_UUID,UNIQUE,UUID,0
FAKPR,FAKR_FK_VATNUMBER,FOREIGN KEY,VATNUMBER,0
FAKPR,INTEG_645,NOT NULL,,
FAKPR,INTEG_646,NOT NULL,,
FAKPR,INTEG_647,NOT NULL,,
FAKPR,INTEG_648,NOT NULL,,
FAKPR,INTEG_649,NOT NULL,,
FAKPR,INTEG_650,NOT NULL,,
FAKPR,INTEG_651,NOT NULL,,
FAKPR,INTEG_652,NOT NULL,,
FAKPR,INTEG_653,NOT NULL,,
FAKPR,INTEG_654,NOT NULL,,
FAKPR,INTEG_655,NOT NULL,,
FAKPR,INTEG_656,NOT NULL,,
FAKPR,INTEG_657,NOT NULL,,
FAKPR,INTEG_658,NOT NULL,,
FAKPR,INTEG_659,NOT NULL,,
FAKPR,INTEG_660,NOT NULL,,
FAKPR,INTEG_661,NOT NULL,,
FAKPR,INTEG_662,NOT NULL,,
FAKPR,INTEG_663,NOT NULL,,
FAKPR,INTEG_664,NOT NULL,,
FAKPR,INTEG_665,NOT NULL,,
FAKPR,INTEG_666,NOT NULL,,
FAKPR,INTEG_667,NOT NULL,,
FAKPR,INTEG_668,NOT NULL,,
FAKPRDPH,FAKPRDPH_FK_FAKPR,FOREIGN KEY,IDFAK,0
FAKPRDPH,FAKPRDPH_FK_TYPYDPH,FOREIGN KEY,TYPDPH,0
FAKPRDPH,FAKPRDPH_PK,PRIMARY KEY,IDR,0
FAKPRDPH,FAKPRDPH_UNQ_IDFAKTYPDPH,UNIQUE,IDFAK,0
FAKPRDPH,FAKPRDPH_UNQ_IDFAKTYPDPH,UNIQUE,TYPDPH,1
FAKPRDPH,INTEG_684,NOT NULL,,
FAKPRDPH,INTEG_685,NOT NULL,,
FAKPRDPH,INTEG_686,NOT NULL,,
FAKPRDPH,INTEG_687,NOT NULL,,
FAKPRDPH,INTEG_688,NOT NULL,,
FAKPRDPH,INTEG_689,NOT NULL,,
FAKPRDPH,INTEG_690,NOT NULL,,
FAKPRDPH,INTEG_691,NOT NULL,,
FAKPRDPH,INTEG_692,NOT NULL,,
FAKPRDPH,INTEG_693,NOT NULL,,
FAKPRDPH,INTEG_694,NOT NULL,,
FAKPRDPH,INTEG_695,NOT NULL,,
FAKPRDPH,INTEG_696,NOT NULL,,
FAKPRDPH,INTEG_697,NOT NULL,,
FAKPRDPH,INTEG_698,NOT NULL,,
FAKPRDPH,INTEG_699,NOT NULL,,
FAKPRDPH,INTEG_700,NOT NULL,,
FAKPRDPH,INTEG_701,NOT NULL,,
FAKPRDPH,INTEG_702,NOT NULL,,
FAKPRDPH,INTEG_703,NOT NULL,,
FAKPRDPH,INTEG_704,NOT NULL,,
FAKPRDPH,INTEG_705,NOT NULL,,
FAKPRDPH,INTEG_706,NOT NULL,,
FAKPRPOL,FAKPRPOL_CHECK_HMOTNOST,CHECK,,
FAKPRPOL,FAKPRPOL_FK_FAKPR,FOREIGN KEY,IDFAK,0
FAKPRPOL,FAKPRPOL_FK_OBJVYPOL,FOREIGN KEY,IDOBJPOL,0
FAKPRPOL,FAKPRPOL_FK_OPRAVY,FOREIGN KEY,IDOPR,0
FAKPRPOL,FAKPRPOL_FK_OPRAVYMAT,FOREIGN KEY,IDOPRMAT,0
FAKPRPOL,FAKPRPOL_FK_SKKAR,FOREIGN KEY,CISLOKAR,0
FAKPRPOL,FAKPRPOL_FK_SKPOH,FOREIGN KEY,IDSKPOH,0
FAKPRPOL,FAKPRPOL_FK_SKPOHPOL,FOREIGN KEY,IDSKPOHPOL,0
FAKPRPOL,FAKPRPOL_FK_STREDIS,FOREIGN KEY,STREDISKO,0
FAKPRPOL,FAKPRPOL_FK_TYPYDPH,FOREIGN KEY,TYPDPH,0
FAKPRPOL,FAKPRPOL_FK_TYP_POL,FOREIGN KEY,TYP_POL,0
FAKPRPOL,FAKPRPOL_FK_ZAKAZKA,FOREIGN KEY,CISLO_ZAK,0
FAKPRPOL,FAKPRPOL_PK,PRIMARY KEY,IDR,0
FAKPRPOL,FAKPRPOL_TEXTROW_CENAPOCET,CHECK,,
FAKPRPOL,INTEG_669,NOT NULL,,
FAKPRPOL,INTEG_670,NOT NULL,,
FAKPRPOL,INTEG_671,NOT NULL,,
FAKPRPOL,INTEG_672,NOT NULL,,
FAKPRPOL,INTEG_673,NOT NULL,,
FAKPRPOL,INTEG_674,NOT NULL,,
FAKPRPOL,INTEG_675,NOT NULL,,
FAKPRSPL,FAKPRSPL_FK_ADRESBAN,FOREIGN KEY,IDADRBAN,0
FAKPRSPL,FAKPRSPL_FK_BANKY,FOREIGN KEY,IDBANKY,0
FAKPRSPL,FAKPRSPL_PK,PRIMARY KEY,IDR,0
FAKPRSPL,INTEG_778,NOT NULL,,
FAKPRSPL,INTEG_779,NOT NULL,,
FAKPRSPL,INTEG_780,NOT NULL,,
FAKPRSPL,INTEG_781,NOT NULL,,
FAKPRSPL,INTEG_782,NOT NULL,,
FAKPRTOTAL,FAKPRTOTAL_FK_FAKPR,FOREIGN KEY,IDMR,0
FAKPRTOTAL,FAKPRTOTAL_FK_MENA,FOREIGN KEY,MENA,0
FAKPRTOTAL,FAKPRTOTAL_FK_TYPYDPH,FOREIGN KEY,TYPDPH,0
FAKPRTOTAL,FAKPRTOTAL_PK,PRIMARY KEY,IDR,0
FAKPRTOTAL,FAKPRTOTAL_UNQ,UNIQUE,IDMR,0
FAKPRTOTAL,FAKPRTOTAL_UNQ,UNIQUE,TYPDPH,1
FAKPRTOTAL,FAKPRTOTAL_UNQ,UNIQUE,TYPSAZBY,2
FAKPRTOTAL,FAKPRTOTAL_UNQ,UNIQUE,SAZBADPH,3
FAKPRTOTAL,FAKPRTOTAL_UNQ,UNIQUE,MENA,4
FAKPRTOTAL,INTEG_767,NOT NULL,,
FAKPRTOTAL,INTEG_768,NOT NULL,,
FAKPRTOTAL,INTEG_769,NOT NULL,,
FAKPRTOTAL,INTEG_770,NOT NULL,,
FAKPRTOTAL,INTEG_771,NOT NULL,,
FAKPRTOTAL,INTEG_772,NOT NULL,,
FAKPRTOTAL,INTEG_773,NOT NULL,,
FAKPRTOTAL,INTEG_774,NOT NULL,,
FAKPRTOTAL,INTEG_775,NOT NULL,,
FAKPRTOTAL,INTEG_776,NOT NULL,,
FAKPRTOTAL,INTEG_777,NOT NULL,,
FAKPRUHR,FAKPRUHR_FK_BANKY,FOREIGN KEY,IDBANKY,0
FAKPRUHR,FAKPRUHR_FK_BANOBRAT,FOREIGN KEY,IDBANOBRAT,0
FAKPRUHR,FAKPRUHR_FK_CISPOKL,FOREIGN KEY,IDPOKL,0
FAKPRUHR,FAKPRUHR_FK_FAKPR,FOREIGN KEY,IDFAK,0
FAKPRUHR,FAKPRUHR_FK_FAKPRUHR_IDRX,FOREIGN KEY,IDRX,0
FAKPRUHR,FAKPRUHR_FK_MENY,FOREIGN KEY,MENA,0
FAKPRUHR,FAKPRUHR_FK_ZAPOCPOL,FOREIGN KEY,IDZAPOCPOL,0
FAKPRUHR,FAKPRUHR_PK,PRIMARY KEY,IDR,0
FAKPRUHR,FAKPRUHR_UNQ_IDRMENA,UNIQUE,IDR,0
FAKPRUHR,FAKPRUHR_UNQ_IDRMENA,UNIQUE,MENA,1
FAKPRUHR,FAKPRUHR_UNQ_IDRX,UNIQUE,IDRX,0
FAKPRUHR,FAPRUHR_CHECK_ZPUSOBUHR,CHECK,,
FAKPRUHR,INTEG_676,NOT NULL,,
FAKPRUHR,INTEG_677,NOT NULL,,
FAKPRUHR,INTEG_678,NOT NULL,,
FAKPRUHR,INTEG_679,NOT NULL,,
FAKPRUHR,INTEG_680,NOT NULL,,
FAKPRUHR,INTEG_681,NOT NULL,,
FAKPRUHR,INTEG_682,NOT NULL,,
FAKPRUHR,INTEG_683,NOT NULL,,
FAKVY,FAKVY_DRUH,CHECK,,
FAKVY,FAKVY_EET_STAV,CHECK,,
FAKVY,FAKVY_EKODAND,CHECK,,
FAKVY,FAKVY_EKOKOM,CHECK,,
FAKVY,FAKVY_FK_ADRES,FOREIGN KEY,ICO,0
FAKVY,FAKVY_FK_ADRESPRIJ,FOREIGN KEY,ICOPRIJ,0
FAKVY,FAKVY_FK_BANKY,FOREIGN KEY,IDBANKY,0
FAKVY,FAKVY_FK_KODPLNENI,FOREIGN KEY,KODPLNENI,0
FAKVY,FAKVY_FK_KONTAKTY,FOREIGN KEY,IDKONTAKT,0
FAKVY,FAKVY_FK_MENY,FOREIGN KEY,MENA,0
FAKVY,FAKVY_FK_PDPOHYBY,FOREIGN KEY,PDSYNTET,0
FAKVY,FAKVY_FK_PDPOHYBY,FOREIGN KEY,PDANALYT,1
FAKVY,FAKVY_FK_PLKARTY,FOREIGN KEY,PLATKAR,0
FAKVY,FAKVY_FK_STAT_DPH,FOREIGN KEY,STAT_DPH,0
FAKVY,FAKVY_FK_STREDIS,FOREIGN KEY,STREDISKO,0
FAKVY,FAKVY_FK_TYPDOKL,FOREIGN KEY,TYP_DOKL,0
FAKVY,FAKVY_FK_TYPYDPH,FOREIGN KEY,TYPDPH,0
FAKVY,FAKVY_FK_TYP_POL,FOREIGN KEY,TYP_POL,0
FAKVY,FAKVY_FK_UDPREDKONT,FOREIGN KEY,UDPREDKONT,0
FAKVY,FAKVY_FK_VATNUMBER,FOREIGN KEY,VATNUMBER,0
FAKVY,FAKVY_FK_ZAKAZKA,FOREIGN KEY,CISLO_ZAK,0
FAKVY,FAKVY_PK,PRIMARY KEY,IDFAK,0
FAKVY,FAKVY_REZIM_DPH,CHECK,,
FAKVY,FAKVY_SPOTRDAND,CHECK,,
FAKVY,FAKVY_UNQ_CISLO,UNIQUE,CISLO,0
FAKVY,FAKVY_UNQ_UUID,UNIQUE,UUID,0
FAKVY,INTEG_707,NOT NULL,,
FAKVY,INTEG_708,NOT NULL,,
FAKVY,INTEG_709,NOT NULL,,
FAKVY,INTEG_710,NOT NULL,,
FAKVY,INTEG_711,NOT NULL,,
FAKVY,INTEG_712,NOT NULL,,
FAKVY,INTEG_713,NOT NULL,,
FAKVY,INTEG_714,NOT NULL,,
FAKVY,INTEG_715,NOT NULL,,
FAKVY,INTEG_716,NOT NULL,,
FAKVY,INTEG_717,NOT NULL,,
FAKVY,INTEG_718,NOT NULL,,
FAKVY,INTEG_719,NOT NULL,,
FAKVY,INTEG_720,NOT NULL,,
FAKVY,INTEG_721,NOT NULL,,
FAKVY,INTEG_722,NOT NULL,,
FAKVY,INTEG_723,NOT NULL,,
FAKVYDPH,FAKVYDPH_FK_FAKVY,FOREIGN KEY,IDFAK,0
FAKVYDPH,FAKVYDPH_FK_TYPYDPH,FOREIGN KEY,TYPDPH,0
FAKVYDPH,FAKVYDPH_PK,PRIMARY KEY,IDR,0
FAKVYDPH,FAKVYDPH_UNQ_IDFAKTYPDPH,UNIQUE,IDFAK,0
FAKVYDPH,FAKVYDPH_UNQ_IDFAKTYPDPH,UNIQUE,TYPDPH,1
FAKVYDPH,INTEG_742,NOT NULL,,
FAKVYDPH,INTEG_743,NOT NULL,,
FAKVYDPH,INTEG_744,NOT NULL,,
FAKVYDPH,INTEG_745,NOT NULL,,
FAKVYDPH,INTEG_746,NOT NULL,,
FAKVYDPH,INTEG_747,NOT NULL,,
FAKVYDPH,INTEG_748,NOT NULL,,
FAKVYDPH,INTEG_749,NOT NULL,,
FAKVYDPH,INTEG_750,NOT NULL,,
FAKVYOBAL,FAKVYOBAL_FK_CISLOKAR,FOREIGN KEY,CISLOKAR,0
FAKVYOBAL,FAKVYOBAL_FK_IDFAK,FOREIGN KEY,IDFAK,0
FAKVYOBAL,FAKVYOBAL_FK_IDFAKPOL,FOREIGN KEY,IDFAKPOL,0
FAKVYOBAL,FAKVYOBAL_FK_IDOBAL,FOREIGN KEY,IDOBAL,0
FAKVYOBAL,FAKVYOBAL_FK_ODMENY,FOREIGN KEY,ODMENY,0
FAKVYOBAL,FAKVYOBAL_PK,PRIMARY KEY,IDR,0
FAKVYOBAL,INTEG_783,NOT NULL,,
FAKVYOBAL,INTEG_784,NOT NULL,,
FAKVYOBAL,INTEG_785,NOT NULL,,
FAKVYOBAL,INTEG_786,NOT NULL,,
FAKVYPOL,FAKVYPOL_CHECK_HMOTNOST,CHECK,,
FAKVYPOL,FAKVYPOL_FK_FAKVY,FOREIGN KEY,IDFAK,0
FAKVYPOL,FAKVYPOL_FK_OBJPRPOL,FOREIGN KEY,IDOBJPOL,0
FAKVYPOL,FAKVYPOL_FK_OPRAVY,FOREIGN KEY,IDOPR,0
FAKVYPOL,FAKVYPOL_FK_OPRAVYMAT,FOREIGN KEY,IDOPRMAT,0
FAKVYPOL,FAKVYPOL_FK_SKKAR,FOREIGN KEY,CISLOKAR,0
FAKVYPOL,FAKVYPOL_FK_SKPOH,FOREIGN KEY,IDSKPOH,0
FAKVYPOL,FAKVYPOL_FK_SKPOHPOL,FOREIGN KEY,IDSKPOHPOL,0
FAKVYPOL,FAKVYPOL_FK_STREDIS,FOREIGN KEY,STREDISKO,0
FAKVYPOL,FAKVYPOL_FK_TYPYDPH,FOREIGN KEY,TYPDPH,0
FAKVYPOL,FAKVYPOL_FK_TYP_POL,FOREIGN KEY,TYP_POL,0
FAKVYPOL,FAKVYPOL_FK_ZAKAZKA,FOREIGN KEY,CISLO_ZAK,0
FAKVYPOL,FAKVYPOL_PK,PRIMARY KEY,IDR,0
FAKVYPOL,FAKVYPOL_TEXTROW_CENAPOCET,CHECK,,
FAKVYPOL,INTEG_724,NOT NULL,,
FAKVYPOL,INTEG_725,NOT NULL,,
FAKVYPOL,INTEG_726,NOT NULL,,
FAKVYPOL,INTEG_727,NOT NULL,,
FAKVYPOL,INTEG_728,NOT NULL,,
FAKVYPOL,INTEG_729,NOT NULL,,
FAKVYPOL,INTEG_730,NOT NULL,,
FAKVYSPL,FAKVYSPL_FK_BANKY,FOREIGN KEY,IDBANKY,0
FAKVYSPL,FAKVYSPL_PK,PRIMARY KEY,IDR,0
FAKVYSPL,INTEG_762,NOT NULL,,
FAKVYSPL,INTEG_763,NOT NULL,,
FAKVYSPL,INTEG_764,NOT NULL,,
FAKVYSPL,INTEG_765,NOT NULL,,
FAKVYSPL,INTEG_766,NOT NULL,,
FAKVYTEX,FAKVYTEX_PK,PRIMARY KEY,IDR,0
FAKVYTEX,FAKVYTEX_UNQ_CISLO_DRUH,UNIQUE,CISLO,0
FAKVYTEX,FAKVYTEX_UNQ_CISLO_DRUH,UNIQUE,DRUH,1
FAKVYTEX,INTEG_731,NOT NULL,,
FAKVYTEX,INTEG_732,NOT NULL,,
FAKVYTEX,INTEG_733,NOT NULL,,
FAKVYTOTAL,FAKVYTOTAL_FK_FAKVY,FOREIGN KEY,IDMR,0
FAKVYTOTAL,FAKVYTOTAL_FK_MENA,FOREIGN KEY,MENA,0
FAKVYTOTAL,FAKVYTOTAL_FK_TYPYDPH,FOREIGN KEY,TYPDPH,0
FAKVYTOTAL,FAKVYTOTAL_PK,PRIMARY KEY,IDR,0
FAKVYTOTAL,FAKVYTOTAL_UNQ,UNIQUE,IDMR,0
FAKVYTOTAL,FAKVYTOTAL_UNQ,UNIQUE,TYPDPH,1
FAKVYTOTAL,FAKVYTOTAL_UNQ,UNIQUE,TYPSAZBY,2
FAKVYTOTAL,FAKVYTOTAL_UNQ,UNIQUE,SAZBADPH,3
FAKVYTOTAL,FAKVYTOTAL_UNQ,UNIQUE,MENA,4
FAKVYTOTAL,INTEG_751,NOT NULL,,
FAKVYTOTAL,INTEG_752,NOT NULL,,
FAKVYTOTAL,INTEG_753,NOT NULL,,
FAKVYTOTAL,INTEG_754,NOT NULL,,
FAKVYTOTAL,INTEG_755,NOT NULL,,
FAKVYTOTAL,INTEG_756,NOT NULL,,
FAKVYTOTAL,INTEG_757,NOT NULL,,
FAKVYTOTAL,INTEG_758,NOT NULL,,
FAKVYTOTAL,INTEG_759,NOT NULL,,
FAKVYTOTAL,INTEG_760,NOT NULL,,
FAKVYTOTAL,INTEG_761,NOT NULL,,
FAKVYUHR,FAKVYUHR_CHECK_ZPUSOBUHR,CHECK,,
FAKVYUHR,FAKVYUHR_FK_BANKY,FOREIGN KEY,IDBANKY,0
FAKVYUHR,FAKVYUHR_FK_BANOBRAT,FOREIGN KEY,IDBANOBRAT,0
FAKVYUHR,FAKVYUHR_FK_CISPOKL,FOREIGN KEY,IDPOKL,0
FAKVYUHR,FAKVYUHR_FK_FAKVY,FOREIGN KEY,IDFAK,0
FAKVYUHR,FAKVYUHR_FK_FAKVYUHR_IDRX,FOREIGN KEY,IDRX,0
FAKVYUHR,FAKVYUHR_FK_MENY,FOREIGN KEY,MENA,0
FAKVYUHR,FAKVYUHR_FK_ZAPOCPOL,FOREIGN KEY,IDZAPOCPOL,0
FAKVYUHR,FAKVYUHR_PK,PRIMARY KEY,IDR,0
FAKVYUHR,FAKVYUHR_UNQ_IDRMENA,UNIQUE,IDR,0
FAKVYUHR,FAKVYUHR_UNQ_IDRMENA,UNIQUE,MENA,1
FAKVYUHR,FAKVYUHR_UNQ_IDRX,UNIQUE,IDRX,0
FAKVYUHR,INTEG_734,NOT NULL,,
FAKVYUHR,INTEG_735,NOT NULL,,
FAKVYUHR,INTEG_736,NOT NULL,,
FAKVYUHR,INTEG_737,NOT NULL,,
FAKVYUHR,INTEG_738,NOT NULL,,
FAKVYUHR,INTEG_739,NOT NULL,,
FAKVYUHR,INTEG_740,NOT NULL,,
FAKVYUHR,INTEG_741,NOT NULL,,
FILTR,FILTR_FK_FIRPRPR,FOREIGN KEY,USERID,0
FILTR,FILTR_PK,PRIMARY KEY,IDR,0
FILTR,FILTR_UNQ_US,UNIQUE,USERID,0
FILTR,FILTR_UNQ_US,UNIQUE,SEKCE,1
FILTR,INTEG_200,NOT NULL,,
FILTR,INTEG_201,NOT NULL,,
FILTRPOL,FILTRPOL_FK_FILTR,FOREIGN KEY,IDFLT,0
FILTRPOL,FILTRPOL_PK,PRIMARY KEY,IDFLT,0
FILTRPOL,FILTRPOL_PK,PRIMARY KEY,PARTNO,1
FILTRPOL,INTEG_202,NOT NULL,,
FILTRPOL,INTEG_203,NOT NULL,,
FILTRPOL,INTEG_204,NOT NULL,,
FIRLOG,FIRLOG_CHECK_AGENDA,CHECK,,
FIRLOG,FIRLOG_CHECK_TYP,CHECK,,
FIRLOG,FIRLOG_PK,PRIMARY KEY,IDR,0
FIRLOG,INTEG_168,NOT NULL,,
FIRLOG,INTEG_169,NOT NULL,,
FIRLOG,INTEG_170,NOT NULL,,
FIRLOG,INTEG_171,NOT NULL,,
FIRLOG,INTEG_172,NOT NULL,,
FIRLOG,INTEG_173,NOT NULL,,
FIRLOG,INTEG_174,NOT NULL,,
FIRLOG,INTEG_175,NOT NULL,,
FIRLOG,INTEG_176,NOT NULL,,
FIRLOG,INTEG_177,NOT NULL,,
FIRMNAST,FIRMNAST_PK,PRIMARY KEY,ITEMNAME,0
FIRMNAST,FIRMNAST_PK,PRIMARY KEY,PARTNO,1
FIRMNAST,INTEG_165,NOT NULL,,
FIRMNAST,INTEG_166,NOT NULL,,
FIRMNAST,INTEG_167,NOT NULL,,
FIRPOB,FIRPOB_FK_BANKY,FOREIGN KEY,IDBANKY,0
FIRPOB,FIRPOB_IDR,PRIMARY KEY,IDR,0
FIRPOB,INTEG_101,NOT NULL,,
FIRPRPR,FIRPRPR_PK,PRIMARY KEY,IDENTIF,0
FIRPRPR,FIRPRPR_UNQ_P_MENO,UNIQUE,P_MENO,0
FIRPRPR,INTEG_183,NOT NULL,,
FIRPRPR,INTEG_184,NOT NULL,,
FIRPRPR,INTEG_185,NOT NULL,,
FIRPRPR,INTEG_186,NOT NULL,,
FIRPRPR,INTEG_187,NOT NULL,,
FIRPRPR,INTEG_188,NOT NULL,,
FIRPRPR,INTEG_189,NOT NULL,,
FIRPRPR,INTEG_190,NOT NULL,,
FIRPRPR,INTEG_191,NOT NULL,,
FIRPRPREXT,FIRPRPREXT_FK_AUTOSPZ,FOREIGN KEY,AUTOSPZ,0
FIRPRPREXT,FIRPRPREXT_FK_CISLOPOKL,FOREIGN KEY,CISLOPOKL,0
FIRPRPREXT,FIRPRPREXT_FK_CISLOSKL,FOREIGN KEY,CISLOSKL,0
FIRPRPREXT,FIRPRPREXT_FK_POSINFO,FOREIGN KEY,MAINID,0
FIRPRPREXT,FIRPRPREXT_FK_POSINFO,FOREIGN KEY,SUBID,1
FIRPRPREXT,FIRPRPREXT_FK_POSINFO,FOREIGN KEY,PREFIX,2
FIRPRPREXT,FIRPRPREXT_FK_STREDISKO,FOREIGN KEY,STREDISKO,0
FIRPRPREXT,FIRPRPREXT_FK_USERID,FOREIGN KEY,USERID,0
FIRPRPREXT,FIRPRPREXT_PK,PRIMARY KEY,IDR,0
FIRPRPREXT,INTEG_192,NOT NULL,,
FIRPRPREXT,INTEG_193,NOT NULL,,
GDPREVENT,GDPREVENT_PK,PRIMARY KEY,IDR,0
GDPREVENT,GDPREVENT_UNQ_KOD,UNIQUE,KOD,0
GDPREVENT,INTEG_15,NOT NULL,,
HLASENI,HLASENI_CHECK_TYP_OBD,CHECK,,
HLASENI,HLASENI_CHECK_VYBRAT,CHECK,,
HLASENI,HLASENI_PK,PRIMARY KEY,IDR,0
HLASENI,INTEG_1753,NOT NULL,,
HLASENICMB,HLASENICMB_FK_IDR_HLAS_POL,FOREIGN KEY,IDR_HLAS,0
HLASENICMB,HLASENICMB_FK_IDR_HLAS_POL,FOREIGN KEY,IDR_POL,1
HLASENICMB,HLASENICMB_PK,PRIMARY KEY,IDR_HLAS,0
HLASENICMB,HLASENICMB_PK,PRIMARY KEY,IDR_POL,1
HLASENICMB,HLASENICMB_PK,PRIMARY KEY,IDR,2
HLASENICMB,INTEG_1756,NOT NULL,,
HLASENICMB,INTEG_1757,NOT NULL,,
HLASENICMB,INTEG_1758,NOT NULL,,
HLASENIHOD,HLASENIHOD_FK_IDR_HLAS,FOREIGN KEY,IDR_HLAS,0
HLASENIHOD,HLASENIHOD_FK_ID_OSOBY,FOREIGN KEY,ID_OSOBY,0
HLASENIHOD,HLASENIHOD_FK_ID_POMERU,FOREIGN KEY,ID_POMERU,0
HLASENIHOD,HLASENIHOD_PK,PRIMARY KEY,IDR,0
HLASENIHOD,INTEG_1759,NOT NULL,,
HLASENIHOD,INTEG_1760,NOT NULL,,
HLASENIPOL,HLASENIPOL_CHECK_TYP_DAT,CHECK,,
HLASENIPOL,HLASENIPOL_FK_IDR_HLAS,FOREIGN KEY,IDR_HLAS,0
HLASENIPOL,HLASENIPOL_PK,PRIMARY KEY,IDR_HLAS,0
HLASENIPOL,HLASENIPOL_PK,PRIMARY KEY,IDR,1
HLASENIPOL,HLASENIPOL_POZ_POPIS,CHECK,,
HLASENIPOL,HLASENIPOL_XML_TYP,CHECK,,
HLASENIPOL,INTEG_1754,NOT NULL,,
HLASENIPOL,INTEG_1755,NOT NULL,,
ICZUJ,ICZUJ_PK,PRIMARY KEY,IDR,0
ICZUJ,INTEG_14,NOT NULL,,
INTDOK,INTDOK_CHECK_DRUHID,CHECK,,
INTDOK,INTDOK_DRUHID_REZIM_DPH,CHECK,,
INTDOK,INTDOK_FK_ADRES,FOREIGN KEY,ICO,0
INTDOK,INTDOK_FK_FAKPR,FOREIGN KEY,ID_FP,0
INTDOK,INTDOK_FK_FAKPRUHR,FOREIGN KEY,IDUHR_FP,0
INTDOK,INTDOK_FK_FAKPRUHR_DPHUHR,FOREIGN KEY,IDUHR_DFP,0
INTDOK,INTDOK_FK_FAKVYUHR,FOREIGN KEY,IDUHR_FV,0
INTDOK,INTDOK_FK_FAKVYUHR_DPHUHR,FOREIGN KEY,IDUHR_DFV,0
INTDOK,INTDOK_FK_INTDOK,FOREIGN KEY,ID_ID,0
INTDOK,INTDOK_FK_KODPLNENI,FOREIGN KEY,KODPLNENI,0
INTDOK,INTDOK_FK_MENY,FOREIGN KEY,MENA,0
INTDOK,INTDOK_FK_MOUZAVERKY,FOREIGN KEY,IDMOUZAV,0
INTDOK,INTDOK_FK_OSPOHUHR,FOREIGN KEY,IDUHR_PH,0
INTDOK,INTDOK_FK_OSPOHUHR_DPHUHR,FOREIGN KEY,IDUHR_DPH,0
INTDOK,INTDOK_FK_OSZAV,FOREIGN KEY,ID_ZV,0
INTDOK,INTDOK_FK_OSZAVUHR,FOREIGN KEY,IDUHR_ZV,0
INTDOK,INTDOK_FK_OSZAVUHR_DPHUHR,FOREIGN KEY,IDUHR_DZV,0
INTDOK,INTDOK_FK_PDPOHYBY,FOREIGN KEY,PDSYNTET,0
INTDOK,INTDOK_FK_PDPOHYBY,FOREIGN KEY,PDANALYT,1
INTDOK,INTDOK_FK_STAT_DPH,FOREIGN KEY,STAT_DPH,0
INTDOK,INTDOK_FK_STREDIS,FOREIGN KEY,STREDISKO,0
INTDOK,INTDOK_FK_TYPDOKL,FOREIGN KEY,TYP_DOKL,0
INTDOK,INTDOK_FK_TYPYDPH,FOREIGN KEY,TYPDPH,0
INTDOK,INTDOK_FK_TYP_POL,FOREIGN KEY,TYP_POL,0
INTDOK,INTDOK_FK_UDPREDKONT,FOREIGN KEY,UDPREDKONT,0
INTDOK,INTDOK_FK_VATNUMBER,FOREIGN KEY,VATNUMBER,0
INTDOK,INTDOK_FK_ZAKAZKA,FOREIGN KEY,CISLO_ZAK,0
INTDOK,INTDOK_KODPLNENI_DRUHID,CHECK,,
INTDOK,INTDOK_KODPLNENI_ZDROJ,CHECK,,
INTDOK,INTDOK_PK,PRIMARY KEY,IDMR,0
INTDOK,INTDOK_REZIM_DPH,CHECK,,
INTDOK,INTDOK_UNQ_CISLO,UNIQUE,CISLO,0
INTDOK,INTDOK_UNQ_IDMRMENA,UNIQUE,IDMR,0
INTDOK,INTDOK_UNQ_IDMRMENA,UNIQUE,MENA,1
INTDOK,INTDOK_UNQ_UUID,UNIQUE,UUID,0
INTDOK,INTEG_1281,NOT NULL,,
INTDOK,INTEG_1282,NOT NULL,,
INTDOK,INTEG_1283,NOT NULL,,
INTDOK,INTEG_1284,NOT NULL,,
INTDOK,INTEG_1285,NOT NULL,,
INTDOK,INTEG_1286,NOT NULL,,
INTDOK,INTEG_1287,NOT NULL,,
INTDOK,INTEG_1288,NOT NULL,,
INTDOK,INTEG_1289,NOT NULL,,
INTDOK,INTEG_1290,NOT NULL,,
INTDOK,INTEG_1291,NOT NULL,,
INTDOK,INTEG_1292,NOT NULL,,
INTDOKPOL,INTDOKPOL_FK_INTDOK,FOREIGN KEY,IDMR,0
INTDOKPOL,INTDOKPOL_FK_OBJPRPOL,FOREIGN KEY,IDOBJPOL,0
INTDOKPOL,INTDOKPOL_FK_OPRAVY,FOREIGN KEY,IDOPR,0
INTDOKPOL,INTDOKPOL_FK_OPRAVYMAT,FOREIGN KEY,IDOPRMAT,0
INTDOKPOL,INTDOKPOL_FK_SKPOH,FOREIGN KEY,IDSKPOH,0
INTDOKPOL,INTDOKPOL_FK_SKPOHPOL,FOREIGN KEY,IDSKPOHPOL,0
INTDOKPOL,INTDOKPOL_FK_STREDIS,FOREIGN KEY,STREDISKO,0
INTDOKPOL,INTDOKPOL_FK_TYPYDPH,FOREIGN KEY,TYPDPH,0
INTDOKPOL,INTDOKPOL_FK_TYP_POL,FOREIGN KEY,TYP_POL,0
INTDOKPOL,INTDOKPOL_FK_ZAKAZKA,FOREIGN KEY,CISLO_ZAK,0
INTDOKPOL,INTDOKPOL_PK,PRIMARY KEY,IDR,0
INTDOKPOL,INTDOKPOL_TEXTROW_CENAPOCET,CHECK,,
INTDOKPOL,INTEG_1293,NOT NULL,,
INTDOKPOL,INTEG_1294,NOT NULL,,
INTDOKPOL,INTEG_1295,NOT NULL,,
INTDOKPOL,INTEG_1296,NOT NULL,,
INTDOKPOL,INTEG_1297,NOT NULL,,
INTDOKPOL,INTEG_1298,NOT NULL,,
INTDOKPOL,INTEG_1299,NOT NULL,,
INTDOKTOT,INTDOKTOTAL_FK_MENA,FOREIGN KEY,MENA,0
INTDOKTOT,INTDOKTOTAL_FK_TYPYDPH,FOREIGN KEY,TYPDPH,0
INTDOKTOT,INTDOKTOTAL_PK,PRIMARY KEY,IDR,0
INTDOKTOT,INTDOKTOTAL_UNQ,UNIQUE,IDMR,0
INTDOKTOT,INTDOKTOTAL_UNQ,UNIQUE,TYPDPH,1
INTDOKTOT,INTDOKTOTAL_UNQ,UNIQUE,TYPSAZBY,2
INTDOKTOT,INTDOKTOTAL_UNQ,UNIQUE,SAZBADPH,3
INTDOKTOT,INTDOKTOTAL_UNQ,UNIQUE,MENA,4
INTDOKTOT,INTDOKTOT_FK_INTDOK,FOREIGN KEY,IDMR,0
INTDOKTOT,INTEG_1300,NOT NULL,,
INTDOKTOT,INTEG_1301,NOT NULL,,
INTDOKTOT,INTEG_1302,NOT NULL,,
INTDOKTOT,INTEG_1303,NOT NULL,,
INTDOKTOT,INTEG_1304,NOT NULL,,
INTDOKTOT,INTEG_1305,NOT NULL,,
INTDOKTOT,INTEG_1306,NOT NULL,,
INTDOKTOT,INTEG_1307,NOT NULL,,
INTDOKTOT,INTEG_1308,NOT NULL,,
INTDOKTOT,INTEG_1309,NOT NULL,,
INTDOKTOT,INTEG_1310,NOT NULL,,
INTRASTAT,INTEG_1340,NOT NULL,,
INTRASTAT,INTEG_1341,NOT NULL,,
INTRASTAT,INTEG_1342,NOT NULL,,
INTRASTAT,INTEG_1343,NOT NULL,,
INTRASTAT,INTEG_1344,NOT NULL,,
INTRASTAT,INTEG_1345,NOT NULL,,
INTRASTAT,INTEG_1346,NOT NULL,,
INTRASTAT,INTEG_1347,NOT NULL,,
INTRASTAT,INTEG_1348,NOT NULL,,
INTRASTAT,INTRASTAT_CHECK_JEPRIJEM,CHECK,,
INTRASTAT,INTRASTAT_CHECK_KURZFROM,CHECK,,
INTRASTAT,INTRASTAT_CHECK_MESIC,CHECK,,
INTRASTAT,INTRASTAT_CHECK_ROK,CHECK,,
INTRASTAT,INTRASTAT_CHECK_STATUS,CHECK,,
INTRASTAT,INTRASTAT_FK_MENA,FOREIGN KEY,MENA,0
INTRASTAT,INTRASTAT_FK_STREDISKO,FOREIGN KEY,STREDISKO,0
INTRASTAT,INTRASTAT_PK,PRIMARY KEY,IDRIS,0
INTRASTATP,INTEG_1349,NOT NULL,,
INTRASTATP,INTEG_1350,NOT NULL,,
INTRASTATP,INTEG_1351,NOT NULL,,
INTRASTATP,INTEG_1352,NOT NULL,,
INTRASTATP,INTEG_1353,NOT NULL,,
INTRASTATP,INTEG_1354,NOT NULL,,
INTRASTATP,INTEG_1355,NOT NULL,,
INTRASTATP,INTRASTATP_CHECK_SKPOH,CHECK,,
INTRASTATP,INTRASTATP_FK_DMJ,FOREIGN KEY,DMJ,0
INTRASTATP,INTRASTATP_FK_DODPODM,FOREIGN KEY,DODPODM,0
INTRASTATP,INTRASTATP_FK_DRUHDOPR,FOREIGN KEY,DRUHDOPR,0
INTRASTATP,INTRASTATP_FK_IDPOH,FOREIGN KEY,IDPOH,0
INTRASTATP,INTRASTATP_FK_IDPOHPOL,FOREIGN KEY,IDPOHPOL,0
INTRASTATP,INTRASTATP_FK_IDRIS,FOREIGN KEY,IDRIS,0
INTRASTATP,INTRASTATP_FK_KRAJ,FOREIGN KEY,KRAJ,0
INTRASTATP,INTRASTATP_FK_SAZEBNIK,FOREIGN KEY,POLSA,0
INTRASTATP,INTRASTATP_FK_SAZEBNIK,FOREIGN KEY,DOPLKOD,1
INTRASTATP,INTRASTATP_FK_STAT,FOREIGN KEY,STAT,0
INTRASTATP,INTRASTATP_FK_STATOUT,FOREIGN KEY,STATOUT,0
INTRASTATP,INTRASTATP_FK_TRANSAKCE,FOREIGN KEY,TRANSAKCE,0
INTRASTATP,INTRASTATP_FK_ZVLPOH,FOREIGN KEY,ZVLPOH,0
INTRASTATP,INTRASTATP_PK,PRIMARY KEY,IDR,0
INVUC,INTEG_1058,NOT NULL,,
INVUC,INTEG_1059,NOT NULL,,
INVUC,INTEG_1060,NOT NULL,,
INVUC,INTEG_1061,NOT NULL,,
INVUC,INVUC_CHECK_TYP,CHECK,,
INVUC,INVUC_PK,PRIMARY KEY,IDR,0
INVUCPAR,INTEG_1068,NOT NULL,,
INVUCPAR,INTEG_1069,NOT NULL,,
INVUCPAR,INTEG_1070,NOT NULL,,
INVUCPAR,INTEG_1071,NOT NULL,,
INVUCPAR,INVUCPAR_FK_REFID,FOREIGN KEY,REFID,0
INVUCPAR,INVUCPAR_PK,PRIMARY KEY,REFID,0
INVUCPAR,INVUCPAR_PK,PRIMARY KEY,ITEMNAME,1
INVUCPAR,INVUCPAR_PK,PRIMARY KEY,PARTNO,2
INVUCPOL,INTEG_1062,NOT NULL,,
INVUCPOL,INTEG_1063,NOT NULL,,
INVUCPOL,INTEG_1064,NOT NULL,,
INVUCPOL,INTEG_1065,NOT NULL,,
INVUCPOL,INTEG_1066,NOT NULL,,
INVUCPOL,INTEG_1067,NOT NULL,,
INVUCPOL,INVUCPOL_FK_OSNOVA,FOREIGN KEY,SYNTET,0
INVUCPOL,INVUCPOL_FK_OSNOVA,FOREIGN KEY,ANALYT,1
INVUCPOL,INVUCPOL_FK_REFID,FOREIGN KEY,REFID,0
INVUCPOL,INVUCPOL_PK,PRIMARY KEY,IDR,0
INVUCPOL,INVUCPOL_UNQ,UNIQUE,REFID,0
INVUCPOL,INVUCPOL_UNQ,UNIQUE,SYNTET,1
INVUCPOL,INVUCPOL_UNQ,UNIQUE,ANALYT,2
JAZDY,INTEG_205,NOT NULL,,
JAZDY,INTEG_206,NOT NULL,,
JAZDY,INTEG_207,NOT NULL,,
JAZDY,INTEG_208,NOT NULL,,
JAZDY,INTEG_209,NOT NULL,,
JAZDY,INTEG_210,NOT NULL,,
JAZDY,INTEG_211,NOT NULL,,
JAZDY,INTEG_212,NOT NULL,,
JAZDY,INTEG_213,NOT NULL,,
JAZDY,INTEG_214,NOT NULL,,
JAZDY,INTEG_215,NOT NULL,,
JAZDY,INTEG_216,NOT NULL,,
JAZDY,INTEG_217,NOT NULL,,
JAZDY,JAZDY_CHECK_POCETOSOB,CHECK,,
JAZDY,JAZDY_CHECK_TYP_ES,CHECK,,
JAZDY,JAZDY_FK_AUTA,FOREIGN KEY,SPZ,0
JAZDY,JAZDY_FK_MENY,FOREIGN KEY,MENA,0
JAZDY,JAZDY_FK_VODICI,FOREIGN KEY,OSCISLO,0
JAZDY,JAZDY_PK,PRIMARY KEY,IDR,0
KODYBANK,INTEG_1338,NOT NULL,,
KODYBANK,KODYBANK_FK_KODSTAT,FOREIGN KEY,KODSTAT,0
KODYBANK,KODYBANK_PK,PRIMARY KEY,IDR,0
KONTAKTY,INTEG_41,NOT NULL,,
KONTAKTY,INTEG_42,NOT NULL,,
KONTAKTY,KONTAKTY_FK_STATKOD,FOREIGN KEY,STATKOD,0
KONTAKTY,KONTAKTY_PK,PRIMARY KEY,IDR,0
KONTAKTY,KONTAKTY_UNQ_IDENTIF,UNIQUE,IDENTIF,0
KRAJE,INTEG_1314,NOT NULL,,
KRAJE,INTEG_1315,NOT NULL,,
KRAJE,INTEG_1316,NOT NULL,,
KRAJE,KRAJE_PK,PRIMARY KEY,IDR,0
KRAJE,KRAJE_UNQ_KOD,UNIQUE,KOD,0
KSYMBOL,INTEG_1336,NOT NULL,,
KSYMBOL,KSYMBOL_PK,PRIMARY KEY,IDR,0
KSYMBOL,KSYMBOL_UNQ_KOD,UNIQUE,KOD,0
KURZY,INTEG_218,NOT NULL,,
KURZY,INTEG_219,NOT NULL,,
KURZY,INTEG_220,NOT NULL,,
KURZY,KURZY_CHECK_ZBANKY,CHECK,,
KURZY,KURZY_FK_MENY,FOREIGN KEY,MENA,0
KURZY,KURZY_PK,PRIMARY KEY,IDR,0
KURZY,KURZY_UNQ_DATMENA,UNIQUE,DATUM,0
KURZY,KURZY_UNQ_DATMENA,UNIQUE,MENA,1
KURZYCEL,INTEG_221,NOT NULL,,
KURZYCEL,INTEG_222,NOT NULL,,
KURZYCEL,KURZYCEL_PK,PRIMARY KEY,IDR,0
KURZYCEL,KURZYCEL_UNQ_DATMENA,UNIQUE,DATUM,0
KURZYCEL,KURZYCEL_UNQ_DATMENA,UNIQUE,MENA,1
MAJET,INTEG_242,NOT NULL,,
MAJET,INTEG_243,NOT NULL,,
MAJET,INTEG_244,NOT NULL,,
MAJET,INTEG_245,NOT NULL,,
MAJET,INTEG_246,NOT NULL,,
MAJET,INTEG_247,NOT NULL,,
MAJET,INTEG_248,NOT NULL,,
MAJET,INTEG_249,NOT NULL,,
MAJET,INTEG_250,NOT NULL,,
MAJET,INTEG_251,NOT NULL,,
MAJET,INTEG_252,NOT NULL,,
MAJET,INTEG_253,NOT NULL,,
MAJET,INTEG_254,NOT NULL,,
MAJET,INTEG_255,NOT NULL,,
MAJET,INTEG_256,NOT NULL,,
MAJET,INTEG_257,NOT NULL,,
MAJET,INTEG_258,NOT NULL,,
MAJET,INTEG_259,NOT NULL,,
MAJET,INTEG_260,NOT NULL,,
MAJET,INTEG_261,NOT NULL,,
MAJET,INTEG_262,NOT NULL,,
MAJET,INTEG_263,NOT NULL,,
MAJET,MAJET_CHECK_DATZAEVVYEV,CHECK,,
MAJET,MAJET_CHECK_DATZAODVYEV,CHECK,,
MAJET,MAJET_CHECK_DRUH,CHECK,,
MAJET,MAJET_CHECK_MESDANODP,CHECK,,
MAJET,MAJET_CHECK_MESDANPTZ,CHECK,,
MAJET,MAJET_CHECK_MESUCEODP,CHECK,,
MAJET,MAJET_CHECK_PROCDANODP,CHECK,,
MAJET,MAJET_FK_EMMISTA,FOREIGN KEY,STREDISKO,0
MAJET,MAJET_FK_EMMISTA,FOREIGN KEY,MISTO,1
MAJET,MAJET_FK_EMODPSKU,FOREIGN KEY,DRUHODPISU,0
MAJET,MAJET_FK_EMODPSKU,FOREIGN KEY,ODPISSKUP,1
MAJET,MAJET_FK_EMODPSKU,FOREIGN KEY,PZVYSODPIS,2
MAJET,MAJET_FK_EMTRIDY,FOREIGN KEY,TRIDAZAU,0
MAJET,MAJET_FK_EMVOLKAT1,FOREIGN KEY,VOLKAT1,0
MAJET,MAJET_FK_EMVOLKAT2,FOREIGN KEY,VOLKAT2,0
MAJET,MAJET_FK_ZAKAZKA,FOREIGN KEY,CISLO_ZAK,0
MAJET,MAJET_PK,PRIMARY KEY,IDR,0
MAJET,MAJET_UNQ_CISLO,UNIQUE,CISLO,0
MENY,INTEG_106,NOT NULL,,
MENY,INTEG_107,NOT NULL,,
MENY,INTEG_108,NOT NULL,,
MENY,INTEG_109,NOT NULL,,
MENY,MENY_DROBNE_DEL,CHECK,,
MENY,MENY_PK,PRIMARY KEY,IDR,0
MENY,MENY_UNQ_KOD,UNIQUE,KOD,0
MERJEDN,INTEG_1339,NOT NULL,,
MERJEDN,MERJEDN_PK,PRIMARY KEY,IDR,0
MERJEDN,MERJEDN_UNQ_KOD,UNIQUE,KOD,0
MOARCHIV,INTEG_1430,NOT NULL,,
MOARCHIV,INTEG_1431,NOT NULL,,
MOARCHIV,INTEG_1432,NOT NULL,,
MOARCHIV,INTEG_1433,NOT NULL,,
MOARCHIV,INTEG_1434,NOT NULL,,
MOARCHIV,INTEG_1435,NOT NULL,,
MOARCHIV,INTEG_1436,NOT NULL,,
MOARCHIV,INTEG_1437,NOT NULL,,
MOARCHIV,MOARCHIV_EET_STAV,CHECK,,
MOARCHIV,MOARCHIV_FK_IDPOH,FOREIGN KEY,IDPOH,0
MOARCHIV,MOARCHIV_FK_IDPROD,FOREIGN KEY,IDPROD,0
MOARCHIV,MOARCHIV_FK_IDSCHVAL,FOREIGN KEY,IDSCHVAL,0
MOARCHIV,MOARCHIV_FK_TYPKAR,FOREIGN KEY,TYPKAR,0
MOARCHIV,MOARCHIV_PK,PRIMARY KEY,IDR,0
MOATOTAL,INTEG_1445,NOT NULL,,
MOATOTAL,INTEG_1446,NOT NULL,,
MOATOTAL,INTEG_1447,NOT NULL,,
MOATOTAL,INTEG_1448,NOT NULL,,
MOATOTAL,INTEG_1449,NOT NULL,,
MOATOTAL,INTEG_1450,NOT NULL,,
MOATOTAL,INTEG_1451,NOT NULL,,
MOATOTAL,INTEG_1452,NOT NULL,,
MOATOTAL,INTEG_1453,NOT NULL,,
MOATOTAL,INTEG_1454,NOT NULL,,
MOATOTAL,INTEG_1455,NOT NULL,,
MOATOTAL,MOATOTAL_FK_MENA,FOREIGN KEY,MENA,0
MOATOTAL,MOATOTAL_FK_MOARCHIV,FOREIGN KEY,IDMR,0
MOATOTAL,MOATOTAL_FK_TYPYDPH,FOREIGN KEY,TYPDPH,0
MOATOTAL,MOATOTAL_PK,PRIMARY KEY,IDR,0
MOATOTAL,MOATOTAL_UNQ,UNIQUE,IDMR,0
MOATOTAL,MOATOTAL_UNQ,UNIQUE,TYPDPH,1
MOATOTAL,MOATOTAL_UNQ,UNIQUE,TYPSAZBY,2
MOATOTAL,MOATOTAL_UNQ,UNIQUE,SAZBADPH,3
MOATOTAL,MOATOTAL_UNQ,UNIQUE,MENA,4
MODILOG,INTEG_1403,NOT NULL,,
MODILOG,MODILOG_PK,PRIMARY KEY,IDMODI,0
MOHOTOVOST,INTEG_1471,NOT NULL,,
MOHOTOVOST,INTEG_1472,NOT NULL,,
MOHOTOVOST,INTEG_1473,NOT NULL,,
MOHOTOVOST,MOHOTOVOST_FK_IDPROD,FOREIGN KEY,IDPROD,0
MOHOTOVOST,MOHOTOVOST_FK_IDUZAV,FOREIGN KEY,IDUZAV,0
MOHOTOVOST,MOHOTOVOST_PK,PRIMARY KEY,IDR,0
MOJMENA,INTEG_1404,NOT NULL,,
MOJMENA,JMENA_PK,PRIMARY KEY,IDR,0
MONAST,INTEG_1405,NOT NULL,,
MONAST,INTEG_1406,NOT NULL,,
MONAST,INTEG_1407,NOT NULL,,
MONAST,INTEG_1408,NOT NULL,,
MONAST,MONAST_PK,PRIMARY KEY,KASAID,0
MONAST,MONAST_PK,PRIMARY KEY,ITEMNAME,1
MONAST,MONAST_PK,PRIMARY KEY,PARTNO,2
MOPLATBY,INTEG_1438,NOT NULL,,
MOPLATBY,INTEG_1439,NOT NULL,,
MOPLATBY,INTEG_1440,NOT NULL,,
MOPLATBY,INTEG_1441,NOT NULL,,
MOPLATBY,INTEG_1442,NOT NULL,,
MOPLATBY,INTEG_1443,NOT NULL,,
MOPLATBY,INTEG_1444,NOT NULL,,
MOPLATBY,MOPLATBY_FK_IDRARCH,FOREIGN KEY,IDRARCH,0
MOPLATBY,MOPLATBY_FK_MENA,FOREIGN KEY,MENA,0
MOPLATBY,MOPLATBY_FK_TYPKAR,FOREIGN KEY,TYPKAR,0
MOPLATBY,MOPLATBY_PK,PRIMARY KEY,IDR,0
MORUCET,INTEG_1425,NOT NULL,,
MORUCET,INTEG_1426,NOT NULL,,
MORUCET,INTEG_1427,NOT NULL,,
MORUCET,INTEG_1428,NOT NULL,,
MORUCET,INTEG_1429,NOT NULL,,
MORUCET,MORUCET_FK_IDPROD,FOREIGN KEY,IDPROD,0
MORUCET,MORUCET_FK_IDUCET,FOREIGN KEY,IDUCET,0
MORUCET,MORUCET_PK,PRIMARY KEY,IDR,0
MOTOTAL,INTEG_1460,NOT NULL,,
MOTOTAL,INTEG_1461,NOT NULL,,
MOTOTAL,INTEG_1462,NOT NULL,,
MOTOTAL,INTEG_1463,NOT NULL,,
MOTOTAL,INTEG_1464,NOT NULL,,
MOTOTAL,INTEG_1465,NOT NULL,,
MOTOTAL,INTEG_1466,NOT NULL,,
MOTOTAL,INTEG_1467,NOT NULL,,
MOTOTAL,INTEG_1468,NOT NULL,,
MOTOTAL,INTEG_1469,NOT NULL,,
MOTOTAL,INTEG_1470,NOT NULL,,
MOTOTAL,MOTOTAL_FK_MENA,FOREIGN KEY,MENA,0
MOTOTAL,MOTOTAL_FK_MOUZAVERKY,FOREIGN KEY,IDMR,0
MOTOTAL,MOTOTAL_FK_TYPYDPH,FOREIGN KEY,TYPDPH,0
MOTOTAL,MOTOTAL_PK,PRIMARY KEY,IDR,0
MOTOTAL,MOTOTAL_UNQ,UNIQUE,IDMR,0
MOTOTAL,MOTOTAL_UNQ,UNIQUE,TYPDPH,1
MOTOTAL,MOTOTAL_UNQ,UNIQUE,TYPSAZBY,2
MOTOTAL,MOTOTAL_UNQ,UNIQUE,SAZBADPH,3
MOTOTAL,MOTOTAL_UNQ,UNIQUE,MENA,4
MOUCET,INTEG_1409,NOT NULL,,
MOUCET,INTEG_1410,NOT NULL,,
MOUCET,INTEG_1411,NOT NULL,,
MOUCET,INTEG_1412,NOT NULL,,
MOUCET,INTEG_1413,NOT NULL,,
MOUCET,INTEG_1414,NOT NULL,,
MOUCET,INTEG_1415,NOT NULL,,
MOUCET,MOUCET_FK_IDPROD,FOREIGN KEY,IDPROD,0
MOUCET,MOUCET_PK,PRIMARY KEY,IDR,0
MOUCET,MOUCET_SLEVKARTYP,CHECK,,
MOUCETPOL,INTEG_1416,NOT NULL,,
MOUCETPOL,INTEG_1417,NOT NULL,,
MOUCETPOL,INTEG_1418,NOT NULL,,
MOUCETPOL,INTEG_1419,NOT NULL,,
MOUCETPOL,INTEG_1420,NOT NULL,,
MOUCETPOL,INTEG_1421,NOT NULL,,
MOUCETPOL,MOUCETPOL_FK_IDRPOLR,FOREIGN KEY,IDRPOLR,0
MOUCETPOL,MOUCETPOL_FK_IDSKARTA,FOREIGN KEY,IDSKARTA,0
MOUCETPOL,MOUCETPOL_FK_IDUCET,FOREIGN KEY,IDUCET,0
MOUCETPOL,MOUCETPOL_FK_OBJPRPOL,FOREIGN KEY,IDOBJPRPOL,0
MOUCETPOL,MOUCETPOL_PK,PRIMARY KEY,IDR,0
MOUZAVERKY,INTEG_1456,NOT NULL,,
MOUZAVERKY,INTEG_1457,NOT NULL,,
MOUZAVERKY,INTEG_1458,NOT NULL,,
MOUZAVERKY,INTEG_1459,NOT NULL,,
MOUZAVERKY,MOUZAVERKY_FK_IDPROD,FOREIGN KEY,IDPROD,0
MOUZAVERKY,MOUZAVERKY_PK,PRIMARY KEY,IDR,0
MOVYRCIS,INTEG_1422,NOT NULL,,
MOVYRCIS,INTEG_1423,NOT NULL,,
MOVYRCIS,INTEG_1424,NOT NULL,,
MOVYRCIS,MOVYRCISL_FK_IDPOL,FOREIGN KEY,IDPOL,0
MOVYRCIS,MOVYRCISL_FK_IDSKKUS,FOREIGN KEY,IDSKKUS,0
MOVYRCIS,MOVYRCIS_PK,PRIMARY KEY,IDR,0
MOZBOZI,INTEG_1474,NOT NULL,,
MOZBOZI,INTEG_1475,NOT NULL,,
MOZBOZI,INTEG_1476,NOT NULL,,
MOZBOZI,INTEG_1477,NOT NULL,,
MOZBOZI,INTEG_1478,NOT NULL,,
MOZBOZI,MOZBOZI_CHECK_CISKAT,CHECK,,
MOZBOZI,MOZBOZI_CHECK_UCISKAT,CHECK,,
MOZBOZI,MOZBOZI_FK_IDSKARTA,FOREIGN KEY,IDSKARTA,0
MOZBOZI,MOZBOZI_FK_ZBOZIKAT,FOREIGN KEY,CISPOK,0
MOZBOZI,MOZBOZI_FK_ZBOZIKAT,FOREIGN KEY,UCISKAT,1
MOZBOZI,MOZBOZI_PK,PRIMARY KEY,IDR,0
MOZBOZI,MOZBOZI_UNQ,UNIQUE,CISPOK,0
MOZBOZI,MOZBOZI_UNQ,UNIQUE,CISKAT,1
MXCINNOST,INTEG_1703,NOT NULL,,
MXCINNOST,MXCINNOST,PRIMARY KEY,IDR,0
MXCINNOSTDET,INTEG_1704,NOT NULL,,
MXCINNOSTDET,INTEG_1705,NOT NULL,,
MXCINNOSTDET,MXCINNOSTDET,PRIMARY KEY,IDR,0
MXDAVKY,INTEG_1714,NOT NULL,,
MXDAVKY,INTEG_1715,NOT NULL,,
MXDAVKY,INTEG_1716,NOT NULL,,
MXDAVKY,INTEG_1717,NOT NULL,,
MXDAVKY,INTEG_1718,NOT NULL,,
MXDAVKY,INTEG_1719,NOT NULL,,
MXDAVKY,INTEG_1720,NOT NULL,,
MXDAVKY,MXDAVKY,PRIMARY KEY,IDR,0
MXDAVKY,MXDAVKY_FK_IDR_DRUH,FOREIGN KEY,IDR_DRUH,0
MXDAVKY,MXDAVKY_FK_IDR_PRED,FOREIGN KEY,IDR_PRED,0
MXDAVKY,MXDAVKY_FK_ID_OSOBY,FOREIGN KEY,ID_OSOBY,0
MXDAVKY,MXDAVKY_FK_ID_POMERU,FOREIGN KEY,ID_POMERU,0
MXDAVKYDRUH,INTEG_1713,NOT NULL,,
MXDAVKYDRUH,MXDAVKYDRUH,PRIMARY KEY,IDR,0
MXDAVKYDRUH,MXDAVKYDRUH_FK_IDMC_DAVKA,FOREIGN KEY,IDMC_DAVKA,0
MXDAVKYDRUH,MXDAVKYDRUH_FK_IDMC_KDNI,FOREIGN KEY,IDMC_KDNI,0
MXDAVKYDRUH,MXDAVKYDRUH_FK_IDMC_NAH_N,FOREIGN KEY,IDMC_NAH_N,0
MXDAVKYDRUH,MXDAVKYDRUH_FK_IDMC_NAH_Z,FOREIGN KEY,IDMC_NAH_Z,0
MXDAVKYDRUH,MXDAVKYDRUH_FK_IDMC_PDNI,FOREIGN KEY,IDMC_PDNI,0
MXDDSZAM,INTEG_1678,NOT NULL,,
MXDDSZAM,INTEG_1679,NOT NULL,,
MXDDSZAM,INTEG_1680,NOT NULL,,
MXDDSZAM,INTEG_1681,NOT NULL,,
MXDDSZAM,MXDDSZAM_FK_IDR_DDS,FOREIGN KEY,IDR_DDS,0
MXDDSZAM,MXDDSZAM_FK_IDR_PLATBY,FOREIGN KEY,IDR_PLATBY,0
MXDDSZAM,MXDDSZAM_FK_IDR_POMERU,FOREIGN KEY,ID_POMERU,0
MXDDSZAM,MXDDSZAM_PK,PRIMARY KEY,IDR,0
MXDOCHAZKA,INTEG_1697,NOT NULL,,
MXDOCHAZKA,INTEG_1698,NOT NULL,,
MXDOCHAZKA,INTEG_1699,NOT NULL,,
MXDOCHAZKA,INTEG_1700,NOT NULL,,
MXDOCHAZKA,MXDOCHAZKA,PRIMARY KEY,IDR,0
MXDOCHAZKA,MXDOCHAZKA_FK_IDR_DAVKY,FOREIGN KEY,IDR_DAVKY,0
MXDOCHAZKA,MXDOCHAZKA_FK_ID_POMERU,FOREIGN KEY,ID_POMERU,0
MXDOCHDOBY,INTEG_1682,NOT NULL,,
MXDOCHDOBY,INTEG_1683,NOT NULL,,
MXDOCHDOBY,INTEG_1684,NOT NULL,,
MXDOCHDOBY,INTEG_1685,NOT NULL,,
MXDOCHDOBY,MXDOCHDOBY_FK_IDR_POMERU,FOREIGN KEY,ID_POMERU,0
MXDOCHDOBY,MXDOCHDOBY_PK,PRIMARY KEY,IDR,0
MXDOCHUC,INTEG_1701,NOT NULL,,
MXDOCHUC,INTEG_1702,NOT NULL,,
MXDOCHUC,MXDOCHUC,PRIMARY KEY,IDR,0
MXDOCHUC,MXDOCHUC_FK_IDR_DOCH,FOREIGN KEY,IDR_DOCH,0
MXDOCHUC,MXDOCHUC_FK_ID_MZDC,FOREIGN KEY,ID_MZDC,0
MXDRUHCINOSSZ,MXDRUHCINOSSZ_PK,PRIMARY KEY,DRUH,0
MXDRUHYPOM,INTEG_1624,NOT NULL,,
MXDRUHYPOM,MXDRUHYPOM_PK,PRIMARY KEY,IDR,0
MXELDP,INTEG_1671,NOT NULL,,
MXELDP,INTEG_1672,NOT NULL,,
MXELDP,INTEG_1673,NOT NULL,,
MXELDP,MXELDP_FK_IDR_POMERU,FOREIGN KEY,ID_POMERU,0
MXELDP,MXELDP_PK,PRIMARY KEY,IDR,0
MXELDPDET,INTEG_1674,NOT NULL,,
MXELDPDET,INTEG_1675,NOT NULL,,
MXELDPDET,INTEG_1676,NOT NULL,,
MXELDPDET,INTEG_1677,NOT NULL,,
MXELDPDET,MXELDPDET_FK_IDR_ELDP,FOREIGN KEY,IDR_ELDP,0
MXELDPDET,MXELDPDET_PK,PRIMARY KEY,IDR,0
MXEVIDSTAV,INTEG_1627,NOT NULL,,
MXEVIDSTAV,MXEVIDSTAV_PK,PRIMARY KEY,KOD,0
MXEXEK,INTEG_1746,NOT NULL,,
MXEXEK,INTEG_1747,NOT NULL,,
MXEXEK,INTEG_1748,NOT NULL,,
MXEXEK,INTEG_1749,NOT NULL,,
MXEXEK,INTEG_1750,NOT NULL,,
MXEXEK,INTEG_1751,NOT NULL,,
MXEXEK,MXEXEK_FK_IDR_PPLATBY,FOREIGN KEY,IDR_PLATBY,0
MXEXEK,MXEXEK_FK_ID_MZDC,FOREIGN KEY,ID_MZDC,0
MXEXEK,MXEXEK_FK_ID_OSOBY,FOREIGN KEY,ID_OSOBY,0
MXEXEK,MXEXEK_FK_ID_POMERU,FOREIGN KEY,ID_POMERU,0
MXEXEK,MXEXEK_PK,PRIMARY KEY,IDR,0
MXFOTO,INTEG_1618,NOT NULL,,
MXFOTO,MXFOTO_PK,PRIMARY KEY,IDR,0
MXHROZN,INTEG_1752,NOT NULL,,
MXHROZN,MXHROZN_PK,PRIMARY KEY,IDR,0
MXICSE,INTEG_1630,NOT NULL,,
MXICSE,MXICSE_PK,PRIMARY KEY,KOD,0
MXIDMZDC,INTEG_1622,NOT NULL,,
MXIDMZDC,INTEG_1623,NOT NULL,,
MXIDMZDC,MXIDMZDC_PK,PRIMARY KEY,IDPOL,0
MXIDMZDC,MXIDMZDC_UNQ_JMENO,UNIQUE,JMENO,0
MXIDOSOB,INTEG_1610,NOT NULL,,
MXIDOSOB,MXIDOSOB_PK,PRIMARY KEY,ID_OSOBY,0
MXIDPOMERU,INTEG_1641,NOT NULL,,
MXIDPOMERU,MXIDPOMERU_PK,PRIMARY KEY,ID_POMERU,0
MXIMPDOCHKODY,INTEG_1761,NOT NULL,,
MXIMPDOCHKODY,INTEG_1762,NOT NULL,,
MXIMPDOCHKODY,INTEG_1763,NOT NULL,,
MXIMPDOCHKODY,MXIMPDOCHKODY_PK,PRIMARY KEY,IDR,0
MXISPMZD,INTEG_1631,NOT NULL,,
MXISPMZD,MXISPMZD_CHECK_ADDSUB,CHECK,,
MXISPMZD,MXISPMZD_FK_EXPOL,FOREIGN KEY,EXPOL,0
MXISPMZD,MXISPMZD_FK_ID_MZDC,FOREIGN KEY,ID_MZDC,0
MXISPMZD,MXISPMZD_PK,PRIMARY KEY,EXPOL,0
MXISPMZD,MXISPMZD_PK,PRIMARY KEY,ID_MZDC,1
MXISPMZD,MXISPMZD_PK,PRIMARY KEY,UZIVDEF,2
MXISPOLDET,MXISPOLDET_PK,PRIMARY KEY,EXPOL,0
MXISPRUC,INTEG_1632,NOT NULL,,
MXISPRUC,MXISPRUC_FK_EXPOL,FOREIGN KEY,EXPOL,0
MXISPRUC,MXISPRUC_FK_ID_POMERU,FOREIGN KEY,ID_POMERU,0
MXISPRUC,MXISPRUC_PK,PRIMARY KEY,EXPOL,0
MXISPRUC,MXISPRUC_PK,PRIMARY KEY,ID_POMERU,1
MXKALVY,INTEG_1640,NOT NULL,,
MXKALVY,MXKALVY_CHECK_DRUH,CHECK,,
MXKALVY,MXKALVY_PK,PRIMARY KEY,DEN,0
MXKODZAM,INTEG_1625,NOT NULL,,
MXKODZAM,MXKODZAM_PK,PRIMARY KEY,KOD,0
MXLAU,MXLAU_PK,PRIMARY KEY,LAU1,0
MXMISTAVYKONU,INTEG_1764,NOT NULL,,
MXMISTAVYKONU,MXMISTAVYKONU_PK,PRIMARY KEY,IDR,0
MXMZDCIS,INTEG_1619,NOT NULL,,
MXMZDCIS,INTEG_1620,NOT NULL,,
MXMZDCIS,INTEG_1621,NOT NULL,,
MXMZDCIS,MXMZDCIS_CHECK_DO_MM_INA,CHECK,,
MXMZDCIS,MXMZDCIS_CHECK_DO_MM_MES,CHECK,,
MXMZDCIS,MXMZDCIS_CHECK_DO_PRUM_H,CHECK,,
MXMZDCIS,MXMZDCIS_CHECK_NA_PASKU,CHECK,,
MXMZDCIS,MXMZDCIS_CHECK_SPOSOB_ZDAN,CHECK,,
MXMZDCIS,MXMZDCIS_CHECK_TYP_ODV,CHECK,,
MXMZDCIS,MXMZDCIS_CHECK_TYP_VYPOCTU,CHECK,,
MXMZDCIS,MXMZDCIS_CHECK_ZAOK_ZPUS,CHECK,,
MXMZDCIS,MXMZDCIS_FK_IDPOL,FOREIGN KEY,IDPOL,0
MXMZDCIS,MXMZDCIS_PK,PRIMARY KEY,IDR,0
MXMZDY,INTEG_1655,NOT NULL,,
MXMZDY,INTEG_1656,NOT NULL,,
MXMZDY,INTEG_1657,NOT NULL,,
MXMZDY,INTEG_1658,NOT NULL,,
MXMZDY,INTEG_1659,NOT NULL,,
MXMZDY,MXMZDY_CHECK_MES,CHECK,,
MXMZDY,MXMZDY_FK_IDR_OBDOBI,FOREIGN KEY,IDR_OBDOBI,0
MXMZDY,MXMZDY_FK_ID_POMERU,FOREIGN KEY,ID_POMERU,0
MXMZDY,MXMZDY_PK,PRIMARY KEY,IDR,0
MXMZDYPOL,INTEG_1660,NOT NULL,,
MXMZDYPOL,INTEG_1661,NOT NULL,,
MXMZDYPOL,INTEG_1662,NOT NULL,,
MXMZDYPOL,MXMZDYPOL_FK_IDR_EXEK,FOREIGN KEY,IDR_EXEK,0
MXMZDYPOL,MXMZDYPOL_FK_IDR_MZDY,FOREIGN KEY,IDR_MZDY,0
MXMZDYPOL,MXMZDYPOL_FK_IDR_ODVOD,FOREIGN KEY,IDR_ODVOD,0
MXMZDYPOL,MXMZDYPOL_FK_IDR_PLATBY,FOREIGN KEY,IDR_PLATBY,0
MXMZDYPOL,MXMZDYPOL_FK_IDR_RODPRI,FOREIGN KEY,IDR_RODPRI,0
MXMZDYPOL,MXMZDYPOL_FK_ID_MZDC,FOREIGN KEY,ID_MZDC,0
MXMZDYPOL,MXMZDYPOL_PK,PRIMARY KEY,IDR,0
MXNOTIFIKACEPN,MXNOTIFIKACEPN_FK_ID_OSOBY,FOREIGN KEY,ID_OSOBY,0
MXNOTIFIKACEPN,MXNOTIFIKACEPN_FK_ID_POMERU,FOREIGN KEY,ID_POMERU,0
MXNOTIFIKACEPN,MXNOTIFIKACEPN_PK,PRIMARY KEY,IDR,0
MXOBCE,MXOBCE_PK,PRIMARY KEY,IDR,0
MXOBDOBI,INTEG_1721,NOT NULL,,
MXOBDOBI,INTEG_1722,NOT NULL,,
MXOBDOBI,INTEG_1723,NOT NULL,,
MXOBDOBI,MXOBDOBI_CHECK_MES,CHECK,,
MXOBDOBI,MXOBDOBI_CHECK_ORGANIZACE,CHECK,,
MXOBDOBI,MXOBDOBI_PK,PRIMARY KEY,IDR,0
MXOBDOBI,MXOBDOBI_UNQ_ROKMES,UNIQUE,ROK,0
MXOBDOBI,MXOBDOBI_UNQ_ROKMES,UNIQUE,MES,1
MXODBORZVAZY,INTEG_1737,NOT NULL,,
MXODBORZVAZY,MXODBORZVAZY_PK,PRIMARY KEY,KOD,0
MXODVETVIA,INTEG_1736,NOT NULL,,
MXODVETVIA,MXODVETVIA_PK,PRIMARY KEY,KOD,0
MXODVODY,INTEG_1691,NOT NULL,,
MXODVODY,MXODVODY_FK_IDR_PLATBY,FOREIGN KEY,IDR_PLATBY,0
MXODVODY,MXODVODY_PK,PRIMARY KEY,IDR,0
MXOKEC,INTEG_1628,NOT NULL,,
MXOKEC,MXOKEC_PK,PRIMARY KEY,OKEC,0
MXOKRCSSZ,MXOKRCSSZ_PK,PRIMARY KEY,ID,0
MXOSOBY,INTEG_1611,NOT NULL,,
MXOSOBY,INTEG_1612,NOT NULL,,
MXOSOBY,INTEG_1613,NOT NULL,,
MXOSOBY,INTEG_1614,NOT NULL,,
MXOSOBY,INTEG_1615,NOT NULL,,
MXOSOBY,MXOSOBY_CHECK_POHLAVI,CHECK,,
MXOSOBY,MXOSOBY_FK_ID_FOTO,FOREIGN KEY,ID_FOTO,0
MXOSOBY,MXOSOBY_FK_ID_OSOBY,FOREIGN KEY,ID_OSOBY,0
MXOSOBY,MXOSOBY_FK_RODSTAV,FOREIGN KEY,RODINNYSTAV,0
MXOSOBY,MXOSOBY_FK_STATPRISL,FOREIGN KEY,STATPRISL,0
MXOSOBY,MXOSOBY_FK_TRVSTAT,FOREIGN KEY,TRVSTAT,0
MXOSOBY,MXOSOBY_FK_VZDELANI,FOREIGN KEY,VZDELANI,0
MXOSOBY,MXOSOBY_PK,PRIMARY KEY,IDR,0
MXOSOBY,MXOSOBY_UNQ_DATID,UNIQUE,ID_OSOBY,0
MXOSOBY,MXOSOBY_UNQ_DATID,UNIQUE,PLATIOD,1
MXPLATBY,INTEG_1692,NOT NULL,,
MXPLATBY,MXPLATBY_FK_ID_OSOBY,FOREIGN KEY,ID_OSOBY,0
MXPLATBY,MXPLATBY_PK,PRIMARY KEY,IDR,0
MXPOMERPOL,INTEG_1652,NOT NULL,,
MXPOMERPOL,INTEG_1653,NOT NULL,,
MXPOMERPOL,INTEG_1654,NOT NULL,,
MXPOMERPOL,MXPOMERPOL_FK_IDR_ODVOD,FOREIGN KEY,IDR_ODVOD,0
MXPOMERPOL,MXPOMERPOL_FK_IDR_PLATBY,FOREIGN KEY,IDR_PLATBY,0
MXPOMERPOL,MXPOMERPOL_FK_IDR_RODPRI,FOREIGN KEY,IDR_RODPRI,0
MXPOMERPOL,MXPOMERPOL_FK_ID_MZDC,FOREIGN KEY,ID_MZDC,0
MXPOMERPOL,MXPOMERPOL_FK_ID_POMERU,FOREIGN KEY,ID_POMERU,0
MXPOMERPOL,MXPOMERPOL_PK,PRIMARY KEY,IDR,0
MXPOMERY,INTEG_1642,NOT NULL,,
MXPOMERY,INTEG_1643,NOT NULL,,
MXPOMERY,INTEG_1644,NOT NULL,,
MXPOMERY,INTEG_1645,NOT NULL,,
MXPOMERY,INTEG_1646,NOT NULL,,
MXPOMERY,INTEG_1647,NOT NULL,,
MXPOMERY,MXPOMERY_CHECK_DRUH_MZDY,CHECK,,
MXPOMERY,MXPOMERY_CHECK_KODZDANENI,CHECK,,
MXPOMERY,MXPOMERY_CHECK_SOC_DUCH_POJ,CHECK,,
MXPOMERY,MXPOMERY_CHECK_SVATKY_ZP,CHECK,,
MXPOMERY,MXPOMERY_CHECK_VYK_DOH_ZP,CHECK,,
MXPOMERY,MXPOMERY_CHECK_ZDR_KAT,CHECK,,
MXPOMERY,MXPOMERY_FK_DRUH_CIN,FOREIGN KEY,DRUH_CIN,0
MXPOMERY,MXPOMERY_FK_DRUH_POM,FOREIGN KEY,DRUH_POM,0
MXPOMERY,MXPOMERY_FK_IDR_VYCHOZI,FOREIGN KEY,IDR_VYCHOZI,0
MXPOMERY,MXPOMERY_FK_IDR_ZAUC_SA,FOREIGN KEY,IDR_ZAUC_SA,0
MXPOMERY,MXPOMERY_FK_IDR_ZDRP,FOREIGN KEY,IDR_ZDRP,0
MXPOMERY,MXPOMERY_FK_ID_OSOBY,FOREIGN KEY,ID_OSOBY,0
MXPOMERY,MXPOMERY_FK_ID_POMERU,FOREIGN KEY,ID_POMERU,0
MXPOMERY,MXPOMERY_FK_ID_PP_ZDAN,FOREIGN KEY,ID_PP_ZDAN,0
MXPOMERY,MXPOMERY_FK_I_ZAKAZKA,FOREIGN KEY,I_ZAKAZKA,0
MXPOMERY,MXPOMERY_FK_KODZAM,FOREIGN KEY,KODZAM,0
MXPOMERY,MXPOMERY_FK_KOD_EVID_ST,FOREIGN KEY,KOD_EVID_ST,0
MXPOMERY,MXPOMERY_FK_PRAC_KAL,FOREIGN KEY,PRAC_KAL,0
MXPOMERY,MXPOMERY_FK_STREDISKO,FOREIGN KEY,STREDISKO,0
MXPOMERY,MXPOMERY_FK_TYP_SMLOUVY,FOREIGN KEY,TYP_SMLOUVY,0
MXPOMERY,MXPOMERY_PK,PRIMARY KEY,IDR,0
MXPRACE,INTEG_1730,NOT NULL,,
MXPRACE,MXPRACE_PK,PRIMARY KEY,IDR,0
MXPRACKAL,INTEG_1633,NOT NULL,,
MXPRACKAL,INTEG_1634,NOT NULL,,
MXPRACKAL,INTEG_1635,NOT NULL,,
MXPRACKAL,MXPRACKAL_CHECK_CYK_TYD,CHECK,,
MXPRACKAL,MXPRACKAL_PK,PRIMARY KEY,KOD,0
MXPRACKDET,INTEG_1636,NOT NULL,,
MXPRACKDET,INTEG_1637,NOT NULL,,
MXPRACKDET,INTEG_1638,NOT NULL,,
MXPRACKDET,MXPRACKDET_FK_KOD_KAL,FOREIGN KEY,KOD_KAL,0
MXPRACKDET,MXPRACKDET_FK_KOD_SM,FOREIGN KEY,KOD_SM,0
MXPRACKDET,MXPRACKDET_PK,PRIMARY KEY,IDR,0
MXPRACKDET,MXPRACKDET_UNQ_SMENA,UNIQUE,KOD_KAL,0
MXPRACKDET,MXPRACKDET_UNQ_SMENA,UNIQUE,CYK_DEN,1
MXPRACKDET,MXPRACKDET_UNQ_SMENA,UNIQUE,KOD_SM,2
MXPRAVFOR,INTEG_1629,NOT NULL,,
MXPRAVFOR,MXPRAVFOR_PK,PRIMARY KEY,KOD,0
MXREGLISTY,INTEG_1663,NOT NULL,,
MXREGLISTY,INTEG_1664,NOT NULL,,
MXREGLISTY,INTEG_1665,NOT NULL,,
MXREGLISTY,INTEG_1666,NOT NULL,,
MXREGLISTY,INTEG_1667,NOT NULL,,
MXREGLISTY,MXREGLISTY_FK_IDR_POMERU,FOREIGN KEY,ID_POMERU,0
MXREGLISTY,MXREGLISTY_PK,PRIMARY KEY,IDR,0
MXRODPRISL,INTEG_1648,NOT NULL,,
MXRODPRISL,INTEG_1649,NOT NULL,,
MXRODPRISL,INTEG_1650,NOT NULL,,
MXRODPRISL,INTEG_1651,NOT NULL,,
MXRODPRISL,MXRODPRISL_CHECK_RODVZTAH,CHECK,,
MXRODPRISL,MXRODPRISL_FK_ID_OSOBY,FOREIGN KEY,ID_OSOBY,0
MXRODPRISL,MXRODPRISL_PK,PRIMARY KEY,IDR,0
MXRODSTAV,INTEG_1616,NOT NULL,,
MXRODSTAV,MXRODSTAV_PK,PRIMARY KEY,ID,0
MXSADYMC,INTEG_1706,NOT NULL,,
MXSADYMC,MXSADYMC,PRIMARY KEY,IDR,0
MXSADYMCPOL,INTEG_1707,NOT NULL,,
MXSADYMCPOL,INTEG_1708,NOT NULL,,
MXSADYMCPOL,MXSADYMCPOL,PRIMARY KEY,IDR_SADY,0
MXSADYMCPOL,MXSADYMCPOL,PRIMARY KEY,ID_MZDC,1
MXSADYMCPOL,MXSADYMCPOL_FK_IDR_SADY,FOREIGN KEY,IDR_SADY,0
MXSADYMCPOL,MXSADYMCPOL_FK_ID_MZDC,FOREIGN KEY,ID_MZDC,0
MXSMENY,INTEG_1639,NOT NULL,,
MXSMENY,MXSMENY_CHECK_TYP,CHECK,,
MXSMENY,MXSMENY_PK,PRIMARY KEY,KOD,0
MXSTATVYKDEFPOL,INTEG_1738,NOT NULL,,
MXSTATVYKDEFPOL,INTEG_1739,NOT NULL,,
MXSTATVYKDEFPOL,INTEG_1740,NOT NULL,,
MXSTATVYKDEFPOL,MXSTATVYKDEFPOL,PRIMARY KEY,IDR,0
MXTESTYCOVID,MXTESTYCOVID_FK_ID_OSOBY,FOREIGN KEY,ID_OSOBY,0
MXTESTYCOVID,MXTESTYCOVID_PK,PRIMARY KEY,IDR,0
MXTYPSML,INTEG_1626,NOT NULL,,
MXTYPSML,MXTYPSML_PK,PRIMARY KEY,TYP,0
MXUZAVDET,INTEG_1724,NOT NULL,,
MXUZAVDET,INTEG_1725,NOT NULL,,
MXUZAVDET,INTEG_1726,NOT NULL,,
MXUZAVDET,MXUZAVDET_FK_IDR_OBDOBI,FOREIGN KEY,IDR_OBDOBI,0
MXUZAVDET,MXUZAVDET_FK_IDR_ODV,FOREIGN KEY,IDR_ODV,0
MXUZAVDET,MXUZAVDET_PK,PRIMARY KEY,IDR,0
MXUZAVPOI,INTEG_1727,NOT NULL,,
MXUZAVPOI,INTEG_1728,NOT NULL,,
MXUZAVPOI,INTEG_1729,NOT NULL,,
MXUZAVPOI,MXUZAVPOI_CHECK_TYP_POISTNE,CHECK,,
MXUZAVPOI,MXUZAVPOI_FK_IDR_OBDOBI,FOREIGN KEY,IDR_OBDOBI,0
MXUZAVPOI,MXUZAVPOI_PK,PRIMARY KEY,IDR,0
MXUZIVDOCH,INTEG_1742,NOT NULL,,
MXUZIVDOCH,MXUZIVDOCH_CHECK_MINULY,CHECK,,
MXUZIVDOCH,MXUZIVDOCH_CHECK_TRV_TYP,CHECK,,
MXUZIVDOCH,MXUZIVDOCH_PK,PRIMARY KEY,IDR,0
MXUZIVDOCHDET,INTEG_1743,NOT NULL,,
MXUZIVDOCHDET,INTEG_1744,NOT NULL,,
MXUZIVDOCHDET,INTEG_1745,NOT NULL,,
MXUZIVDOCHDET,MXUZIVDOCHDET_CHECK_HODNOTA,CHECK,,
MXUZIVDOCHDET,MXUZIVDOCHDET_FK_IDR_MASTER,FOREIGN KEY,IDR_MASTER,0
MXUZIVDOCHDET,MXUZIVDOCHDET_FK_ID_MZDC,FOREIGN KEY,ID_MZDC,0
MXUZIVDOCHDET,MXUZIVDOCHDET_PK,PRIMARY KEY,IDR,0
MXUZIVNAST,MXUZIVNAST_FK_FIRPRPR,FOREIGN KEY,USERID,0
MXUZIVNAST,MXUZIVNAST_PK,PRIMARY KEY,USERID,0
MXVYCHOZI,INTEG_1709,NOT NULL,,
MXVYCHOZI,MXVYCHOZI,PRIMARY KEY,IDR,0
MXVYCHPOL,INTEG_1710,NOT NULL,,
MXVYCHPOL,INTEG_1711,NOT NULL,,
MXVYCHPOL,INTEG_1712,NOT NULL,,
MXVYCHPOL,MXVYCHPOL,PRIMARY KEY,IDR,0
MXVYCHPOL,MXVYCHPOL_FK_IDR_ODVOD,FOREIGN KEY,IDR_ODVOD,0
MXVYCHPOL,MXVYCHPOL_FK_IDR_SADY,FOREIGN KEY,IDR_SADY,0
MXVYCHPOL,MXVYCHPOL_FK_ID_MZDC,FOREIGN KEY,ID_MZDC,0
MXVYKONY,INTEG_1731,NOT NULL,,
MXVYKONY,INTEG_1732,NOT NULL,,
MXVYKONY,INTEG_1733,NOT NULL,,
MXVYKONY,INTEG_1734,NOT NULL,,
MXVYKONY,INTEG_1735,NOT NULL,,
MXVYKONY,MXVYKONY_FK_IDR_OBDOBI,FOREIGN KEY,IDR_OBDOBI,0
MXVYKONY,MXVYKONY_FK_IDR_PRACE,FOREIGN KEY,IDR_PRACE,0
MXVYKONY,MXVYKONY_FK_ID_POMERU,FOREIGN KEY,ID_POMERU,0
MXVYKONY,MXVYKONY_FK_I_ZAKAZKA,FOREIGN KEY,I_ZAKAZKA,0
MXVYKONY,MXVYKONY_FK_STREDISKO,FOREIGN KEY,STREDISKO,0
MXVYKONY,MXVYKONY_PK,PRIMARY KEY,IDR,0
MXVZDELANI,INTEG_1617,NOT NULL,,
MXVZDELANI,MXVZDELANI_PK,PRIMARY KEY,ID,0
MXVZNEPRPRIJ,INTEG_1686,NOT NULL,,
MXVZNEPRPRIJ,INTEG_1687,NOT NULL,,
MXVZNEPRPRIJ,INTEG_1688,NOT NULL,,
MXVZNEPRPRIJ,INTEG_1689,NOT NULL,,
MXVZNEPRPRIJ,INTEG_1690,NOT NULL,,
MXVZNEPRPRIJ,MXVZNEPRPRIJ_CHECK_TYP_POISTNE,CHECK,,
MXVZNEPRPRIJ,MXVZNEPRPRIJ_CHECK_ZA_MESIAC,CHECK,,
MXVZNEPRPRIJ,MXVZNEPRPRIJ_FK_IDR_MZDY,FOREIGN KEY,IDR_MZDY,0
MXVZNEPRPRIJ,MXVZNEPRPRIJ_PK,PRIMARY KEY,IDR,0
MXZAUCDET,INTEG_1694,NOT NULL,,
MXZAUCDET,INTEG_1695,NOT NULL,,
MXZAUCDET,INTEG_1696,NOT NULL,,
MXZAUCDET,MXZAUCDET_FK_DAL,FOREIGN KEY,DALS,0
MXZAUCDET,MXZAUCDET_FK_DAL,FOREIGN KEY,DALA,1
MXZAUCDET,MXZAUCDET_FK_IDR_ODVOD,FOREIGN KEY,IDR_ODVOD,0
MXZAUCDET,MXZAUCDET_FK_IDR_SAB,FOREIGN KEY,IDR_SAB,0
MXZAUCDET,MXZAUCDET_FK_ID_MZDC,FOREIGN KEY,ID_MZDC,0
MXZAUCDET,MXZAUCDET_FK_I_ZAKAZKA,FOREIGN KEY,I_ZAKAZKA,0
MXZAUCDET,MXZAUCDET_FK_MADAT,FOREIGN KEY,MADATS,0
MXZAUCDET,MXZAUCDET_FK_MADAT,FOREIGN KEY,MADATA,1
MXZAUCDET,MXZAUCDET_FK_STREDISKO,FOREIGN KEY,STREDISKO,0
MXZAUCDET,MXZAUCDET_PK,PRIMARY KEY,IDR,0
MXZAUCSAB,INTEG_1693,NOT NULL,,
MXZAUCSAB,MXZAUCSAB_FK_ID_POMERU,FOREIGN KEY,ID_POMERU,0
MXZAUCSAB,MXZAUCSAB_PK,PRIMARY KEY,IDR,0
MXZMPLATZPOI,INTEG_1668,NOT NULL,,
MXZMPLATZPOI,INTEG_1669,NOT NULL,,
MXZMPLATZPOI,INTEG_1670,NOT NULL,,
MXZMPLATZPOI,MXZMPLATZPOI_FK_ID_OSOBY,FOREIGN KEY,ID_OSOBY,0
MXZMPLATZPOI,MXZMPLATZPOI_PK,PRIMARY KEY,IDR,0
OBAL,INTEG_1221,NOT NULL,,
OBAL,INTEG_1222,NOT NULL,,
OBAL,INTEG_1223,NOT NULL,,
OBAL,INTEG_1224,NOT NULL,,
OBAL,INTEG_1225,NOT NULL,,
OBAL,INTEG_1226,NOT NULL,,
OBAL,OBAL_CHECK_POCETMJ,CHECK,,
OBAL,OBAL_CHECK_POCETMJ_DEL,CHECK,,
OBAL,OBAL_CHECK_PUVOD,CHECK,,
OBAL,OBAL_CHECK_VYRAZENI,CHECK,,
OBAL,OBAL_FK_OBSAH,FOREIGN KEY,OBSAH,0
OBAL,OBAL_FK_ODMENY,FOREIGN KEY,ODMENY,0
OBAL,OBAL_FK_POUZITI,FOREIGN KEY,POUZITI,0
OBAL,OBAL_FK_PUVOD,FOREIGN KEY,PUVOD,0
OBAL,OBAL_FK_SPEC_EV,FOREIGN KEY,SPEC_EV,0
OBAL,OBAL_FK_TYPOBALU,FOREIGN KEY,TYPOBALU,0
OBAL,OBAL_FK_VYRAZENI,FOREIGN KEY,VYRAZENI,0
OBAL,OBAL_PK,PRIMARY KEY,IDOBAL,0
OBALPOL,INTEG_1227,NOT NULL,,
OBALPOL,INTEG_1228,NOT NULL,,
OBALPOL,INTEG_1229,NOT NULL,,
OBALPOL,INTEG_1230,NOT NULL,,
OBALPOL,INTEG_1231,NOT NULL,,
OBALPOL,OBALPOL_CHECK_BARVA,CHECK,,
OBALPOL,OBALPOL_CHECK_JEDNOTKA,CHECK,,
OBALPOL,OBALPOL_CHECK_KOMPOZIT,CHECK,,
OBALPOL,OBALPOL_CHECK_KOVY,CHECK,,
OBALPOL,OBALPOL_CHECK_OBJEM,CHECK,,
OBALPOL,OBALPOL_CHECK_PLASTY,CHECK,,
OBALPOL,OBALPOL_CHECK_SUROVINA,CHECK,,
OBALPOL,OBALPOL_CHECK_VAHA,CHECK,,
OBALPOL,OBALPOL_FK_BARVA,FOREIGN KEY,BARVA,0
OBALPOL,OBALPOL_FK_JEDNOTKA,FOREIGN KEY,JEDNOTKA,0
OBALPOL,OBALPOL_FK_KOMPOZIT,FOREIGN KEY,KOMPOZIT,0
OBALPOL,OBALPOL_FK_KOVY,FOREIGN KEY,KOVY,0
OBALPOL,OBALPOL_FK_MATERIAL,FOREIGN KEY,MATERIAL,0
OBALPOL,OBALPOL_FK_OBAL,FOREIGN KEY,IDOBAL,0
OBALPOL,OBALPOL_FK_OBJEM,FOREIGN KEY,OBJEM,0
OBALPOL,OBALPOL_FK_PLASTY,FOREIGN KEY,PLASTY,0
OBALPOL,OBALPOL_FK_SUROVINA,FOREIGN KEY,SUROVINA,0
OBALPOL,OBALPOL_PK,PRIMARY KEY,IDOBAL,0
OBALPOL,OBALPOL_PK,PRIMARY KEY,IDOBALPOL,1
OBALVYKAZ,INTEG_1232,NOT NULL,,
OBALVYKAZ,INTEG_1233,NOT NULL,,
OBALVYKAZ,INTEG_1234,NOT NULL,,
OBALVYKAZ,INTEG_1235,NOT NULL,,
OBALVYKAZ,OBALVYKAZ_CHECK_KVARTAL,CHECK,,
OBALVYKAZ,OBALVYKAZ_CHECK_ROK,CHECK,,
OBALVYKAZ,OBALVYKAZ_CHECK_STATUS,CHECK,,
OBALVYKAZ,OBALVYKAZ_PK,PRIMARY KEY,VYKAZID,0
OBALVYKAZP,INTEG_1236,NOT NULL,,
OBALVYKAZP,INTEG_1237,NOT NULL,,
OBALVYKAZP,INTEG_1238,NOT NULL,,
OBALVYKAZP,OBALVYKAZP_FK_REFID,FOREIGN KEY,REFID,0
OBALVYKAZP,OBALVYKAZP_PK,PRIMARY KEY,REFID,0
OBALVYKAZP,OBALVYKAZP_PK,PRIMARY KEY,ITEMNAME,1
OBALVYKAZP,OBALVYKAZP_PK,PRIMARY KEY,PARTNO,2
OBDOBI,INTEG_85,NOT NULL,,
OBDOBI,INTEG_86,NOT NULL,,
OBDOBI,INTEG_87,NOT NULL,,
OBDOBI,INTEG_88,NOT NULL,,
OBDOBI,INTEG_89,NOT NULL,,
OBDOBI,INTEG_90,NOT NULL,,
OBDOBI,INTEG_91,NOT NULL,,
OBDOBI,INTEG_92,NOT NULL,,
OBDOBI,INTEG_93,NOT NULL,,
OBDOBI,INTEG_94,NOT NULL,,
OBDOBI,INTEG_95,NOT NULL,,
OBDOBI,INTEG_96,NOT NULL,,
OBDOBI,INTEG_97,NOT NULL,,
OBDOBI,INTEG_98,NOT NULL,,
OBDOBI,OBDOBI_CHECK_DATUMODDO,CHECK,,
OBDOBI,OBDOBI_IDR,PRIMARY KEY,IDR,0
OBJPR,INTEG_812,NOT NULL,,
OBJPR,INTEG_813,NOT NULL,,
OBJPR,INTEG_814,NOT NULL,,
OBJPR,INTEG_815,NOT NULL,,
OBJPR,INTEG_816,NOT NULL,,
OBJPR,INTEG_817,NOT NULL,,
OBJPR,INTEG_818,NOT NULL,,
OBJPR,INTEG_819,NOT NULL,,
OBJPR,INTEG_820,NOT NULL,,
OBJPR,INTEG_821,NOT NULL,,
OBJPR,OBJPR_CHECK_FIXCENA,CHECK,,
OBJPR,OBJPR_FK_ADRES,FOREIGN KEY,ICO,0
OBJPR,OBJPR_FK_ADRESPRIJ,FOREIGN KEY,ICOPRIJ,0
OBJPR,OBJPR_FK_KONTAKTY,FOREIGN KEY,IDKONTAKT,0
OBJPR,OBJPR_FK_MENY,FOREIGN KEY,MENA,0
OBJPR,OBJPR_FK_SKLADY,FOREIGN KEY,CISLOSKL,0
OBJPR,OBJPR_FK_STAT_DPH,FOREIGN KEY,STAT_DPH,0
OBJPR,OBJPR_FK_STREDIS,FOREIGN KEY,STREDISKO,0
OBJPR,OBJPR_FK_TYPYDPH,FOREIGN KEY,TYPDPH,0
OBJPR,OBJPR_FK_USRLOCK,FOREIGN KEY,USRLOCK,0
OBJPR,OBJPR_FK_VATNUMBER,FOREIGN KEY,VATNUMBER,0
OBJPR,OBJPR_FK_ZAKAZKA,FOREIGN KEY,CISLO_ZAK,0
OBJPR,OBJPR_MOSS,CHECK,,
OBJPR,OBJPR_PK,PRIMARY KEY,IDOBJ,0
OBJPR,OBJPR_UNQ_CISLO,UNIQUE,CISLO,0
OBJPRPOL,INTEG_822,NOT NULL,,
OBJPRPOL,INTEG_823,NOT NULL,,
OBJPRPOL,INTEG_824,NOT NULL,,
OBJPRPOL,INTEG_825,NOT NULL,,
OBJPRPOL,INTEG_826,NOT NULL,,
OBJPRPOL,INTEG_827,NOT NULL,,
OBJPRPOL,INTEG_828,NOT NULL,,
OBJPRPOL,INTEG_829,NOT NULL,,
OBJPRPOL,INTEG_830,NOT NULL,,
OBJPRPOL,INTEG_831,NOT NULL,,
OBJPRPOL,INTEG_832,NOT NULL,,
OBJPRPOL,INTEG_833,NOT NULL,,
OBJPRPOL,INTEG_834,NOT NULL,,
OBJPRPOL,INTEG_835,NOT NULL,,
OBJPRPOL,INTEG_836,NOT NULL,,
OBJPRPOL,INTEG_837,NOT NULL,,
OBJPRPOL,INTEG_838,NOT NULL,,
OBJPRPOL,INTEG_839,NOT NULL,,
OBJPRPOL,OBJPRPOL_CHECK_IDNABPOL,CHECK,,
OBJPRPOL,OBJPRPOL_CHECK_POCREZMJ,CHECK,,
OBJPRPOL,OBJPRPOL_CHECK_SKLAD,CHECK,,
OBJPRPOL,OBJPRPOL_CHECK_SKLADREZ,CHECK,,
OBJPRPOL,OBJPRPOL_CHECK_VYBAVIT,CHECK,,
OBJPRPOL,OBJPRPOL_CHECK_VYBAVREZ,CHECK,,
OBJPRPOL,OBJPRPOL_FK_IDNABPOL,FOREIGN KEY,IDNABPOL,0
OBJPRPOL,OBJPRPOL_FK_IDRPOLR,FOREIGN KEY,IDRPOLR,0
OBJPRPOL,OBJPRPOL_FK_OBJPR,FOREIGN KEY,IDOBJ,0
OBJPRPOL,OBJPRPOL_FK_OBJVYPOL,FOREIGN KEY,IDOBJVYPOL,0
OBJPRPOL,OBJPRPOL_FK_SKKAR,FOREIGN KEY,IDRKAR,0
OBJPRPOL,OBJPRPOL_FK_SKLADY,FOREIGN KEY,CISLOSKL,0
OBJPRPOL,OBJPRPOL_FK_STREDIS,FOREIGN KEY,STREDISKO,0
OBJPRPOL,OBJPRPOL_FK_TYP_POL,FOREIGN KEY,TYP_POL,0
OBJPRPOL,OBJPRPOL_FK_ZAKAZKA,FOREIGN KEY,CISLO_ZAK,0
OBJPRPOL,OBJPRPOL_PK,PRIMARY KEY,IDR,0
OBJPRPOL,OBJPRPOL_UQ_IDOBJ_RIADOK,UNIQUE,IDOBJ,0
OBJPRPOL,OBJPRPOL_UQ_IDOBJ_RIADOK,UNIQUE,RIADOK,1
OBJPRTOTAL,INTEG_840,NOT NULL,,
OBJPRTOTAL,INTEG_841,NOT NULL,,
OBJPRTOTAL,INTEG_842,NOT NULL,,
OBJPRTOTAL,INTEG_843,NOT NULL,,
OBJPRTOTAL,INTEG_844,NOT NULL,,
OBJPRTOTAL,INTEG_845,NOT NULL,,
OBJPRTOTAL,INTEG_846,NOT NULL,,
OBJPRTOTAL,INTEG_847,NOT NULL,,
OBJPRTOTAL,INTEG_848,NOT NULL,,
OBJPRTOTAL,INTEG_849,NOT NULL,,
OBJPRTOTAL,INTEG_850,NOT NULL,,
OBJPRTOTAL,OBJPRTOTAL_FK_MENA,FOREIGN KEY,MENA,0
OBJPRTOTAL,OBJPRTOTAL_FK_OBJPR,FOREIGN KEY,IDMR,0
OBJPRTOTAL,OBJPRTOTAL_FK_TYPYDPH,FOREIGN KEY,TYPDPH,0
OBJPRTOTAL,OBJPRTOTAL_PK,PRIMARY KEY,IDR,0
OBJPRTOTAL,OBJPRTOTAL_UNQ,UNIQUE,IDMR,0
OBJPRTOTAL,OBJPRTOTAL_UNQ,UNIQUE,TYPDPH,1
OBJPRTOTAL,OBJPRTOTAL_UNQ,UNIQUE,TYPSAZBY,2
OBJPRTOTAL,OBJPRTOTAL_UNQ,UNIQUE,SAZBADPH,3
OBJPRTOTAL,OBJPRTOTAL_UNQ,UNIQUE,MENA,4
OBJVY,INTEG_851,NOT NULL,,
OBJVY,INTEG_852,NOT NULL,,
OBJVY,INTEG_853,NOT NULL,,
OBJVY,INTEG_854,NOT NULL,,
OBJVY,INTEG_855,NOT NULL,,
OBJVY,INTEG_856,NOT NULL,,
OBJVY,INTEG_857,NOT NULL,,
OBJVY,INTEG_858,NOT NULL,,
OBJVY,INTEG_859,NOT NULL,,
OBJVY,INTEG_860,NOT NULL,,
OBJVY,OBJVY_CHECK_FIXCENA,CHECK,,
OBJVY,OBJVY_FK_ADRES,FOREIGN KEY,ICO,0
OBJVY,OBJVY_FK_ADRESPRIJ,FOREIGN KEY,ICOPRIJ,0
OBJVY,OBJVY_FK_KONTAKTY,FOREIGN KEY,IDKONTAKT,0
OBJVY,OBJVY_FK_MENY,FOREIGN KEY,MENA,0
OBJVY,OBJVY_FK_SKLADY,FOREIGN KEY,CISLOSKL,0
OBJVY,OBJVY_FK_STAT_DPH,FOREIGN KEY,STAT_DPH,0
OBJVY,OBJVY_FK_STREDIS,FOREIGN KEY,STREDISKO,0
OBJVY,OBJVY_FK_TYPYDPH,FOREIGN KEY,TYPDPH,0
OBJVY,OBJVY_FK_USRLOCK,FOREIGN KEY,USRLOCK,0
OBJVY,OBJVY_FK_VATNUMBER,FOREIGN KEY,VATNUMBER,0
OBJVY,OBJVY_FK_ZAKAZKA,FOREIGN KEY,CISLO_ZAK,0
OBJVY,OBJVY_MOSS,CHECK,,
OBJVY,OBJVY_PK,PRIMARY KEY,IDOBJ,0
OBJVY,OBJVY_UNQ_CISLO,UNIQUE,CISLO,0
OBJVYPOL,INTEG_861,NOT NULL,,
OBJVYPOL,INTEG_862,NOT NULL,,
OBJVYPOL,INTEG_863,NOT NULL,,
OBJVYPOL,INTEG_864,NOT NULL,,
OBJVYPOL,INTEG_865,NOT NULL,,
OBJVYPOL,INTEG_866,NOT NULL,,
OBJVYPOL,INTEG_867,NOT NULL,,
OBJVYPOL,INTEG_868,NOT NULL,,
OBJVYPOL,INTEG_869,NOT NULL,,
OBJVYPOL,INTEG_870,NOT NULL,,
OBJVYPOL,INTEG_871,NOT NULL,,
OBJVYPOL,INTEG_872,NOT NULL,,
OBJVYPOL,INTEG_873,NOT NULL,,
OBJVYPOL,INTEG_874,NOT NULL,,
OBJVYPOL,OBJVYPOL_CHECK_IDPOPPOL,CHECK,,
OBJVYPOL,OBJVYPOL_CHECK_SKLAD,CHECK,,
OBJVYPOL,OBJVYPOL_CHECK_VYBAVIT,CHECK,,
OBJVYPOL,OBJVYPOL_FK_IDPOPPOL,FOREIGN KEY,IDPOPPOL,0
OBJVYPOL,OBJVYPOL_FK_IDRPOLR,FOREIGN KEY,IDRPOLR,0
OBJVYPOL,OBJVYPOL_FK_OBJVY,FOREIGN KEY,IDOBJ,0
OBJVYPOL,OBJVYPOL_FK_SKKAR,FOREIGN KEY,IDRKAR,0
OBJVYPOL,OBJVYPOL_FK_SKLADY,FOREIGN KEY,CISLOSKL,0
OBJVYPOL,OBJVYPOL_FK_STREDIS,FOREIGN KEY,STREDISKO,0
OBJVYPOL,OBJVYPOL_FK_TYP_POL,FOREIGN KEY,TYP_POL,0
OBJVYPOL,OBJVYPOL_FK_ZAKAZKA,FOREIGN KEY,CISLO_ZAK,0
OBJVYPOL,OBJVYPOL_PK,PRIMARY KEY,IDR,0
OBJVYPOL,OBJVYPOL_UQ_IDOBJ_RIADOK,UNIQUE,IDOBJ,0
OBJVYPOL,OBJVYPOL_UQ_IDOBJ_RIADOK,UNIQUE,RIADOK,1
OBJVYTOTAL,INTEG_875,NOT NULL,,
OBJVYTOTAL,INTEG_876,NOT NULL,,
OBJVYTOTAL,INTEG_877,NOT NULL,,
OBJVYTOTAL,INTEG_878,NOT NULL,,
OBJVYTOTAL,INTEG_879,NOT NULL,,
OBJVYTOTAL,INTEG_880,NOT NULL,,
OBJVYTOTAL,INTEG_881,NOT NULL,,
OBJVYTOTAL,INTEG_882,NOT NULL,,
OBJVYTOTAL,INTEG_883,NOT NULL,,
OBJVYTOTAL,INTEG_884,NOT NULL,,
OBJVYTOTAL,INTEG_885,NOT NULL,,
OBJVYTOTAL,OBJVYTOTAL_FK_MENA,FOREIGN KEY,MENA,0
OBJVYTOTAL,OBJVYTOTAL_FK_OBJVY,FOREIGN KEY,IDMR,0
OBJVYTOTAL,OBJVYTOTAL_FK_TYPYDPH,FOREIGN KEY,TYPDPH,0
OBJVYTOTAL,OBJVYTOTAL_PK,PRIMARY KEY,IDR,0
OBJVYTOTAL,OBJVYTOTAL_UNQ,UNIQUE,IDMR,0
OBJVYTOTAL,OBJVYTOTAL_UNQ,UNIQUE,TYPDPH,1
OBJVYTOTAL,OBJVYTOTAL_UNQ,UNIQUE,TYPSAZBY,2
OBJVYTOTAL,OBJVYTOTAL_UNQ,UNIQUE,SAZBADPH,3
OBJVYTOTAL,OBJVYTOTAL_UNQ,UNIQUE,MENA,4
OPRAVTOTAL,INTEG_1376,NOT NULL,,
OPRAVTOTAL,INTEG_1377,NOT NULL,,
OPRAVTOTAL,INTEG_1378,NOT NULL,,
OPRAVTOTAL,INTEG_1379,NOT NULL,,
OPRAVTOTAL,INTEG_1380,NOT NULL,,
OPRAVTOTAL,INTEG_1381,NOT NULL,,
OPRAVTOTAL,INTEG_1382,NOT NULL,,
OPRAVTOTAL,INTEG_1383,NOT NULL,,
OPRAVTOTAL,INTEG_1384,NOT NULL,,
OPRAVTOTAL,INTEG_1385,NOT NULL,,
OPRAVTOTAL,INTEG_1386,NOT NULL,,
OPRAVTOTAL,OPRAVTOTAL_FK_MENA,FOREIGN KEY,MENA,0
OPRAVTOTAL,OPRAVTOTAL_FK_OBJPR,FOREIGN KEY,IDMR,0
OPRAVTOTAL,OPRAVTOTAL_FK_TYPYDPH,FOREIGN KEY,TYPDPH,0
OPRAVTOTAL,OPRAVTOTAL_PK,PRIMARY KEY,IDR,0
OPRAVTOTAL,OPRAVTOTAL_UNQ,UNIQUE,IDMR,0
OPRAVTOTAL,OPRAVTOTAL_UNQ,UNIQUE,TYPDPH,1
OPRAVTOTAL,OPRAVTOTAL_UNQ,UNIQUE,TYPSAZBY,2
OPRAVTOTAL,OPRAVTOTAL_UNQ,UNIQUE,SAZBADPH,3
OPRAVTOTAL,OPRAVTOTAL_UNQ,UNIQUE,MENA,4
OPRAVY,INTEG_1361,NOT NULL,,
OPRAVY,INTEG_1362,NOT NULL,,
OPRAVY,INTEG_1363,NOT NULL,,
OPRAVY,INTEG_1364,NOT NULL,,
OPRAVY,INTEG_1365,NOT NULL,,
OPRAVY,INTEG_1366,NOT NULL,,
OPRAVY,INTEG_1367,NOT NULL,,
OPRAVY,INTEG_1368,NOT NULL,,
OPRAVY,INTEG_1369,NOT NULL,,
OPRAVY,INTEG_1370,NOT NULL,,
OPRAVY,INTEG_1371,NOT NULL,,
OPRAVY,INTEG_1372,NOT NULL,,
OPRAVY,INTEG_1373,NOT NULL,,
OPRAVY,INTEG_1374,NOT NULL,,
OPRAVY,INTEG_1375,NOT NULL,,
OPRAVY,OBJPR_FK_TYPDPH,FOREIGN KEY,TYPDPH,0
OPRAVY,OPRAVY_FK_ICO,FOREIGN KEY,ICO,0
OPRAVY,OPRAVY_FK_ICODOD,FOREIGN KEY,ICODOD,0
OPRAVY,OPRAVY_FK_ICOPRIJ,FOREIGN KEY,ICOPRIJ,0
OPRAVY,OPRAVY_FK_IDFAKPR,FOREIGN KEY,IDFAKPR,0
OPRAVY,OPRAVY_FK_IDFAKVY,FOREIGN KEY,IDFAKVY,0
OPRAVY,OPRAVY_FK_IDOSPOH,FOREIGN KEY,IDOSPOH,0
OPRAVY,OPRAVY_FK_IDOSZAV,FOREIGN KEY,IDOSZAV,0
OPRAVY,OPRAVY_FK_IDPZASILKY,FOREIGN KEY,IDPZASILKY,0
OPRAVY,OPRAVY_FK_IDRKAR,FOREIGN KEY,IDRKAR,0
OPRAVY,OPRAVY_FK_KONTAKTY,FOREIGN KEY,IDKONTAKT,0
OPRAVY,OPRAVY_FK_MENY,FOREIGN KEY,MENA,0
OPRAVY,OPRAVY_FK_POKDOK,FOREIGN KEY,IDPOKDOK,0
OPRAVY,OPRAVY_FK_STAT_DPH,FOREIGN KEY,STAT_DPH,0
OPRAVY,OPRAVY_FK_STREDIS,FOREIGN KEY,STREDISKO,0
OPRAVY,OPRAVY_FK_USRLOCK,FOREIGN KEY,USRLOCK,0
OPRAVY,OPRAVY_FK_VATNUMBER,FOREIGN KEY,VATNUMBER,0
OPRAVY,OPRAVY_FK_ZAKAZKA,FOREIGN KEY,CISLO_ZAK,0
OPRAVY,OPRAVY_MOSS,CHECK,,
OPRAVY,OPRAVY_PK,PRIMARY KEY,IDOPR,0
OPRAVY,OPRAVY_UNQ_CISLO,UNIQUE,CISLO,0
OPRAVYACT,INTEG_1398,NOT NULL,,
OPRAVYACT,INTEG_1399,NOT NULL,,
OPRAVYACT,INTEG_1400,NOT NULL,,
OPRAVYACT,INTEG_1401,NOT NULL,,
OPRAVYACT,INTEG_1402,NOT NULL,,
OPRAVYACT,OPRAVYACT_FK_KOD,FOREIGN KEY,KOD,0
OPRAVYACT,OPRAVYACT_FK_OPRAVY,FOREIGN KEY,IDOPR,0
OPRAVYACT,OPRAVYACT_PK,PRIMARY KEY,IDR,0
OPRAVYMAT,INTEG_1387,NOT NULL,,
OPRAVYMAT,INTEG_1388,NOT NULL,,
OPRAVYMAT,INTEG_1389,NOT NULL,,
OPRAVYMAT,INTEG_1390,NOT NULL,,
OPRAVYMAT,INTEG_1391,NOT NULL,,
OPRAVYMAT,INTEG_1392,NOT NULL,,
OPRAVYMAT,INTEG_1393,NOT NULL,,
OPRAVYMAT,INTEG_1394,NOT NULL,,
OPRAVYMAT,INTEG_1395,NOT NULL,,
OPRAVYMAT,INTEG_1396,NOT NULL,,
OPRAVYMAT,INTEG_1397,NOT NULL,,
OPRAVYMAT,OPRAVYMAT_CHECK_SKLAD,CHECK,,
OPRAVYMAT,OPRAVYMAT_CHECK_VYBAVIT,CHECK,,
OPRAVYMAT,OPRAVYMAT_FK_OPRAVY,FOREIGN KEY,IDOPR,0
OPRAVYMAT,OPRAVYMAT_FK_SKKAR,FOREIGN KEY,IDRKAR,0
OPRAVYMAT,OPRAVYMAT_FK_SKLADY,FOREIGN KEY,CISLOSKL,0
OPRAVYMAT,OPRAVYMAT_FK_STREDIS,FOREIGN KEY,STREDISKO,0
OPRAVYMAT,OPRAVYMAT_FK_TYP_POL,FOREIGN KEY,TYP_POL,0
OPRAVYMAT,OPRAVYMAT_FK_ZAKAZKA,FOREIGN KEY,CISLO_ZAK,0
OPRAVYMAT,OPRAVYMAT_PK,PRIMARY KEY,IDR,0
OPRAVYMAT,OPRAVYMAT_UQ_IDOPR_RIADOK,UNIQUE,IDOPR,0
OPRAVYMAT,OPRAVYMAT_UQ_IDOPR_RIADOK,UNIQUE,RIADOK,1
OPRCISACT,INTEG_1357,NOT NULL,,
OPRCISACT,INTEG_1358,NOT NULL,,
OPRCISACT,OPRCISACT_CHECK_KOD,CHECK,,
OPRCISACT,OPRCISACT_PK,PRIMARY KEY,IDR,0
OPRCISACT,OPRCISACT_UNQ_KOD,UNIQUE,KOD,0
OPRCISOSB,INTEG_1359,NOT NULL,,
OPRCISOSB,INTEG_1360,NOT NULL,,
OPRCISOSB,OPRCISOSB_PK,PRIMARY KEY,IDR,0
OPRCISOSB,OPRCISOSB_UNQ_OSOBA,UNIQUE,OSOBAUNQ,0
OPRZARDOKL,INTEG_1356,NOT NULL,,
OPRZARDOKL,OPRZARDOKL_PK,PRIMARY KEY,CISLO,0
OSNOVA,INTEG_113,NOT NULL,,
OSNOVA,INTEG_114,NOT NULL,,
OSNOVA,INTEG_115,NOT NULL,,
OSNOVA,OSNOVA_CHECK_DRUH,CHECK,,
OSNOVA,OSNOVA_FK_MENY,FOREIGN KEY,MENA,0
OSNOVA,OSNOVA_PK,PRIMARY KEY,IDR,0
OSNOVA,OSNOVA_UNQ_SA,UNIQUE,SYNTET,0
OSNOVA,OSNOVA_UNQ_SA,UNIQUE,ANALYT,1
OSPOH,INTEG_290,NOT NULL,,
OSPOH,INTEG_291,NOT NULL,,
OSPOH,INTEG_292,NOT NULL,,
OSPOH,INTEG_293,NOT NULL,,
OSPOH,INTEG_294,NOT NULL,,
OSPOH,INTEG_295,NOT NULL,,
OSPOH,INTEG_296,NOT NULL,,
OSPOH,INTEG_297,NOT NULL,,
OSPOH,INTEG_298,NOT NULL,,
OSPOH,INTEG_299,NOT NULL,,
OSPOH,INTEG_300,NOT NULL,,
OSPOH,INTEG_301,NOT NULL,,
OSPOH,OSPOH_EET_STAV,CHECK,,
OSPOH,OSPOH_FK_ADRES,FOREIGN KEY,ICO,0
OSPOH,OSPOH_FK_KODPLNENI,FOREIGN KEY,KODPLNENI,0
OSPOH,OSPOH_FK_KONTAKTY,FOREIGN KEY,IDKONTAKT,0
OSPOH,OSPOH_FK_MENY,FOREIGN KEY,MENA,0
OSPOH,OSPOH_FK_PDPOHYBY,FOREIGN KEY,PDSYNTET,0
OSPOH,OSPOH_FK_PDPOHYBY,FOREIGN KEY,PDANALYT,1
OSPOH,OSPOH_FK_PLKARTY,FOREIGN KEY,PLATKAR,0
OSPOH,OSPOH_FK_STAT_DPH,FOREIGN KEY,STAT_DPH,0
OSPOH,OSPOH_FK_STREDIS,FOREIGN KEY,STREDISKO,0
OSPOH,OSPOH_FK_TYPDOKL,FOREIGN KEY,TYP_DOKL,0
OSPOH,OSPOH_FK_TYPYDPH,FOREIGN KEY,TYPDPH,0
OSPOH,OSPOH_FK_TYPYPZ,FOREIGN KEY,TYP,0
OSPOH,OSPOH_FK_TYP_POL,FOREIGN KEY,TYP_POL,0
OSPOH,OSPOH_FK_UDPREDKONT,FOREIGN KEY,UDPREDKONT,0
OSPOH,OSPOH_FK_VATNUMBER,FOREIGN KEY,VATNUMBER,0
OSPOH,OSPOH_FK_ZAKAZKA,FOREIGN KEY,CISLO_ZAK,0
OSPOH,OSPOH_PK,PRIMARY KEY,IDPZ,0
OSPOH,OSPOH_REZIM_DPH,CHECK,,
OSPOH,OSPOH_UNQ_CISLO,UNIQUE,CISLO,0
OSPOH,OSPOH_UNQ_UUID,UNIQUE,UUID,0
OSPOHPOL,INTEG_302,NOT NULL,,
OSPOHPOL,INTEG_303,NOT NULL,,
OSPOHPOL,INTEG_304,NOT NULL,,
OSPOHPOL,INTEG_305,NOT NULL,,
OSPOHPOL,INTEG_306,NOT NULL,,
OSPOHPOL,INTEG_307,NOT NULL,,
OSPOHPOL,INTEG_308,NOT NULL,,
OSPOHPOL,OSPOHPOL_CHECK_HMOTNOST,CHECK,,
OSPOHPOL,OSPOHPOL_FK_OBJPRPOL,FOREIGN KEY,IDOBJPOL,0
OSPOHPOL,OSPOHPOL_FK_OPRAVY,FOREIGN KEY,IDOPR,0
OSPOHPOL,OSPOHPOL_FK_OPRAVYMAT,FOREIGN KEY,IDOPRMAT,0
OSPOHPOL,OSPOHPOL_FK_OSPOH,FOREIGN KEY,IDPZ,0
OSPOHPOL,OSPOHPOL_FK_SKKAR,FOREIGN KEY,CISLOKAR,0
OSPOHPOL,OSPOHPOL_FK_SKPOH,FOREIGN KEY,IDSKPOH,0
OSPOHPOL,OSPOHPOL_FK_SKPOHPOL,FOREIGN KEY,IDSKPOHPOL,0
OSPOHPOL,OSPOHPOL_FK_STREDIS,FOREIGN KEY,STREDISKO,0
OSPOHPOL,OSPOHPOL_FK_TYPYDPH,FOREIGN KEY,TYPDPH,0
OSPOHPOL,OSPOHPOL_FK_TYP_POL,FOREIGN KEY,TYP_POL,0
OSPOHPOL,OSPOHPOL_FK_ZAKAZKA,FOREIGN KEY,CISLO_ZAK,0
OSPOHPOL,OSPOHPOL_PK,PRIMARY KEY,IDR,0
OSPOHPOL,OSPOHPOL_TEXTROW_CENAPOCET,CHECK,,
OSPOHSPL,INTEG_328,NOT NULL,,
OSPOHSPL,INTEG_329,NOT NULL,,
OSPOHSPL,INTEG_330,NOT NULL,,
OSPOHSPL,INTEG_331,NOT NULL,,
OSPOHSPL,INTEG_332,NOT NULL,,
OSPOHSPL,OSPOHSPL_FK_BANKY,FOREIGN KEY,IDBANKY,0
OSPOHSPL,OSPOHSPL_PK,PRIMARY KEY,IDR,0
OSPOHTOTAL,INTEG_309,NOT NULL,,
OSPOHTOTAL,INTEG_310,NOT NULL,,
OSPOHTOTAL,INTEG_311,NOT NULL,,
OSPOHTOTAL,INTEG_312,NOT NULL,,
OSPOHTOTAL,INTEG_313,NOT NULL,,
OSPOHTOTAL,INTEG_314,NOT NULL,,
OSPOHTOTAL,INTEG_315,NOT NULL,,
OSPOHTOTAL,INTEG_316,NOT NULL,,
OSPOHTOTAL,INTEG_317,NOT NULL,,
OSPOHTOTAL,INTEG_318,NOT NULL,,
OSPOHTOTAL,INTEG_319,NOT NULL,,
OSPOHTOTAL,OSPOHTOTAL_FK_MENA,FOREIGN KEY,MENA,0
OSPOHTOTAL,OSPOHTOTAL_FK_OSPOH,FOREIGN KEY,IDMR,0
OSPOHTOTAL,OSPOHTOTAL_FK_TYPYDPH,FOREIGN KEY,TYPDPH,0
OSPOHTOTAL,OSPOHTOTAL_PK,PRIMARY KEY,IDR,0
OSPOHTOTAL,OSPOHTOTAL_UNQ,UNIQUE,IDMR,0
OSPOHTOTAL,OSPOHTOTAL_UNQ,UNIQUE,TYPDPH,1
OSPOHTOTAL,OSPOHTOTAL_UNQ,UNIQUE,TYPSAZBY,2
OSPOHTOTAL,OSPOHTOTAL_UNQ,UNIQUE,SAZBADPH,3
OSPOHTOTAL,OSPOHTOTAL_UNQ,UNIQUE,MENA,4
OSPOHUHR,INTEG_320,NOT NULL,,
OSPOHUHR,INTEG_321,NOT NULL,,
OSPOHUHR,INTEG_322,NOT NULL,,
OSPOHUHR,INTEG_323,NOT NULL,,
OSPOHUHR,INTEG_324,NOT NULL,,
OSPOHUHR,INTEG_325,NOT NULL,,
OSPOHUHR,INTEG_326,NOT NULL,,
OSPOHUHR,INTEG_327,NOT NULL,,
OSPOHUHR,OSPOHUHR_CHECK_ZPUSOBUHR,CHECK,,
OSPOHUHR,OSPOHUHR_FK_BANKY,FOREIGN KEY,IDBANKY,0
OSPOHUHR,OSPOHUHR_FK_BANOBRAT,FOREIGN KEY,IDBANOBRAT,0
OSPOHUHR,OSPOHUHR_FK_CISPOKL,FOREIGN KEY,IDPOKL,0
OSPOHUHR,OSPOHUHR_FK_MENY,FOREIGN KEY,MENA,0
OSPOHUHR,OSPOHUHR_FK_OSPOH,FOREIGN KEY,IDPZ,0
OSPOHUHR,OSPOHUHR_FK_ZAPOCPOL,FOREIGN KEY,IDZAPOCPOL,0
OSPOHUHR,OSPOHUHR_PK,PRIMARY KEY,IDR,0
OSPOHUHR,OSPOHUHR_UNQ_IDRMENA,UNIQUE,IDR,0
OSPOHUHR,OSPOHUHR_UNQ_IDRMENA,UNIQUE,MENA,1
OSZAV,INTEG_333,NOT NULL,,
OSZAV,INTEG_334,NOT NULL,,
OSZAV,INTEG_335,NOT NULL,,
OSZAV,INTEG_336,NOT NULL,,
OSZAV,INTEG_337,NOT NULL,,
OSZAV,INTEG_338,NOT NULL,,
OSZAV,INTEG_339,NOT NULL,,
OSZAV,INTEG_340,NOT NULL,,
OSZAV,INTEG_341,NOT NULL,,
OSZAV,INTEG_342,NOT NULL,,
OSZAV,INTEG_343,NOT NULL,,
OSZAV,INTEG_344,NOT NULL,,
OSZAV,INTEG_345,NOT NULL,,
OSZAV,INTEG_346,NOT NULL,,
OSZAV,INTEG_347,NOT NULL,,
OSZAV,INTEG_348,NOT NULL,,
OSZAV,INTEG_349,NOT NULL,,
OSZAV,INTEG_350,NOT NULL,,
OSZAV,INTEG_351,NOT NULL,,
OSZAV,INTEG_352,NOT NULL,,
OSZAV,INTEG_353,NOT NULL,,
OSZAV,INTEG_354,NOT NULL,,
OSZAV,INTEG_355,NOT NULL,,
OSZAV,INTEG_356,NOT NULL,,
OSZAV,INTEG_357,NOT NULL,,
OSZAV,OSZAV_FK_ADRES,FOREIGN KEY,ICO,0
OSZAV,OSZAV_FK_ADRESBAN,FOREIGN KEY,IDADRBAN,0
OSZAV,OSZAV_FK_MENY,FOREIGN KEY,MENA,0
OSZAV,OSZAV_FK_PDPOHYBY,FOREIGN KEY,PDSYNTET,0
OSZAV,OSZAV_FK_PDPOHYBY,FOREIGN KEY,PDANALYT,1
OSZAV,OSZAV_FK_PLKARTY,FOREIGN KEY,PLATKAR,0
OSZAV,OSZAV_FK_STAT_DPH,FOREIGN KEY,STAT_DPH,0
OSZAV,OSZAV_FK_STREDIS,FOREIGN KEY,STREDISKO,0
OSZAV,OSZAV_FK_TYPDOKL,FOREIGN KEY,TYP_DOKL,0
OSZAV,OSZAV_FK_TYPYDPH,FOREIGN KEY,TYPDPH,0
OSZAV,OSZAV_FK_TYPYPZ,FOREIGN KEY,TYP,0
OSZAV,OSZAV_FK_TYP_POL,FOREIGN KEY,TYP_POL,0
OSZAV,OSZAV_FK_UDPREDKONT,FOREIGN KEY,UDPREDKONT,0
OSZAV,OSZAV_FK_VATNUMBER,FOREIGN KEY,VATNUMBER,0
OSZAV,OSZAV_FK_ZAKAZKA,FOREIGN KEY,CISLO_ZAK,0
OSZAV,OSZAV_PK,PRIMARY KEY,IDPZ,0
OSZAV,OSZAV_PRIKAZKUHR,CHECK,,
OSZAV,OSZAV_REZIM_DPH,CHECK,,
OSZAV,OSZAV_UNQ_CISLO,UNIQUE,CISLO,0
OSZAV,OSZAV_UNQ_UUID,UNIQUE,UUID,0
OSZAVPOL,INTEG_358,NOT NULL,,
OSZAVPOL,INTEG_359,NOT NULL,,
OSZAVPOL,INTEG_360,NOT NULL,,
OSZAVPOL,INTEG_361,NOT NULL,,
OSZAVPOL,INTEG_362,NOT NULL,,
OSZAVPOL,INTEG_363,NOT NULL,,
OSZAVPOL,INTEG_364,NOT NULL,,
OSZAVPOL,OSZAVPOL_CHECK_HMOTNOST,CHECK,,
OSZAVPOL,OSZAVPOL_FK_OBJVYPOL,FOREIGN KEY,IDOBJPOL,0
OSZAVPOL,OSZAVPOL_FK_OPRAVY,FOREIGN KEY,IDOPR,0
OSZAVPOL,OSZAVPOL_FK_OPRAVYMAT,FOREIGN KEY,IDOPRMAT,0
OSZAVPOL,OSZAVPOL_FK_OSZAV,FOREIGN KEY,IDPZ,0
OSZAVPOL,OSZAVPOL_FK_SKKAR,FOREIGN KEY,CISLOKAR,0
OSZAVPOL,OSZAVPOL_FK_SKPOH,FOREIGN KEY,IDSKPOH,0
OSZAVPOL,OSZAVPOL_FK_SKPOHPOL,FOREIGN KEY,IDSKPOHPOL,0
OSZAVPOL,OSZAVPOL_FK_STREDIS,FOREIGN KEY,STREDISKO,0
OSZAVPOL,OSZAVPOL_FK_TYPYDPH,FOREIGN KEY,TYPDPH,0
OSZAVPOL,OSZAVPOL_FK_TYP_POL,FOREIGN KEY,TYP_POL,0
OSZAVPOL,OSZAVPOL_FK_ZAKAZKA,FOREIGN KEY,CISLO_ZAK,0
OSZAVPOL,OSZAVPOL_PK,PRIMARY KEY,IDR,0
OSZAVPOL,OSZAVPOL_TEXTROW_CENAPOCET,CHECK,,
OSZAVSPL,INTEG_384,NOT NULL,,
OSZAVSPL,INTEG_385,NOT NULL,,
OSZAVSPL,INTEG_386,NOT NULL,,
OSZAVSPL,INTEG_387,NOT NULL,,
OSZAVSPL,INTEG_388,NOT NULL,,
OSZAVSPL,OSZAVSPL_FK_ADRESBAN,FOREIGN KEY,IDADRBAN,0
OSZAVSPL,OSZAVSPL_FK_BANKY,FOREIGN KEY,IDBANKY,0
OSZAVSPL,OSZAVSPL_PK,PRIMARY KEY,IDR,0
OSZAVTOTAL,INTEG_365,NOT NULL,,
OSZAVTOTAL,INTEG_366,NOT NULL,,
OSZAVTOTAL,INTEG_367,NOT NULL,,
OSZAVTOTAL,INTEG_368,NOT NULL,,
OSZAVTOTAL,INTEG_369,NOT NULL,,
OSZAVTOTAL,INTEG_370,NOT NULL,,
OSZAVTOTAL,INTEG_371,NOT NULL,,
OSZAVTOTAL,INTEG_372,NOT NULL,,
OSZAVTOTAL,INTEG_373,NOT NULL,,
OSZAVTOTAL,INTEG_374,NOT NULL,,
OSZAVTOTAL,INTEG_375,NOT NULL,,
OSZAVTOTAL,OSZAVTOTAL_FK_MENA,FOREIGN KEY,MENA,0
OSZAVTOTAL,OSZAVTOTAL_FK_OSPOH,FOREIGN KEY,IDMR,0
OSZAVTOTAL,OSZAVTOTAL_FK_TYPYDPH,FOREIGN KEY,TYPDPH,0
OSZAVTOTAL,OSZAVTOTAL_PK,PRIMARY KEY,IDR,0
OSZAVTOTAL,OSZAVTOTAL_UNQ,UNIQUE,IDMR,0
OSZAVTOTAL,OSZAVTOTAL_UNQ,UNIQUE,TYPDPH,1
OSZAVTOTAL,OSZAVTOTAL_UNQ,UNIQUE,TYPSAZBY,2
OSZAVTOTAL,OSZAVTOTAL_UNQ,UNIQUE,SAZBADPH,3
OSZAVTOTAL,OSZAVTOTAL_UNQ,UNIQUE,MENA,4
OSZAVUHR,INTEG_376,NOT NULL,,
OSZAVUHR,INTEG_377,NOT NULL,,
OSZAVUHR,INTEG_378,NOT NULL,,
OSZAVUHR,INTEG_379,NOT NULL,,
OSZAVUHR,INTEG_380,NOT NULL,,
OSZAVUHR,INTEG_381,NOT NULL,,
OSZAVUHR,INTEG_382,NOT NULL,,
OSZAVUHR,INTEG_383,NOT NULL,,
OSZAVUHR,OSZAVUHR_CHECK_ZPUSOBUHR,CHECK,,
OSZAVUHR,OSZAVUHR_FK_BANKY,FOREIGN KEY,IDBANKY,0
OSZAVUHR,OSZAVUHR_FK_BANOBRAT,FOREIGN KEY,IDBANOBRAT,0
OSZAVUHR,OSZAVUHR_FK_CISPOKL,FOREIGN KEY,IDPOKL,0
OSZAVUHR,OSZAVUHR_FK_MENY,FOREIGN KEY,MENA,0
OSZAVUHR,OSZAVUHR_FK_OSZAV,FOREIGN KEY,IDPZ,0
OSZAVUHR,OSZAVUHR_FK_ZAPOCPOL,FOREIGN KEY,IDZAPOCPOL,0
OSZAVUHR,OSZAVUHR_PK,PRIMARY KEY,IDR,0
OSZAVUHR,OSZAVUHR_UNQ_IDRMENA,UNIQUE,IDR,0
OSZAVUHR,OSZAVUHR_UNQ_IDRMENA,UNIQUE,MENA,1
O_BARVA,INTEG_1205,NOT NULL,,
O_BARVA,INTEG_1206,NOT NULL,,
O_BARVA,O_BARVA_PK,PRIMARY KEY,CISLO,0
O_CENY,INTEG_1213,NOT NULL,,
O_CENY,INTEG_1214,NOT NULL,,
O_CENY,INTEG_1215,NOT NULL,,
O_CENY,INTEG_1216,NOT NULL,,
O_CENY,INTEG_1217,NOT NULL,,
O_CENY,INTEG_1218,NOT NULL,,
O_CENY,O_CENY_CHECK_CENA,CHECK,,
O_CENY,O_CENY_CHECK_KOVY,CHECK,,
O_CENY,O_CENY_CHECK_PLASTY,CHECK,,
O_CENY,O_CENY_FK_KOVY,FOREIGN KEY,KOVY,0
O_CENY,O_CENY_FK_MATERIAL,FOREIGN KEY,MATERIAL,0
O_CENY,O_CENY_FK_PLASTY,FOREIGN KEY,PLASTY,0
O_CENY,O_CENY_FK_POUZITI,FOREIGN KEY,POUZITI,0
O_CENY,O_CENY_FK_TYPOBALU,FOREIGN KEY,TYPOBALU,0
O_CENY,O_CENY_PK,PRIMARY KEY,CISLO,0
O_JEDNOTKY,INTEG_1219,NOT NULL,,
O_JEDNOTKY,INTEG_1220,NOT NULL,,
O_JEDNOTKY,O_JEDNOTKY_PK,PRIMARY KEY,KOEFIC,0
O_KOMPOZIT,INTEG_1199,NOT NULL,,
O_KOMPOZIT,INTEG_1200,NOT NULL,,
O_KOMPOZIT,O_KOMPOZIT_PK,PRIMARY KEY,CISLO,0
O_KOVY,INTEG_1209,NOT NULL,,
O_KOVY,INTEG_1210,NOT NULL,,
O_KOVY,O_KOVY_PK,PRIMARY KEY,CISLO,0
O_MATERIAL,INTEG_1201,NOT NULL,,
O_MATERIAL,INTEG_1202,NOT NULL,,
O_MATERIAL,O_MATERIAL_PK,PRIMARY KEY,CISLO,0
O_OBJEM,INTEG_1197,NOT NULL,,
O_OBJEM,INTEG_1198,NOT NULL,,
O_OBJEM,O_OBJEM_PK,PRIMARY KEY,CISLO,0
O_OBSAH,INTEG_1195,NOT NULL,,
O_OBSAH,INTEG_1196,NOT NULL,,
O_OBSAH,O_OBSAH_PK,PRIMARY KEY,CISLO,0
O_ODMENY,INTEG_1187,NOT NULL,,
O_ODMENY,INTEG_1188,NOT NULL,,
O_ODMENY,O_ODMENY_PK,PRIMARY KEY,CISLO,0
O_PLASTY,INTEG_1203,NOT NULL,,
O_PLASTY,INTEG_1204,NOT NULL,,
O_PLASTY,O_PLASTY_PK,PRIMARY KEY,CISLO,0
O_POUZITI,INTEG_1185,NOT NULL,,
O_POUZITI,INTEG_1186,NOT NULL,,
O_POUZITI,O_POUZITI_PK,PRIMARY KEY,CISLO,0
O_PUVOD,INTEG_1191,NOT NULL,,
O_PUVOD,INTEG_1192,NOT NULL,,
O_PUVOD,O_PUVOD_PK,PRIMARY KEY,CISLO,0
O_SPEC_EV,INTEG_1211,NOT NULL,,
O_SPEC_EV,INTEG_1212,NOT NULL,,
O_SPEC_EV,O_SPEC_EV_PK,PRIMARY KEY,CISLO,0
O_SUROVINA,INTEG_1207,NOT NULL,,
O_SUROVINA,INTEG_1208,NOT NULL,,
O_SUROVINA,O_SUROVINA_PK,PRIMARY KEY,CISLO,0
O_TYPOBALU,INTEG_1189,NOT NULL,,
O_TYPOBALU,INTEG_1190,NOT NULL,,
O_TYPOBALU,O_TYPOBALU_PK,PRIMARY KEY,CISLO,0
O_VYRAZENI,INTEG_1193,NOT NULL,,
O_VYRAZENI,INTEG_1194,NOT NULL,,
O_VYRAZENI,O_VYRAZENI_PK,PRIMARY KEY,CISLO,0
PALIVA,INTEG_100,NOT NULL,,
PALIVA,INTEG_99,NOT NULL,,
PALIVA,PALIVA_FK_PHM,FOREIGN KEY,DRUH,0
PALIVA,PALIVA_PK,PRIMARY KEY,ODDATA,0
PALIVA,PALIVA_PK,PRIMARY KEY,DRUH,1
PAYTITLE,INTEG_1337,NOT NULL,,
PAYTITLE,PAYTITLE_PK,PRIMARY KEY,IDR,0
PAYTITLE,PAYTITLE_UNQ_KOD,UNIQUE,KOD,0
PCARKODY,INTEG_161,NOT NULL,,
PCARKODY,PCARKODY_PK,PRIMARY KEY,IDKOD,0
PDPOCSTAVY,INTEG_922,NOT NULL,,
PDPOCSTAVY,INTEG_923,NOT NULL,,
PDPOCSTAVY,INTEG_924,NOT NULL,,
PDPOCSTAVY,INTEG_925,NOT NULL,,
PDPOCSTAVY,PDPOCSTAVY_FK_PDTYPYPS,FOREIGN KEY,IDTYP,0
PDPOCSTAVY,PDPOCSTAVY_FK_STREDIS,FOREIGN KEY,STREDISKO,0
PDPOCSTAVY,PDPOCSTAVY_PK,PRIMARY KEY,IDR,0
PDPOCSTAVY,PDPOCSTAVY_UNQ_IDTYP_STREDISKO,UNIQUE,IDTYP,0
PDPOCSTAVY,PDPOCSTAVY_UNQ_IDTYP_STREDISKO,UNIQUE,STREDISKO,1
PDPOHYBY,INTEG_916,NOT NULL,,
PDPOHYBY,INTEG_917,NOT NULL,,
PDPOHYBY,INTEG_918,NOT NULL,,
PDPOHYBY,PDPOHYBY_CHECK_ANALYT,CHECK,,
PDPOHYBY,PDPOHYBY_CHECK_SYNTET,CHECK,,
PDPOHYBY,PDPOHYBY_PK,PRIMARY KEY,IDR,0
PDPOHYBY,PDPOHYBY_UNQ_SA,UNIQUE,SYNTET,0
PDPOHYBY,PDPOHYBY_UNQ_SA,UNIQUE,ANALYT,1
PDPREDKONT,INTEG_926,NOT NULL,,
PDPREDKONT,INTEG_927,NOT NULL,,
PDPREDKONT,INTEG_928,NOT NULL,,
PDPREDKONT,INTEG_929,NOT NULL,,
PDPREDKONT,PDPREDKONT_CHECK_CISLO,CHECK,,
PDPREDKONT,PDPREDKONT_FK_PDPOHYBY,FOREIGN KEY,SYNTET,0
PDPREDKONT,PDPREDKONT_FK_PDPOHYBY,FOREIGN KEY,ANALYT,1
PDPREDKONT,PDPREDKONT_FK_STREDIS,FOREIGN KEY,STREDISKO,0
PDPREDKONT,PDPREDKONT_FK_ZAKAZKA,FOREIGN KEY,CISLO_ZAK,0
PDPREDKONT,PDPREDKONT_PK,PRIMARY KEY,IDR,0
PDPREDKONT,PDPREDKONT_UNQ_CISLO,UNIQUE,CISLO,0
PDTYPYPS,INTEG_919,NOT NULL,,
PDTYPYPS,INTEG_920,NOT NULL,,
PDTYPYPS,INTEG_921,NOT NULL,,
PDTYPYPS,PDTYPYPS_CHECK_TYP,CHECK,,
PDTYPYPS,PDTYPYPS_PK,PRIMARY KEY,IDR,0
PDTYPYPS,PDTYPYPS_UNQ_POPIS,UNIQUE,POPIS,0
PDVYKAZY,INTEG_930,NOT NULL,,
PDVYKAZY,INTEG_931,NOT NULL,,
PDVYKAZY,INTEG_932,NOT NULL,,
PDVYKAZY,INTEG_933,NOT NULL,,
PDVYKAZY,PDVYKAZY_CHECK_TYP,CHECK,,
PDVYKAZY,PDVYKAZY_PK,PRIMARY KEY,IDR,0
PDVYKAZYP,INTEG_934,NOT NULL,,
PDVYKAZYP,INTEG_935,NOT NULL,,
PDVYKAZYP,INTEG_936,NOT NULL,,
PDVYKAZYP,INTEG_937,NOT NULL,,
PDVYKAZYP,PDVYKAZYP_FK_REFID,FOREIGN KEY,REFID,0
PDVYKAZYP,PDVYKAZYP_PK,PRIMARY KEY,REFID,0
PDVYKAZYP,PDVYKAZYP_PK,PRIMARY KEY,ITEMNAME,1
PDVYKAZYP,PDVYKAZYP_PK,PRIMARY KEY,PARTNO,2
PDVYKAZYPV,INTEG_938,NOT NULL,,
PDVYKAZYPV,INTEG_939,NOT NULL,,
PDVYKAZYPV,INTEG_940,NOT NULL,,
PDVYKAZYPV,INTEG_941,NOT NULL,,
PDVYKAZYPV,PDVYKAZYPV_CHECK_TYP,CHECK,,
PDVYKAZYPV,PDVYKAZYPV_PK,PRIMARY KEY,IDR,0
PDVYKAZYUZ,INTEG_946,NOT NULL,,
PDVYKAZYUZ,INTEG_947,NOT NULL,,
PDVYKAZYUZ,INTEG_948,NOT NULL,,
PDVYKAZYUZ,INTEG_949,NOT NULL,,
PDVYKAZYUZ,PDVYKAZYUZ_CHECK_TYP,CHECK,,
PDVYKAZYUZ,PDVYKAZYUZ_PK,PRIMARY KEY,IDR,0
PDVYKPVP,INTEG_942,NOT NULL,,
PDVYKPVP,INTEG_943,NOT NULL,,
PDVYKPVP,INTEG_944,NOT NULL,,
PDVYKPVP,INTEG_945,NOT NULL,,
PDVYKPVP,PDVYKPVP_FK_REFID,FOREIGN KEY,REFID,0
PDVYKPVP,PDVYKPVP_PK,PRIMARY KEY,REFID,0
PDVYKPVP,PDVYKPVP_PK,PRIMARY KEY,ITEMNAME,1
PDVYKPVP,PDVYKPVP_PK,PRIMARY KEY,PARTNO,2
PDVYKUZP,INTEG_950,NOT NULL,,
PDVYKUZP,INTEG_951,NOT NULL,,
PDVYKUZP,INTEG_952,NOT NULL,,
PDVYKUZP,INTEG_953,NOT NULL,,
PDVYKUZP,PDVYKUZP_FK_REFID,FOREIGN KEY,REFID,0
PDVYKUZP,PDVYKUZP_PK,PRIMARY KEY,REFID,0
PDVYKUZP,PDVYKUZP_PK,PRIMARY KEY,ITEMNAME,1
PDVYKUZP,PDVYKUZP_PK,PRIMARY KEY,PARTNO,2
PENDE,INTEG_901,NOT NULL,,
PENDE,INTEG_902,NOT NULL,,
PENDE,INTEG_903,NOT NULL,,
PENDE,INTEG_904,NOT NULL,,
PENDE,INTEG_905,NOT NULL,,
PENDE,PENDE_CHECK_CISLO,CHECK,,
PENDE,PENDE_CHECK_CISLOARCH,CHECK,,
PENDE,PENDE_CHECK_CISLONULA,CHECK,,
PENDE,PENDE_FK_BANKY,FOREIGN KEY,IDBANKY,0
PENDE,PENDE_FK_BANKYMENA,FOREIGN KEY,IDBANKY,0
PENDE,PENDE_FK_BANKYMENA,FOREIGN KEY,MENA,1
PENDE,PENDE_FK_BANOBRAT,FOREIGN KEY,IDBANOBRAT,0
PENDE,PENDE_FK_BANOBRATMENA,FOREIGN KEY,IDBANOBRAT,0
PENDE,PENDE_FK_BANOBRATMENA,FOREIGN KEY,MENA,1
PENDE,PENDE_FK_CISPOKL,FOREIGN KEY,IDPOKL,0
PENDE,PENDE_FK_CISPOKLMENA,FOREIGN KEY,IDPOKL,0
PENDE,PENDE_FK_CISPOKLMENA,FOREIGN KEY,MENA,1
PENDE,PENDE_FK_FAKPRUHR,FOREIGN KEY,IDUHR_FP,0
PENDE,PENDE_FK_FAKPRUHRMENA,FOREIGN KEY,IDUHR_FP,0
PENDE,PENDE_FK_FAKPRUHRMENA,FOREIGN KEY,MENA,1
PENDE,PENDE_FK_FAKVYUHR,FOREIGN KEY,IDUHR_FV,0
PENDE,PENDE_FK_FAKVYUHRMENA,FOREIGN KEY,IDUHR_FV,0
PENDE,PENDE_FK_FAKVYUHRMENA,FOREIGN KEY,MENA,1
PENDE,PENDE_FK_INTDOK,FOREIGN KEY,IDINTDOK,0
PENDE,PENDE_FK_INTDOKMENA,FOREIGN KEY,IDINTDOK,0
PENDE,PENDE_FK_INTDOKMENA,FOREIGN KEY,MENA,1
PENDE,PENDE_FK_OSPOHUHR,FOREIGN KEY,IDUHR_PH,0
PENDE,PENDE_FK_OSPOHUHRMENA,FOREIGN KEY,IDUHR_PH,0
PENDE,PENDE_FK_OSPOHUHRMENA,FOREIGN KEY,MENA,1
PENDE,PENDE_FK_OSZAVUHR,FOREIGN KEY,IDUHR_ZV,0
PENDE,PENDE_FK_OSZAVUHRMENA,FOREIGN KEY,IDUHR_ZV,0
PENDE,PENDE_FK_OSZAVUHRMENA,FOREIGN KEY,MENA,1
PENDE,PENDE_FK_PENDE_IDPDX,FOREIGN KEY,IDPDX,0
PENDE,PENDE_FK_POKL,FOREIGN KEY,IDPOKDOK,0
PENDE,PENDE_FK_POKLMENA,FOREIGN KEY,IDPOKDOK,0
PENDE,PENDE_FK_POKLMENA,FOREIGN KEY,MENA,1
PENDE,PENDE_PK,PRIMARY KEY,IDPD,0
PENDE,PENDE_UNQ_CISLO,UNIQUE,CISLO,0
PENDE,PENDE_UNQ_CISLO,UNIQUE,CISLOARCH,1
PENDE,PENDE_UNQ_IDBANOBRAT,UNIQUE,IDBANOBRAT,0
PENDE,PENDE_UNQ_IDINTDOK,UNIQUE,IDINTDOK,0
PENDE,PENDE_UNQ_IDPDX,UNIQUE,IDPDX,0
PENDE,PENDE_UNQ_IDPOKDOK,UNIQUE,IDPOKDOK,0
PENDE,PENDE_UNQ_IDUHR_FP,UNIQUE,IDUHR_FP,0
PENDE,PENDE_UNQ_IDUHR_FV,UNIQUE,IDUHR_FV,0
PENDE,PENDE_UNQ_IDUHR_PH,UNIQUE,IDUHR_PH,0
PENDE,PENDE_UNQ_IDUHR_ZV,UNIQUE,IDUHR_ZV,0
PENDEPOL,INTEG_906,NOT NULL,,
PENDEPOL,INTEG_907,NOT NULL,,
PENDEPOL,INTEG_908,NOT NULL,,
PENDEPOL,INTEG_909,NOT NULL,,
PENDEPOL,INTEG_910,NOT NULL,,
PENDEPOL,INTEG_911,NOT NULL,,
PENDEPOL,INTEG_912,NOT NULL,,
PENDEPOL,INTEG_913,NOT NULL,,
PENDEPOL,INTEG_914,NOT NULL,,
PENDEPOL,INTEG_915,NOT NULL,,
PENDEPOL,PENDEPOL_FK_PDPOHYBY,FOREIGN KEY,POHYB,0
PENDEPOL,PENDEPOL_FK_PDPOHYBY,FOREIGN KEY,ANALYTIKA,1
PENDEPOL,PENDEPOL_FK_PENDE,FOREIGN KEY,IDPD,0
PENDEPOL,PENDEPOL_FK_STREDIS,FOREIGN KEY,STREDISKO,0
PENDEPOL,PENDEPOL_FK_ZAKAZKA,FOREIGN KEY,CISLO_ZAK,0
PENDEPOL,PENDEPOL_PK,PRIMARY KEY,IDR,0
PEVIDLISTKY,INTEG_1577,NOT NULL,,
PEVIDLISTKY,INTEG_1578,NOT NULL,,
PEVIDLISTKY,INTEG_1579,NOT NULL,,
PEVIDLISTKY,INTEG_1580,NOT NULL,,
PEVIDLISTKY,INTEG_1581,NOT NULL,,
PEVIDLISTKY,INTEG_1582,NOT NULL,,
PEVIDLISTKY,PEVIDLISTKY_PK,PRIMARY KEY,ID_PEVIDLISTKY,0
PEVIDPOLOZKY,INTEG_1583,NOT NULL,,
PEVIDPOLOZKY,INTEG_1584,NOT NULL,,
PEVIDPOLOZKY,PEVIDPOLOZKY_FK_PEVIDLISTKY,FOREIGN KEY,ID_PEVIDLISTKY,0
PEVIDPOLOZKY,PEVIDPOLOZKY_PK,PRIMARY KEY,ID_PEVIDPOLOZKY,0
PGEIS_DOPR,INTEG_1502,NOT NULL,,
PGEIS_DOPR,INTEG_1503,NOT NULL,,
PGEIS_DOPR,INTEG_1504,NOT NULL,,
PGEIS_DOPR,INTEG_1505,NOT NULL,,
PGEIS_DOPR,INTEG_1506,NOT NULL,,
PGEIS_DOPR,INTEG_1507,NOT NULL,,
PGEIS_DOPR,INTEG_1508,NOT NULL,,
PGEIS_DOPR,PGEIS_DOPR_PK,PRIMARY KEY,IDR,0
PHM,PHM_PK,PRIMARY KEY,DRUH,0
PHM,PHM_UNQ,UNIQUE,DRUH,0
PHM,PHM_UNQ,UNIQUE,MJ,1
PLATIDLA,INTEG_110,NOT NULL,,
PLATIDLA,INTEG_111,NOT NULL,,
PLATIDLA,INTEG_112,NOT NULL,,
PLATIDLA,PLATIDLA_FK_MENY,FOREIGN KEY,MENA,0
PLATIDLA,PLATIDLA_PK,PRIMARY KEY,IDR,0
PLKARTY,INTEG_160,NOT NULL,,
PLKARTY,PLKARTY_CHECK_CISLO,CHECK,,
PLKARTY,PLKARTY_PK,PRIMARY KEY,CISLO,0
POCZOS,INTEG_389,NOT NULL,,
POCZOS,INTEG_390,NOT NULL,,
POCZOS,INTEG_391,NOT NULL,,
POCZOS,INTEG_392,NOT NULL,,
POCZOS,INTEG_393,NOT NULL,,
POCZOS,INTEG_394,NOT NULL,,
POCZOS,INTEG_395,NOT NULL,,
POCZOS,POCZOS_FK_OSNOVA,FOREIGN KEY,SYNTET,0
POCZOS,POCZOS_FK_OSNOVA,FOREIGN KEY,ANALYT,1
POCZOS,POCZOS_FK_STREDIS,FOREIGN KEY,STREDISKO,0
POCZOS,POCZOS_PK,PRIMARY KEY,IDR,0
POCZOS,POCZOS_UNQ,UNIQUE,SYNTET,0
POCZOS,POCZOS_UNQ,UNIQUE,ANALYT,1
POCZOS,POCZOS_UNQ,UNIQUE,STREDISKO,2
POKL,INTEG_1249,NOT NULL,,
POKL,INTEG_1250,NOT NULL,,
POKL,INTEG_1251,NOT NULL,,
POKL,INTEG_1252,NOT NULL,,
POKL,INTEG_1253,NOT NULL,,
POKL,INTEG_1254,NOT NULL,,
POKL,INTEG_1255,NOT NULL,,
POKL,INTEG_1256,NOT NULL,,
POKL,INTEG_1257,NOT NULL,,
POKL,INTEG_1258,NOT NULL,,
POKL,INTEG_1259,NOT NULL,,
POKL,INTEG_1260,NOT NULL,,
POKL,INTEG_1261,NOT NULL,,
POKL,INTEG_1262,NOT NULL,,
POKL,POKLADNA_PK,PRIMARY KEY,IDPOKDOK,0
POKL,POKLADNA_UNQ_CISLO,UNIQUE,CISLO,0
POKL,POKLADNA_UNQ_IDPOKDOKMENA,UNIQUE,IDPOKDOK,0
POKL,POKLADNA_UNQ_IDPOKDOKMENA,UNIQUE,MENA,1
POKL,POKL_CHECK_DRUH,CHECK,,
POKL,POKL_DRUH_REZIM_DPH,CHECK,,
POKL,POKL_EET_STAV,CHECK,,
POKL,POKL_FK_ADRES,FOREIGN KEY,ICO,0
POKL,POKL_FK_CISPOKL,FOREIGN KEY,IDPOKL,0
POKL,POKL_FK_FAKPRUHR,FOREIGN KEY,IDUHR_FP,0
POKL,POKL_FK_FAKVYUHR,FOREIGN KEY,IDUHR_FV,0
POKL,POKL_FK_KODPLNENI,FOREIGN KEY,KODPLNENI,0
POKL,POKL_FK_OSPOHUHR,FOREIGN KEY,IDUHR_PH,0
POKL,POKL_FK_OSZAVUHR,FOREIGN KEY,IDUHR_ZV,0
POKL,POKL_FK_PDPOHYBY,FOREIGN KEY,PDSYNTET,0
POKL,POKL_FK_PDPOHYBY,FOREIGN KEY,PDANALYT,1
POKL,POKL_FK_STAT_DPH,FOREIGN KEY,STAT_DPH,0
POKL,POKL_FK_STREDIS,FOREIGN KEY,STREDISKO,0
POKL,POKL_FK_TYPDOKL,FOREIGN KEY,TYP_DOKL,0
POKL,POKL_FK_TYPYDPH,FOREIGN KEY,TYPDPH,0
POKL,POKL_FK_TYP_POL,FOREIGN KEY,TYP_POL,0
POKL,POKL_FK_UDPREDKONT,FOREIGN KEY,UDPREDKONT,0
POKL,POKL_FK_VATNUMBER,FOREIGN KEY,VATNUMBER,0
POKL,POKL_FK_ZAKAZKA,FOREIGN KEY,CISLO_ZAK,0
POKL,POKL_KODPLNENI_DRUH,CHECK,,
POKL,POKL_KODPLNENI_ZDROJ,CHECK,,
POKL,POKL_REZIM_DPH,CHECK,,
POKL,POKL_TYPPD,CHECK,,
POKL,POKL_UNQ_UUID,UNIQUE,UUID,0
POKLPOL,INTEG_1263,NOT NULL,,
POKLPOL,INTEG_1264,NOT NULL,,
POKLPOL,INTEG_1265,NOT NULL,,
POKLPOL,INTEG_1266,NOT NULL,,
POKLPOL,INTEG_1267,NOT NULL,,
POKLPOL,INTEG_1268,NOT NULL,,
POKLPOL,INTEG_1269,NOT NULL,,
POKLPOL,POKLPOL_FK_OBJPRPOL,FOREIGN KEY,IDOBJPOL,0
POKLPOL,POKLPOL_FK_OPRAVY,FOREIGN KEY,IDOPR,0
POKLPOL,POKLPOL_FK_OPRAVYMAT,FOREIGN KEY,IDOPRMAT,0
POKLPOL,POKLPOL_FK_POKL,FOREIGN KEY,IDPOKDOK,0
POKLPOL,POKLPOL_FK_SKPOH,FOREIGN KEY,IDSKPOH,0
POKLPOL,POKLPOL_FK_SKPOHPOL,FOREIGN KEY,IDSKPOHPOL,0
POKLPOL,POKLPOL_FK_STREDIS,FOREIGN KEY,STREDISKO,0
POKLPOL,POKLPOL_FK_TYPYDPH,FOREIGN KEY,TYPDPH,0
POKLPOL,POKLPOL_FK_TYP_POL,FOREIGN KEY,TYP_POL,0
POKLPOL,POKLPOL_FK_ZAKAZKA,FOREIGN KEY,CISLO_ZAK,0
POKLPOL,POKLPOL_PK,PRIMARY KEY,IDR,0
POKLPOL,POKLPOL_TEXTROW_CENAPOCET,CHECK,,
POKLTOTAL,INTEG_1270,NOT NULL,,
POKLTOTAL,INTEG_1271,NOT NULL,,
POKLTOTAL,INTEG_1272,NOT NULL,,
POKLTOTAL,INTEG_1273,NOT NULL,,
POKLTOTAL,INTEG_1274,NOT NULL,,
POKLTOTAL,INTEG_1275,NOT NULL,,
POKLTOTAL,INTEG_1276,NOT NULL,,
POKLTOTAL,INTEG_1277,NOT NULL,,
POKLTOTAL,INTEG_1278,NOT NULL,,
POKLTOTAL,INTEG_1279,NOT NULL,,
POKLTOTAL,INTEG_1280,NOT NULL,,
POKLTOTAL,POKLTOTAL_FK_MENA,FOREIGN KEY,MENA,0
POKLTOTAL,POKLTOTAL_FK_POKL,FOREIGN KEY,IDMR,0
POKLTOTAL,POKLTOTAL_FK_TYPYDPH,FOREIGN KEY,TYPDPH,0
POKLTOTAL,POKLTOTAL_PK,PRIMARY KEY,IDR,0
POKLTOTAL,POKLTOTAL_UNQ,UNIQUE,IDMR,0
POKLTOTAL,POKLTOTAL_UNQ,UNIQUE,TYPDPH,1
POKLTOTAL,POKLTOTAL_UNQ,UNIQUE,TYPSAZBY,2
POKLTOTAL,POKLTOTAL_UNQ,UNIQUE,SAZBADPH,3
POKLTOTAL,POKLTOTAL_UNQ,UNIQUE,MENA,4
POLFAK,INTEG_396,NOT NULL,,
POLFAK,INTEG_397,NOT NULL,,
POLFAK,POLFAK_FK_STREDIS,FOREIGN KEY,STREDISKO,0
POLFAK,POLFAK_FK_TYPYDPH,FOREIGN KEY,TYPDPH,0
POLFAK,POLFAK_FK_TYP_POL,FOREIGN KEY,TYP_POL,0
POLFAK,POLFAK_FK_ZAKAZKA,FOREIGN KEY,CISLO_ZAK,0
POLFAK,POLFAK_PK,PRIMARY KEY,IDR,0
POLFAK,POLFAK_TEXTROW_CENAPOCET,CHECK,,
POLUCDE,INTEG_398,NOT NULL,,
POLUCDE,INTEG_399,NOT NULL,,
POLUCDE,INTEG_400,NOT NULL,,
POLUCDE,INTEG_401,NOT NULL,,
POLUCDE,INTEG_402,NOT NULL,,
POLUCDE,INTEG_403,NOT NULL,,
POLUCDE,INTEG_404,NOT NULL,,
POLUCDE,POLUCDE_CHECK_CISLO,CHECK,,
POLUCDE,POLUCDE_CHECK_STEJNEUCTY,CHECK,,
POLUCDE,POLUCDE_CHECK_TYP,CHECK,,
POLUCDE,POLUCDE_FK_CINNOST,FOREIGN KEY,CINNOST,0
POLUCDE,POLUCDE_FK_OSNOVA_DAL,FOREIGN KEY,DALS,0
POLUCDE,POLUCDE_FK_OSNOVA_DAL,FOREIGN KEY,DALA,1
POLUCDE,POLUCDE_FK_OSNOVA_MADAT,FOREIGN KEY,MADATS,0
POLUCDE,POLUCDE_FK_OSNOVA_MADAT,FOREIGN KEY,MADATA,1
POLUCDE,POLUCDE_FK_STREDIS,FOREIGN KEY,STREDISKO,0
POLUCDE,POLUCDE_FK_ZAKAZKA,FOREIGN KEY,CISLO_ZAK,0
POLUCDE,POLUCDE_PK,PRIMARY KEY,IDR,0
POLUCDE,POLUCDE_UNQ_CISLO,UNIQUE,CISLO,0
POSINFO,INTEG_886,NOT NULL,,
POSINFO,INTEG_887,NOT NULL,,
POSINFO,INTEG_888,NOT NULL,,
POSINFO,POSINFO_PK,PRIMARY KEY,MAINID,0
POSINFO,POSINFO_PK,PRIMARY KEY,SUBID,1
POSINFO,POSINFO_PK,PRIMARY KEY,PREFIX,2
POSINFO,POSINFO_UNQ_MAINID_PREFIX,UNIQUE,MAINID,0
POSINFO,POSINFO_UNQ_MAINID_PREFIX,UNIQUE,PREFIX,1
POSTCFG,INTEG_1479,NOT NULL,,
POSTCFG,INTEG_1480,NOT NULL,,
POSTCFG,INTEG_1481,NOT NULL,,
POSTCFG,INTEG_1482,NOT NULL,,
POSTCFG,INTEG_1483,NOT NULL,,
POSTCFG,INTEG_1484,NOT NULL,,
POSTCFG,INTEG_1485,NOT NULL,,
POSTCFG,INTEG_1486,NOT NULL,,
POSTCFG,POSTCFG_FK_STREDISKA,FOREIGN KEY,STREDISKO,0
POSTCFG,POSTCFG_PK,PRIMARY KEY,IDR,0
PPOUKAZKY,INTEG_1568,NOT NULL,,
PPOUKAZKY,INTEG_1569,NOT NULL,,
PPOUKAZKY,INTEG_1570,NOT NULL,,
PPOUKAZKY,INTEG_1571,NOT NULL,,
PPOUKAZKY,INTEG_1572,NOT NULL,,
PPOUKAZKY,INTEG_1573,NOT NULL,,
PPOUKAZKY,INTEG_1574,NOT NULL,,
PPOUKAZKY,INTEG_1575,NOT NULL,,
PPOUKAZKY,INTEG_1576,NOT NULL,,
PPOUKAZKY,PPOUKAZKY_FK_ADRBANODES,FOREIGN KEY,ID_ADRBANODES,0
PPOUKAZKY,PPOUKAZKY_FK_ADRBANPRIJ,FOREIGN KEY,ID_ADRBANPRIJ,0
PPOUKAZKY,PPOUKAZKY_FK_ADRODES,FOREIGN KEY,ID_ADRODES,0
PPOUKAZKY,PPOUKAZKY_FK_ADRPRIJ,FOREIGN KEY,ID_ADRPRIJ,0
PPOUKAZKY,PPOUKAZKY_FK_PTYPYPOUKAZ,FOREIGN KEY,ID_PTYPYPOUKAZ,0
PPOUKAZKY,PPOUKAZKY_FK_STREDISKA,FOREIGN KEY,STREDISKO,0
PPOUKAZKY,PPOUKAZKY_PK,PRIMARY KEY,ID_PPOUKAZKY,0
PPOUKSAZBA,INTEG_1500,NOT NULL,,
PPOUKSAZBA,INTEG_1501,NOT NULL,,
PPOUKSAZBA,PPOUKSAZBA_FK_PTYPYPOUKAZ,FOREIGN KEY,ID_PTYPYPOUKAZ,0
PPOUKSAZBA,PPOUKSAZBA_PK,PRIMARY KEY,ID_PPOUKSAZBA,0
PPOZADSLUZBY,INTEG_1533,NOT NULL,,
PPOZADSLUZBY,INTEG_1534,NOT NULL,,
PPOZADSLUZBY,INTEG_1535,NOT NULL,,
PPOZADSLUZBY,PPOZADSLUZBY_FK_PSEZSLUZEB,FOREIGN KEY,ID_PSEZSLUZEB,0
PPOZADSLUZBY,PPOZADSLUZBY_FK_PTYPYZASIL,FOREIGN KEY,ID_PTYPYZASIL,0
PPOZADSLUZBY,PPOZADSLUZBY_PK,PRIMARY KEY,ID_PPOZADSLUZBY,0
PPREPRAVCI,INTEG_1588,NOT NULL,,
PPREPRAVCI,PPREPRAVCI_PK,PRIMARY KEY,ID_PPREPRAVCI,0
PPRIJPOSTA,INTEG_1562,NOT NULL,,
PPRIJPOSTA,INTEG_1563,NOT NULL,,
PPRIJPOSTA,INTEG_1564,NOT NULL,,
PPRIJPOSTA,INTEG_1565,NOT NULL,,
PPRIJPOSTA,INTEG_1566,NOT NULL,,
PPRIJPOSTA,INTEG_1567,NOT NULL,,
PPRIJPOSTA,PPRIJPOSTA_FK_ADRESY,FOREIGN KEY,ID_ADRESY,0
PPRIJPOSTA,PPRIJPOSTA_FK_PTYPYPRIJPOSTY,FOREIGN KEY,ID_PTYPYPRIJPOSTY,0
PPRIJPOSTA,PPRIJPOSTA_FK_PVYRIZOVATELE,FOREIGN KEY,ID_PVYRIZOVATELE,0
PPRIJPOSTA,PPRIJPOSTA_FK_STREDISKA,FOREIGN KEY,STREDISKO,0
PPRIJPOSTA,PPRIJPOSTA_PK,PRIMARY KEY,ID_PPRIJPOSTA,0
PPRIJPOSTPRIL,INTEG_1560,NOT NULL,,
PPRIJPOSTPRIL,INTEG_1561,NOT NULL,,
PPRIJPOSTPRIL,PPRIJPOSTPRIL_FK_PPRIJPOSTA,FOREIGN KEY,ID_PPRIJPOSTA,0
PPRIJPOSTPRIL,PPRIJPOSTPRIL_PK,PRIMARY KEY,ID_PPRIJPOSTPRIL,0
PRACZARAZ,INTEG_40,NOT NULL,,
PRACZARAZ,PRACZARAZ_PK,PRIMARY KEY,IDR,0
PRACZARAZ,PRACZARAZ_UNQ_POPIS,UNIQUE,POPIS,0
PRIKUHR,INTEG_891,NOT NULL,,
PRIKUHR,INTEG_892,NOT NULL,,
PRIKUHR,PRIKUHR_CHECK_DRUHPRIK,CHECK,,
PRIKUHR,PRIKUHR_CHECK_TYPEXP,CHECK,,
PRIKUHR,PRIKUHR_CHECK_TYPVETY,CHECK,,
PRIKUHR,PRIKUHR_FK_MENY,FOREIGN KEY,H_MENA,0
PRIKUHR,PRIKUHR_PK,PRIMARY KEY,IDR,0
PRIKUHRPOL,INTEG_893,NOT NULL,,
PRIKUHRPOL,INTEG_894,NOT NULL,,
PRIKUHRPOL,PRIKUHRPOL_CHECK_ID,CHECK,,
PRIKUHRPOL,PRIKUHRPOL_FK_BANKY,FOREIGN KEY,IDPOPL,0
PRIKUHRPOL,PRIKUHRPOL_FK_FAKPR,FOREIGN KEY,IDFAK,0
PRIKUHRPOL,PRIKUHRPOL_FK_FAKVY,FOREIGN KEY,IDFV,0
PRIKUHRPOL,PRIKUHRPOL_FK_IDHEAD,FOREIGN KEY,IDHEAD,0
PRIKUHRPOL,PRIKUHRPOL_FK_MENY,FOREIGN KEY,MENA,0
PRIKUHRPOL,PRIKUHRPOL_FK_MXMZDYPOL,FOREIGN KEY,IDMZPL,0
PRIKUHRPOL,PRIKUHRPOL_FK_MXUZAVDET,FOREIGN KEY,IDMZOD,0
PRIKUHRPOL,PRIKUHRPOL_FK_OSPOH,FOREIGN KEY,IDPH,0
PRIKUHRPOL,PRIKUHRPOL_FK_OSZAV,FOREIGN KEY,IDZV,0
PRIKUHRPOL,PRIKUHRPOL_FK_PRIKUHRPOL,FOREIGN KEY,IDRM,0
PRIKUHRPOL,PRIKUHRPOL_FK_STALEPL,FOREIGN KEY,IDSTPL,0
PRIKUHRPOL,PRIKUHRPOL_FK_STAT,FOREIGN KEY,STAT,0
PRIKUHRPOL,PRIKUHRPOL_PK,PRIMARY KEY,IDR,0
PRIKUHRPOLZ,INTEG_895,NOT NULL,,
PRIKUHRPOLZ,INTEG_896,NOT NULL,,
PRIKUHRPOLZ,INTEG_897,NOT NULL,,
PRIKUHRPOLZ,PRIKUHRPOLZ_CHECK_EXPRES,CHECK,,
PRIKUHRPOLZ,PRIKUHRPOLZ_CHECK_POPLATKY,CHECK,,
PRIKUHRPOLZ,PRIKUHRPOLZ_FK_IDHEAD,FOREIGN KEY,IDHEAD,0
PRIKUHRPOLZ,PRIKUHRPOLZ_FK_IDPOL,FOREIGN KEY,IDPOL,0
PRIKUHRPOLZ,PRIKUHRPOLZ_PK,PRIMARY KEY,IDR,0
PRIKUHRPOLZ,PRIKUHRPOLZ_UNQ_IDHEAD_IDPOL,UNIQUE,IDHEAD,0
PRIKUHRPOLZ,PRIKUHRPOLZ_UNQ_IDHEAD_IDPOL,UNIQUE,IDPOL,1
PROFILY,INTEG_1024,NOT NULL,,
PROFILY,PROFILY_FK_USERID,FOREIGN KEY,USERID,0
PROFILY,PROFILY_PK,PRIMARY KEY,IDR,0
PROFILYP,INTEG_1025,NOT NULL,,
PROFILYP,INTEG_1026,NOT NULL,,
PROFILYP,INTEG_1027,NOT NULL,,
PROFILYP,INTEG_1028,NOT NULL,,
PROFILYP,PROFILYP_FK_REFID,FOREIGN KEY,REFID,0
PROFILYP,PROFILYP_PK,PRIMARY KEY,REFID,0
PROFILYP,PROFILYP_PK,PRIMARY KEY,ITEMNAME,1
PROFILYP,PROFILYP_PK,PRIMARY KEY,PARTNO,2
PROJEKTKON,INTEG_51,NOT NULL,,
PROJEKTKON,INTEG_52,NOT NULL,,
PROJEKTKON,INTEG_53,NOT NULL,,
PROJEKTKON,PROJEKTKON_FK_IDRKON,FOREIGN KEY,IDRKON,0
PROJEKTKON,PROJEKTKON_FK_IDRM,FOREIGN KEY,IDRM,0
PROJEKTKON,PROJEKTKON_PK,PRIMARY KEY,IDR,0
PROJEKTKON,PROJEKTKON_UNQ_KONTAKT,UNIQUE,IDRM,0
PROJEKTKON,PROJEKTKON_UNQ_KONTAKT,UNIQUE,IDRKON,1
PROJEKTUSR,INTEG_54,NOT NULL,,
PROJEKTUSR,INTEG_55,NOT NULL,,
PROJEKTUSR,INTEG_56,NOT NULL,,
PROJEKTUSR,INTEG_57,NOT NULL,,
PROJEKTUSR,PROJEKTUSR_FK_IDRM,FOREIGN KEY,IDRM,0
PROJEKTUSR,PROJEKTUSR_FK_USERID,FOREIGN KEY,USERID,0
PROJEKTUSR,PROJEKTUSR_PK,PRIMARY KEY,IDR,0
PROJEKTY,INTEG_46,NOT NULL,,
PROJEKTY,INTEG_47,NOT NULL,,
PROJEKTY,INTEG_48,NOT NULL,,
PROJEKTY,INTEG_49,NOT NULL,,
PROJEKTY,INTEG_50,NOT NULL,,
PROJEKTY,PROJEKTY_CHECK_PRIORITA,CHECK,,
PROJEKTY,PROJEKTY_CHECK_ROZPRAC,CHECK,,
PROJEKTY,PROJEKTY_FK_ADRES,FOREIGN KEY,ICO,0
PROJEKTY,PROJEKTY_FK_CISLO_ZAK,FOREIGN KEY,CISLO_ZAK,0
PROJEKTY,PROJEKTY_FK_STREDIS,FOREIGN KEY,STREDISKO,0
PROJEKTY,PROJEKTY_FK_TYPPROJ,FOREIGN KEY,TYPPROJ,0
PROJEKTY,PROJEKTY_PK,PRIMARY KEY,IDRM,0
PROJEKTY,PROJEKTY_UNQ_CISLO,UNIQUE,CISLO,0
PSC,INTEG_1335,NOT NULL,,
PSC,PSC_PK,PRIMARY KEY,IDR,0
PSEZSLUZEB,INTEG_1530,NOT NULL,,
PSEZSLUZEB,INTEG_1531,NOT NULL,,
PSEZSLUZEB,INTEG_1532,NOT NULL,,
PSEZSLUZEB,PSEZSLUZEB_PK,PRIMARY KEY,ID_PSEZSLUZEB,0
PSKUPINYZASIL,INTEG_1585,NOT NULL,,
PSKUPINYZASIL,INTEG_1586,NOT NULL,,
PSKUPINYZASIL,INTEG_1587,NOT NULL,,
PSKUPINYZASIL,PSKUPINYZASIL_PK,PRIMARY KEY,ID_PSKUPINYZASIL,0
PTYPUDCENY,INTEG_1523,NOT NULL,,
PTYPUDCENY,INTEG_1524,NOT NULL,,
PTYPUDCENY,PTYPUDCENY_FK_PPREPRAVCI,FOREIGN KEY,ID_PPREPRAVCI,0
PTYPUDCENY,PTYPUDCENY_PK,PRIMARY KEY,ID_PTYPUDCENY,0
PTYPYOBALEK,INTEG_1487,NOT NULL,,
PTYPYOBALEK,INTEG_1488,NOT NULL,,
PTYPYOBALEK,INTEG_1489,NOT NULL,,
PTYPYOBALEK,INTEG_1490,NOT NULL,,
PTYPYOBALEK,INTEG_1491,NOT NULL,,
PTYPYOBALEK,PTYPYOBALEK_CHECK_DSV,CHECK,,
PTYPYOBALEK,PTYPYOBALEK_PK,PRIMARY KEY,ID_PTYPYOBALEK,0
PTYPYPOUKAZ,INTEG_1499,NOT NULL,,
PTYPYPOUKAZ,PTYPYPOUKAZ_PK,PRIMARY KEY,ID_PTYPYPOUKAZ,0
PTYPYPRIJPOSTY,INTEG_1559,NOT NULL,,
PTYPYPRIJPOSTY,PTYPYPRIJPOSTY_PK,PRIMARY KEY,ID_PTYPYPRIJPOSTY,0
PTYPYZASIL,INTEG_1509,NOT NULL,,
PTYPYZASIL,INTEG_1510,NOT NULL,,
PTYPYZASIL,INTEG_1511,NOT NULL,,
PTYPYZASIL,INTEG_1512,NOT NULL,,
PTYPYZASIL,INTEG_1513,NOT NULL,,
PTYPYZASIL,INTEG_1514,NOT NULL,,
PTYPYZASIL,INTEG_1515,NOT NULL,,
PTYPYZASIL,INTEG_1516,NOT NULL,,
PTYPYZASIL,INTEG_1517,NOT NULL,,
PTYPYZASIL,INTEG_1518,NOT NULL,,
PTYPYZASIL,INTEG_1519,NOT NULL,,
PTYPYZASIL,INTEG_1520,NOT NULL,,
PTYPYZASIL,INTEG_1521,NOT NULL,,
PTYPYZASIL,INTEG_1522,NOT NULL,,
PTYPYZASIL,PTYPYZASIL_FK_PPREPRAVCI,FOREIGN KEY,ID_PPREPRAVCI,0
PTYPYZASIL,PTYPYZASIL_FK_PTYPUDCENY,FOREIGN KEY,ID_PTYPUDCENY,0
PTYPYZASIL,PTYPYZASIL_FK_PTYPYPOUKAZ,FOREIGN KEY,ID_PTYPYPOUKAZ,0
PTYPYZASIL,PTYPYZASIL_FK_PZASILCENIK,FOREIGN KEY,ID_PZASILCENIK,0
PTYPYZASIL,PTYPYZASIL_PK,PRIMARY KEY,ID_PTYPYZASIL,0
PUDANACENA,INTEG_1525,NOT NULL,,
PUDANACENA,INTEG_1526,NOT NULL,,
PUDANACENA,INTEG_1527,NOT NULL,,
PUDANACENA,INTEG_1528,NOT NULL,,
PUDANACENA,INTEG_1529,NOT NULL,,
PUDANACENA,PUDANACENA_FK_PTYPUDCENY,FOREIGN KEY,ID_PTYPUDCENY,0
PUDANACENA,PUDANACENA_PK,PRIMARY KEY,ID_PUDANACENA,0
PVYRIZOVATELE,INTEG_1558,NOT NULL,,
PVYRIZOVATELE,PVYRIZOVATELE_PK,PRIMARY KEY,ID_PVYRIZOVATELE,0
PZAKKARTY,INTEG_162,NOT NULL,,
PZAKKARTY,INTEG_163,NOT NULL,,
PZAKKARTY,INTEG_164,NOT NULL,,
PZAKKARTY,PZAKKARTY_CHECK_EANKODTYP,CHECK,,
PZAKKARTY,PZAKKARTY_FK_CENSKUP,FOREIGN KEY,CENSKUP,0
PZAKKARTY,PZAKKARTY_PK,PRIMARY KEY,IDRPZK,0
PZAKKARTY,PZAKKARTY_UNQ_IDKOD,UNIQUE,IDKOD,0
PZAKKARTY,PZAKKARTY_UNQ_IDKOD,UNIQUE,STRUKOD,1
PZAKKARTYP,PZAKKARTYP_FK_IDRPZK,FOREIGN KEY,IDRPZK,0
PZAKKARTYP,PZAKKARTYP_PK,PRIMARY KEY,IDR,0
PZAKKARTYP,PZAKKARTYP_UNQ_IDRPZK,UNIQUE,IDRPZK,0
PZAKKARTYP,PZAKKARTYP_UNQ_IDRPZK,UNIQUE,ZAKKARKOD,1
PZASILCENIK,INTEG_1498,NOT NULL,,
PZASILCENIK,PZASILCENIK_PK,PRIMARY KEY,ID_PZASILCENIK,0
PZASILKY,INTEG_1536,NOT NULL,,
PZASILKY,INTEG_1537,NOT NULL,,
PZASILKY,INTEG_1538,NOT NULL,,
PZASILKY,INTEG_1539,NOT NULL,,
PZASILKY,INTEG_1540,NOT NULL,,
PZASILKY,INTEG_1541,NOT NULL,,
PZASILKY,INTEG_1542,NOT NULL,,
PZASILKY,INTEG_1543,NOT NULL,,
PZASILKY,INTEG_1544,NOT NULL,,
PZASILKY,INTEG_1545,NOT NULL,,
PZASILKY,INTEG_1546,NOT NULL,,
PZASILKY,INTEG_1547,NOT NULL,,
PZASILKY,INTEG_1548,NOT NULL,,
PZASILKY,INTEG_1549,NOT NULL,,
PZASILKY,INTEG_1550,NOT NULL,,
PZASILKY,INTEG_1551,NOT NULL,,
PZASILKY,INTEG_1552,NOT NULL,,
PZASILKY,INTEG_1553,NOT NULL,,
PZASILKY,INTEG_1554,NOT NULL,,
PZASILKY,INTEG_1555,NOT NULL,,
PZASILKY,INTEG_1556,NOT NULL,,
PZASILKY,INTEG_1557,NOT NULL,,
PZASILKY,PZASILKY_CHECK_SHV,CHECK,,
PZASILKY,PZASILKY_FK_ADRESY,FOREIGN KEY,ID_ADRESY,0
PZASILKY,PZASILKY_FK_BANKY,FOREIGN KEY,ID_BANKY,0
PZASILKY,PZASILKY_FK_HLAVNI,FOREIGN KEY,ID_HLAVNI,0
PZASILKY,PZASILKY_FK_PPRIJPOSTA,FOREIGN KEY,ID_PPRIJPOSTA,0
PZASILKY,PZASILKY_FK_PTYPYOBALEK,FOREIGN KEY,ID_PTYPYOBALEK,0
PZASILKY,PZASILKY_FK_PTYPYZASIL,FOREIGN KEY,ID_PTYPYZASIL,0
PZASILKY,PZASILKY_FK_STREDISKA,FOREIGN KEY,STREDISKO,0
PZASILKY,PZASILKY_PK,PRIMARY KEY,ID_PZASILKY,0
PZASILSAZBY,INTEG_1492,NOT NULL,,
PZASILSAZBY,INTEG_1493,NOT NULL,,
PZASILSAZBY,INTEG_1494,NOT NULL,,
PZASILSAZBY,INTEG_1495,NOT NULL,,
PZASILSAZBY,INTEG_1496,NOT NULL,,
PZASILSAZBY,INTEG_1497,NOT NULL,,
PZASILSAZBY,PZASILSAZBY_FK_PZASILCENIK,FOREIGN KEY,ID_PZASILCENIK,0
PZASILSAZBY,PZASILSAZBY_PK,PRIMARY KEY,ID_PZASILSAZBY,0
RDB$BACKUP_HISTORY,RDB$INDEX_44,UNIQUE,RDB$BACKUP_LEVEL,0
RDB$BACKUP_HISTORY,RDB$INDEX_44,UNIQUE,RDB$BACKUP_ID,1
RDB$CHARACTER_SETS,RDB$INDEX_19,UNIQUE,RDB$CHARACTER_SET_NAME,0
RDB$CHARACTER_SETS,RDB$INDEX_25,UNIQUE,RDB$CHARACTER_SET_ID,0
RDB$COLLATIONS,RDB$INDEX_20,UNIQUE,RDB$COLLATION_NAME,0
RDB$COLLATIONS,RDB$INDEX_26,UNIQUE,RDB$COLLATION_ID,0
RDB$COLLATIONS,RDB$INDEX_26,UNIQUE,RDB$CHARACTER_SET_ID,1
RDB$EXCEPTIONS,RDB$INDEX_23,UNIQUE,RDB$EXCEPTION_NAME,0
RDB$EXCEPTIONS,RDB$INDEX_24,UNIQUE,RDB$EXCEPTION_NUMBER,0
RDB$FIELDS,RDB$INDEX_2,UNIQUE,RDB$FIELD_NAME,0
RDB$FILTERS,RDB$INDEX_17,UNIQUE,RDB$INPUT_SUB_TYPE,0
RDB$FILTERS,RDB$INDEX_17,UNIQUE,RDB$OUTPUT_SUB_TYPE,1
RDB$FILTERS,RDB$INDEX_45,UNIQUE,RDB$FUNCTION_NAME,0
RDB$FUNCTIONS,RDB$INDEX_53,UNIQUE,RDB$FUNCTION_ID,0
RDB$FUNCTIONS,RDB$INDEX_9,UNIQUE,RDB$PACKAGE_NAME,0
RDB$FUNCTIONS,RDB$INDEX_9,UNIQUE,RDB$FUNCTION_NAME,1
RDB$GENERATORS,RDB$INDEX_11,UNIQUE,RDB$GENERATOR_NAME,0
RDB$GENERATORS,RDB$INDEX_46,UNIQUE,RDB$GENERATOR_ID,0
RDB$INDICES,RDB$INDEX_5,UNIQUE,RDB$INDEX_NAME,0
RDB$PACKAGES,RDB$INDEX_47,UNIQUE,RDB$PACKAGE_NAME,0
RDB$PROCEDURES,RDB$INDEX_21,UNIQUE,RDB$PACKAGE_NAME,0
RDB$PROCEDURES,RDB$INDEX_21,UNIQUE,RDB$PROCEDURE_NAME,1
RDB$PROCEDURES,RDB$INDEX_22,UNIQUE,RDB$PROCEDURE_ID,0
RDB$PROCEDURE_PARAMETERS,RDB$INDEX_18,UNIQUE,RDB$PACKAGE_NAME,0
RDB$PROCEDURE_PARAMETERS,RDB$INDEX_18,UNIQUE,RDB$PROCEDURE_NAME,1
RDB$PROCEDURE_PARAMETERS,RDB$INDEX_18,UNIQUE,RDB$PARAMETER_NAME,2
RDB$REF_CONSTRAINTS,RDB$INDEX_13,UNIQUE,RDB$CONSTRAINT_NAME,0
RDB$RELATIONS,RDB$INDEX_0,UNIQUE,RDB$RELATION_NAME,0
RDB$RELATION_CONSTRAINTS,RDB$INDEX_12,UNIQUE,RDB$CONSTRAINT_NAME,0
RDB$RELATION_FIELDS,RDB$INDEX_15,UNIQUE,RDB$FIELD_NAME,0
RDB$RELATION_FIELDS,RDB$INDEX_15,UNIQUE,RDB$RELATION_NAME,1
RDB$ROLES,RDB$INDEX_39,UNIQUE,RDB$ROLE_NAME,0
RDB$SECURITY_CLASSES,RDB$INDEX_7,UNIQUE,RDB$SECURITY_CLASS,0
RDB$TRANSACTIONS,RDB$INDEX_32,UNIQUE,RDB$TRANSACTION_ID,0
RDB$TRIGGERS,RDB$INDEX_8,UNIQUE,RDB$TRIGGER_NAME,0
SAZBYDPH,INTEG_131,NOT NULL,,
SAZBYDPH,INTEG_132,NOT NULL,,
SAZBYDPH,SAZBYDPH_FK_KODSTAT,FOREIGN KEY,KODSTAT,0
SAZBYDPH,SAZBYDPH_PK,PRIMARY KEY,IDR,0
SAZEBNIK,INTEG_1320,NOT NULL,,
SAZEBNIK,INTEG_1321,NOT NULL,,
SAZEBNIK,INTEG_1322,NOT NULL,,
SAZEBNIK,SAZEBNIK_PK,PRIMARY KEY,IDR,0
SAZEBNIK,SAZEBNIK_UNQ_KOD_DKOD,UNIQUE,KOD,0
SAZEBNIK,SAZEBNIK_UNQ_KOD_DKOD,UNIQUE,DOPLKOD,1
SKDRUPOH,INTEG_420,NOT NULL,,
SKDRUPOH,INTEG_421,NOT NULL,,
SKDRUPOH,INTEG_422,NOT NULL,,
SKDRUPOH,INTEG_423,NOT NULL,,
SKDRUPOH,INTEG_424,NOT NULL,,
SKDRUPOH,INTEG_425,NOT NULL,,
SKDRUPOH,INTEG_426,NOT NULL,,
SKDRUPOH,INTEG_427,NOT NULL,,
SKDRUPOH,INTEG_428,NOT NULL,,
SKDRUPOH,INTEG_429,NOT NULL,,
SKDRUPOH,SKDRUPOH_CHECK_CENZAOKVY,CHECK,,
SKDRUPOH,SKDRUPOH_CHECK_CISLO,CHECK,,
SKDRUPOH,SKDRUPOH_CHECK_FISKALTISK,CHECK,,
SKDRUPOH,SKDRUPOH_CHECK_POCDMPOL,CHECK,,
SKDRUPOH,SKDRUPOH_CHECK_POLZAOKVY,CHECK,,
SKDRUPOH,SKDRUPOH_CHECK_ZAOKCELKR,CHECK,,
SKDRUPOH,SKDRUPOH_FK_CENSKUP,FOREIGN KEY,CENSKUP,0
SKDRUPOH,SKDRUPOH_PK,PRIMARY KEY,IDR,0
SKDRUPOH,SKDRUPOH_UNQ_PV_CISLO,UNIQUE,JEPRIJEM,0
SKDRUPOH,SKDRUPOH_UNQ_PV_CISLO,UNIQUE,CISLO,1
SKDRUPOHZ,INTEG_430,NOT NULL,,
SKDRUPOHZ,INTEG_431,NOT NULL,,
SKDRUPOHZ,SKDRUPOHZ_FK_MENA,FOREIGN KEY,MENA,0
SKDRUPOHZ,SKDRUPOHZ_FK_SKDRUPOH,FOREIGN KEY,IDRDP,0
SKDRUPOHZ,SKDRUPOHZ_PK,PRIMARY KEY,IDR,0
SKISCO,INTEG_1741,NOT NULL,,
SKISCO,SKISCO_PK,PRIMARY KEY,KOD,0
SKKAR,INTEG_441,NOT NULL,,
SKKAR,INTEG_442,NOT NULL,,
SKKAR,INTEG_443,NOT NULL,,
SKKAR,INTEG_444,NOT NULL,,
SKKAR,INTEG_445,NOT NULL,,
SKKAR,INTEG_446,NOT NULL,,
SKKAR,INTEG_447,NOT NULL,,
SKKAR,INTEG_448,NOT NULL,,
SKKAR,INTEG_449,NOT NULL,,
SKKAR,INTEG_450,NOT NULL,,
SKKAR,INTEG_451,NOT NULL,,
SKKAR,INTEG_452,NOT NULL,,
SKKAR,INTEG_453,NOT NULL,,
SKKAR,INTEG_454,NOT NULL,,
SKKAR,INTEG_455,NOT NULL,,
SKKAR,INTEG_456,NOT NULL,,
SKKAR,INTEG_457,NOT NULL,,
SKKAR,INTEG_458,NOT NULL,,
SKKAR,INTEG_459,NOT NULL,,
SKKAR,INTEG_460,NOT NULL,,
SKKAR,INTEG_461,NOT NULL,,
SKKAR,INTEG_462,NOT NULL,,
SKKAR,INTEG_463,NOT NULL,,
SKKAR,INTEG_464,NOT NULL,,
SKKAR,INTEG_465,NOT NULL,,
SKKAR,INTEG_466,NOT NULL,,
SKKAR,INTEG_467,NOT NULL,,
SKKAR,INTEG_468,NOT NULL,,
SKKAR,INTEG_469,NOT NULL,,
SKKAR,INTEG_470,NOT NULL,,
SKKAR,INTEG_471,NOT NULL,,
SKKAR,INTEG_472,NOT NULL,,
SKKAR,SKKAR_CHECK_BALENIE,CHECK,,
SKKAR,SKKAR_CHECK_BALENI_DEL,CHECK,,
SKKAR,SKKAR_CHECK_CISLO,CHECK,,
SKKAR,SKKAR_CHECK_DSV,CHECK,,
SKKAR,SKKAR_CHECK_HMOTNOST,CHECK,,
SKKAR,SKKAR_CHECK_JEDNPOCMJ,CHECK,,
SKKAR,SKKAR_CHECK_KOEFDSV,CHECK,,
SKKAR,SKKAR_CHECK_KOEFEDMJ,CHECK,,
SKKAR,SKKAR_CHECK_KOEFSDMJ,CHECK,,
SKKAR,SKKAR_CHECK_KOEFSSBL,CHECK,,
SKKAR,SKKAR_CHECK_KUSY,CHECK,,
SKKAR,SKKAR_CHECK_MAKROPRCEN,CHECK,,
SKKAR,SKKAR_CHECK_MAXSLEVA,CHECK,,
SKKAR,SKKAR_CHECK_POPLATEK,CHECK,,
SKKAR,SKKAR_CHECK_RABPROC1,CHECK,,
SKKAR,SKKAR_CHECK_RABPROC2,CHECK,,
SKKAR,SKKAR_CHECK_RABPROC3,CHECK,,
SKKAR,SKKAR_CHECK_RABPROC4,CHECK,,
SKKAR,SKKAR_CHECK_RABPROC5,CHECK,,
SKKAR,SKKAR_CHECK_SAZEBNIK,CHECK,,
SKKAR,SKKAR_CHECK_SELLERID,CHECK,,
SKKAR,SKKAR_CHECK_SLOZKART,CHECK,,
SKKAR,SKKAR_CHECK_VARIANTGRP,CHECK,,
SKKAR,SKKAR_CHECK_ZAKLPOCMJ,CHECK,,
SKKAR,SKKAR_FK_DMJ,FOREIGN KEY,DMJ,0
SKKAR,SKKAR_FK_DODAVATEL,FOREIGN KEY,DODAVATEL,0
SKKAR,SKKAR_FK_EKODAN,FOREIGN KEY,EKO_KOD,0
SKKAR,SKKAR_FK_LIHDAN,FOREIGN KEY,LIH_KOD,0
SKKAR,SKKAR_FK_MAXSLEVAL,FOREIGN KEY,MAXSLEVAL,0
SKKAR,SKKAR_FK_OBAL_B,FOREIGN KEY,IDOBAL_B,0
SKKAR,SKKAR_FK_OBAL_K,FOREIGN KEY,IDOBAL_K,0
SKKAR,SKKAR_FK_OBAL_P,FOREIGN KEY,IDOBAL_P,0
SKKAR,SKKAR_FK_PUVODKR,FOREIGN KEY,PUVODKR,0
SKKAR,SKKAR_FK_PUVODST,FOREIGN KEY,PUVODST,0
SKKAR,SKKAR_FK_SAZEBNIK,FOREIGN KEY,POLSA,0
SKKAR,SKKAR_FK_SAZEBNIK,FOREIGN KEY,DOPLKOD,1
SKKAR,SKKAR_FK_SKKARKAT,FOREIGN KEY,CISKAT,0
SKKAR,SKKAR_FK_SKKARSKU,FOREIGN KEY,SKUPINA,0
SKKAR,SKKAR_FK_SKRECYKL,FOREIGN KEY,RECYKL_KOD,0
SKKAR,SKKAR_FK_SPOTRDAN,FOREIGN KEY,SPOTR_KOD,0
SKKAR,SKKAR_FK_TYP_POL,FOREIGN KEY,TYP_POL,0
SKKAR,SKKAR_FK_USRLOCK,FOREIGN KEY,USRLOCK,0
SKKAR,SKKAR_PK,PRIMARY KEY,IDR,0
SKKAR,SKKAR_UNQ_CISLO,UNIQUE,CISLO,0
SKKARCEN,INTEG_517,NOT NULL,,
SKKARCEN,INTEG_518,NOT NULL,,
SKKARCEN,INTEG_519,NOT NULL,,
SKKARCEN,INTEG_520,NOT NULL,,
SKKARCEN,INTEG_521,NOT NULL,,
SKKARCEN,INTEG_522,NOT NULL,,
SKKARCEN,INTEG_523,NOT NULL,,
SKKARCEN,INTEG_524,NOT NULL,,
SKKARCEN,INTEG_525,NOT NULL,,
SKKARCEN,SKKARCEN_FK_MENA,FOREIGN KEY,MENA,0
SKKARCEN,SKKARCEN_FK_SKKAR,FOREIGN KEY,CISLOKAR,0
SKKARCEN,SKKARCEN_FK_SKKARIDR,FOREIGN KEY,IDRKAR,0
SKKARCEN,SKKARCEN_FK_SKLADY,FOREIGN KEY,CISLOSKL,0
SKKARCEN,SKKARCEN_PK,PRIMARY KEY,IDR,0
SKKARDET,INTEG_473,NOT NULL,,
SKKARDET,INTEG_474,NOT NULL,,
SKKARDET,SKKARDET_FK_SKKAR,FOREIGN KEY,IDSKKAR,0
SKKARDET,SKKARDET_PK,PRIMARY KEY,IDSKKAR,0
SKKARDOD,INTEG_475,NOT NULL,,
SKKARDOD,INTEG_476,NOT NULL,,
SKKARDOD,INTEG_477,NOT NULL,,
SKKARDOD,INTEG_478,NOT NULL,,
SKKARDOD,INTEG_479,NOT NULL,,
SKKARDOD,INTEG_480,NOT NULL,,
SKKARDOD,INTEG_481,NOT NULL,,
SKKARDOD,SKKARDOD_CHECK_BALENIEDOD,CHECK,,
SKKARDOD,SKKARDOD_CHECK_BAL_DELDOD,CHECK,,
SKKARDOD,SKKARDOD_FK_ADRES,FOREIGN KEY,ICO,0
SKKARDOD,SKKARDOD_FK_SKKAR,FOREIGN KEY,IDRKAR,0
SKKARDOD,SKKARDOD_PK,PRIMARY KEY,IDR,0
SKKARDOD,SKKARDOD_UNQ_ICO,UNIQUE,IDRKAR,0
SKKARDOD,SKKARDOD_UNQ_ICO,UNIQUE,ICO,1
SKKARDOD,SKKARDOD_UNQ_ICO,UNIQUE,ODBERATEL,2
SKKAREAN,INTEG_529,NOT NULL,,
SKKAREAN,INTEG_530,NOT NULL,,
SKKAREAN,INTEG_531,NOT NULL,,
SKKAREAN,INTEG_532,NOT NULL,,
SKKAREAN,INTEG_533,NOT NULL,,
SKKAREAN,INTEG_534,NOT NULL,,
SKKAREAN,SKKAREAN_CHECK_BALENIE,CHECK,,
SKKAREAN,SKKAREAN_CHECK_BALENI_DEL,CHECK,,
SKKAREAN,SKKAREAN_CHECK_KOEF2,CHECK,,
SKKAREAN,SKKAREAN_FK_CISLOKAR,FOREIGN KEY,CISLOKAR,0
SKKAREAN,SKKAREAN_FK_IDRKAR,FOREIGN KEY,IDRKAR,0
SKKAREAN,SKKAREAN_PK,PRIMARY KEY,IDR,0
SKKARFIFO,INTEG_508,NOT NULL,,
SKKARFIFO,INTEG_509,NOT NULL,,
SKKARFIFO,INTEG_510,NOT NULL,,
SKKARFIFO,INTEG_511,NOT NULL,,
SKKARFIFO,INTEG_512,NOT NULL,,
SKKARFIFO,INTEG_513,NOT NULL,,
SKKARFIFO,INTEG_514,NOT NULL,,
SKKARFIFO,INTEG_515,NOT NULL,,
SKKARFIFO,INTEG_516,NOT NULL,,
SKKARFIFO,SKKARFIFO_FK_IDPOHPOL,FOREIGN KEY,IDPOHPOL,0
SKKARFIFO,SKKARFIFO_FK_SKKAR,FOREIGN KEY,CISLOKAR,0
SKKARFIFO,SKKARFIFO_FK_SKKARIDR,FOREIGN KEY,IDRKAR,0
SKKARFIFO,SKKARFIFO_FK_SKLADY,FOREIGN KEY,CISLOSKL,0
SKKARFIFO,SKKARFIFO_FK_SRCPOHPOL,FOREIGN KEY,SRCPOHPOL,0
SKKARFIFO,SKKARFIFO_PK,PRIMARY KEY,IDR,0
SKKARINV,INTEG_549,NOT NULL,,
SKKARINV,INTEG_550,NOT NULL,,
SKKARINV,INTEG_551,NOT NULL,,
SKKARINV,INTEG_552,NOT NULL,,
SKKARINV,SKKARINV_FK_CISLOSKL,FOREIGN KEY,CISLOSKL,0
SKKARINV,SKKARINV_PK,PRIMARY KEY,IDRINV,0
SKKARINVP,INTEG_553,NOT NULL,,
SKKARINVP,INTEG_554,NOT NULL,,
SKKARINVP,INTEG_555,NOT NULL,,
SKKARINVP,INTEG_556,NOT NULL,,
SKKARINVP,INTEG_557,NOT NULL,,
SKKARINVP,INTEG_558,NOT NULL,,
SKKARINVP,INTEG_559,NOT NULL,,
SKKARINVP,INTEG_560,NOT NULL,,
SKKARINVP,INTEG_561,NOT NULL,,
SKKARINVP,INTEG_562,NOT NULL,,
SKKARINVP,SKKARINVP_FK_IDRINV,FOREIGN KEY,IDRINV,0
SKKARINVP,SKKARINVP_FK_IDRKAR,FOREIGN KEY,IDRKAR,0
SKKARINVP,SKKARINVP_PK,PRIMARY KEY,IDR,0
SKKARINVP,SKKARINVP_UNQ_SKKAR,UNIQUE,IDRINV,0
SKKARINVP,SKKARINVP_UNQ_SKKAR,UNIQUE,IDRKAR,1
SKKARKAT,INTEG_435,NOT NULL,,
SKKARKAT,INTEG_436,NOT NULL,,
SKKARKAT,INTEG_437,NOT NULL,,
SKKARKAT,SKKARKAT_CHECK_CISKAT,CHECK,,
SKKARKAT,SKKARKAT_CHECK_UCISKAT,CHECK,,
SKKARKAT,SKKARKAT_FK_SKKARKAT,FOREIGN KEY,UCISKAT,0
SKKARKAT,SKKARKAT_PK,PRIMARY KEY,IDR,0
SKKARKAT,SKKARKAT_UNQ,UNIQUE,CISKAT,0
SKKARKATEX,INTEG_535,NOT NULL,,
SKKARKATEX,INTEG_536,NOT NULL,,
SKKARKATEX,INTEG_537,NOT NULL,,
SKKARKATEX,INTEG_538,NOT NULL,,
SKKARKATEX,SKKARKATEX_FK_CISLOKAR,FOREIGN KEY,CISLOKAR,0
SKKARKATEX,SKKARKATEX_FK_IDRKAR,FOREIGN KEY,IDRKAR,0
SKKARKATEX,SKKARKATEX_FK_SKKARKAT,FOREIGN KEY,CISKAT,0
SKKARKATEX,SKKARKATEX_PK,PRIMARY KEY,IDR,0
SKKARKOD1,INTEG_432,NOT NULL,,
SKKARKOD1,SKKARKOD1_PK,PRIMARY KEY,IDR,0
SKKARKOD2,INTEG_433,NOT NULL,,
SKKARKOD2,SKKARKOD2_PK,PRIMARY KEY,IDR,0
SKKARKOD3,INTEG_434,NOT NULL,,
SKKARKOD3,SKKARKOD3_PK,PRIMARY KEY,IDR,0
SKKARKUS,INTEG_629,NOT NULL,,
SKKARKUS,INTEG_630,NOT NULL,,
SKKARKUS,INTEG_631,NOT NULL,,
SKKARKUS,INTEG_632,NOT NULL,,
SKKARKUS,INTEG_633,NOT NULL,,
SKKARKUS,SKKARKUS_CHECK_IDPOH,CHECK,,
SKKARKUS,SKKARKUS_FK_CISLOKAR,FOREIGN KEY,CISLOKAR,0
SKKARKUS,SKKARKUS_FK_CISLOSKL,FOREIGN KEY,CISLOSKL,0
SKKARKUS,SKKARKUS_FK_IDR_PRIJEM,FOREIGN KEY,IDR_PRIJEM,0
SKKARKUS,SKKARKUS_FK_RECYKL_KOD,FOREIGN KEY,RECYKL_KOD,0
SKKARKUS,SKKARKUS_FK_SKPOH,FOREIGN KEY,IDPOH,0
SKKARKUS,SKKARKUS_FK_SKPOHPOL,FOREIGN KEY,IDPOHPOL,0
SKKARKUS,SKKARKUS_PK,PRIMARY KEY,IDR,0
SKKARMAXZL,INTEG_439,NOT NULL,,
SKKARMAXZL,INTEG_440,NOT NULL,,
SKKARMAXZL,SKKARMAXZL_CHECK_ZLAVA,CHECK,,
SKKARMAXZL,SKKARMAXZL_PK,PRIMARY KEY,IDR,0
SKKARMAXZL,SKKARMAXZL_UNQ_KOD,UNIQUE,KOD,0
SKKARMJ2,INTEG_539,NOT NULL,,
SKKARMJ2,INTEG_540,NOT NULL,,
SKKARMJ2,INTEG_541,NOT NULL,,
SKKARMJ2,INTEG_542,NOT NULL,,
SKKARMJ2,INTEG_543,NOT NULL,,
SKKARMJ2,SKKARMJ2_CHECK_KOEF2,CHECK,,
SKKARMJ2,SKKARMJ2_FK_OBAL,FOREIGN KEY,IDOBAL,0
SKKARMJ2,SKKARMJ2_FK_SKKARIDR,FOREIGN KEY,IDRKAR,0
SKKARMJ2,SKKARMJ2_PK,PRIMARY KEY,IDR,0
SKKARPOL,INTEG_563,NOT NULL,,
SKKARPOL,INTEG_564,NOT NULL,,
SKKARPOL,INTEG_565,NOT NULL,,
SKKARPOL,INTEG_566,NOT NULL,,
SKKARPOL,INTEG_567,NOT NULL,,
SKKARPOL,SKKARPOLM_FK_SKKAR,FOREIGN KEY,IDSKKARM,0
SKKARPOL,SKKARPOLS_FK_SKKAR,FOREIGN KEY,IDSKKARS,0
SKKARPOL,SKKARPOL_CHECK_CISLOKAR,CHECK,,
SKKARPOL,SKKARPOL_CHECK_TYP,CHECK,,
SKKARPOL,SKKARPOL_PK,PRIMARY KEY,IDR,0
SKKARREL,INTEG_571,NOT NULL,,
SKKARREL,INTEG_572,NOT NULL,,
SKKARREL,INTEG_573,NOT NULL,,
SKKARREL,INTEG_574,NOT NULL,,
SKKARREL,INTEG_575,NOT NULL,,
SKKARREL,SKKARRELR_FK_SKKARI,FOREIGN KEY,IDRKARR,0
SKKARREL,SKKARREL_CHECK_CISLOKAR,CHECK,,
SKKARREL,SKKARREL_FK_SKKARC,FOREIGN KEY,CISLOKAR,0
SKKARREL,SKKARREL_FK_SKKARI,FOREIGN KEY,IDRKAR,0
SKKARREL,SKKARREL_FK_SKKARRC,FOREIGN KEY,CISLOKARR,0
SKKARREL,SKKARREL_PK,PRIMARY KEY,IDR,0
SKKARSKU,INTEG_438,NOT NULL,,
SKKARSKU,SKKARSKU_PK,PRIMARY KEY,IDR,0
SKKARSKU,SKKARSKU_UNQ_SKUPINA,UNIQUE,SKUPINA,0
SKKARSTA,INTEG_482,NOT NULL,,
SKKARSTA,INTEG_483,NOT NULL,,
SKKARSTA,INTEG_484,NOT NULL,,
SKKARSTA,INTEG_485,NOT NULL,,
SKKARSTA,INTEG_486,NOT NULL,,
SKKARSTA,INTEG_487,NOT NULL,,
SKKARSTA,INTEG_488,NOT NULL,,
SKKARSTA,INTEG_489,NOT NULL,,
SKKARSTA,INTEG_490,NOT NULL,,
SKKARSTA,INTEG_491,NOT NULL,,
SKKARSTA,INTEG_492,NOT NULL,,
SKKARSTA,INTEG_493,NOT NULL,,
SKKARSTA,INTEG_494,NOT NULL,,
SKKARSTA,INTEG_495,NOT NULL,,
SKKARSTA,INTEG_496,NOT NULL,,
SKKARSTA,INTEG_497,NOT NULL,,
SKKARSTA,INTEG_498,NOT NULL,,
SKKARSTA,INTEG_499,NOT NULL,,
SKKARSTA,INTEG_500,NOT NULL,,
SKKARSTA,INTEG_501,NOT NULL,,
SKKARSTA,INTEG_502,NOT NULL,,
SKKARSTA,INTEG_503,NOT NULL,,
SKKARSTA,INTEG_504,NOT NULL,,
SKKARSTA,INTEG_505,NOT NULL,,
SKKARSTA,INTEG_506,NOT NULL,,
SKKARSTA,INTEG_507,NOT NULL,,
SKKARSTA,SKKARMJ2_FK_SKKAR,FOREIGN KEY,CISLOKAR,0
SKKARSTA,SKKARSTA_FK_SKKAR,FOREIGN KEY,CISLOKAR,0
SKKARSTA,SKKARSTA_FK_SKKARIDR,FOREIGN KEY,IDRKAR,0
SKKARSTA,SKKARSTA_FK_SKLADY,FOREIGN KEY,CISLOSKL,0
SKKARSTA,SKKARSTA_PK,PRIMARY KEY,CISLOSKL,0
SKKARSTA,SKKARSTA_PK,PRIMARY KEY,IDRKAR,1
SKKARVAT,INTEG_526,NOT NULL,,
SKKARVAT,INTEG_527,NOT NULL,,
SKKARVAT,INTEG_528,NOT NULL,,
SKKARVAT,SKKARVAT_CHECK_KODSTAT,CHECK,,
SKKARVAT,SKKARVAT_FK_KODSTAT,FOREIGN KEY,KODSTAT,0
SKKARVAT,SKKARVAT_FK_SKKAR,FOREIGN KEY,CISLOKAR,0
SKKARVAT,SKKARVAT_FK_SKKARIDR,FOREIGN KEY,IDRKAR,0
SKKARVAT,SKKARVAT_PK,PRIMARY KEY,IDR,0
SKKARZAM,INTEG_568,NOT NULL,,
SKKARZAM,INTEG_569,NOT NULL,,
SKKARZAM,INTEG_570,NOT NULL,,
SKKARZAM,SKKARZAMZ_FK_SKKAR,FOREIGN KEY,IDRKARZ,0
SKKARZAM,SKKARZAM_CHECK_CISLOKAR,CHECK,,
SKKARZAM,SKKARZAM_FK_SKKAR,FOREIGN KEY,IDRKAR,0
SKKARZAM,SKKARZAM_PK,PRIMARY KEY,IDR,0
SKLADY,INTEG_413,NOT NULL,,
SKLADY,INTEG_414,NOT NULL,,
SKLADY,INTEG_415,NOT NULL,,
SKLADY,SKLADY_CHECK_CISLO,CHECK,,
SKLADY,SKLADY_CHECK_DRUPOH_P,CHECK,,
SKLADY,SKLADY_CHECK_DRUPOH_V,CHECK,,
SKLADY,SKLADY_FK_OSNOVA,FOREIGN KEY,SYNTET,0
SKLADY,SKLADY_FK_OSNOVA,FOREIGN KEY,ANALYT,1
SKLADY,SKLADY_FK_SKDRUPOH_P,FOREIGN KEY,JEPRIJEM_P,0
SKLADY,SKLADY_FK_SKDRUPOH_P,FOREIGN KEY,DRUPOH_P,1
SKLADY,SKLADY_FK_SKDRUPOH_V,FOREIGN KEY,JEPRIJEM_V,0
SKLADY,SKLADY_FK_SKDRUPOH_V,FOREIGN KEY,DRUPOH_V,1
SKLADY,SKLADY_PK,PRIMARY KEY,IDSKL,0
SKLADY,SKLADY_UNQ_CISLO,UNIQUE,CISLO,0
SKPOH,INTEG_576,NOT NULL,,
SKPOH,INTEG_577,NOT NULL,,
SKPOH,INTEG_578,NOT NULL,,
SKPOH,INTEG_579,NOT NULL,,
SKPOH,INTEG_580,NOT NULL,,
SKPOH,INTEG_581,NOT NULL,,
SKPOH,INTEG_582,NOT NULL,,
SKPOH,INTEG_583,NOT NULL,,
SKPOH,INTEG_584,NOT NULL,,
SKPOH,INTEG_585,NOT NULL,,
SKPOH,INTEG_586,NOT NULL,,
SKPOH,INTEG_587,NOT NULL,,
SKPOH,INTEG_588,NOT NULL,,
SKPOH,INTEG_589,NOT NULL,,
SKPOH,INTEG_590,NOT NULL,,
SKPOH,INTEG_591,NOT NULL,,
SKPOH,INTEG_592,NOT NULL,,
SKPOH,INTEG_593,NOT NULL,,
SKPOH,INTEG_594,NOT NULL,,
SKPOH,INTEG_595,NOT NULL,,
SKPOH,INTEG_596,NOT NULL,,
SKPOH,INTEG_597,NOT NULL,,
SKPOH,INTEG_598,NOT NULL,,
SKPOH,INTEG_599,NOT NULL,,
SKPOH,INTEG_600,NOT NULL,,
SKPOH,SKPOH_DRUH,CHECK,,
SKPOH,SKPOH_EKODAND,CHECK,,
SKPOH,SKPOH_FK_ADRES,FOREIGN KEY,ICO,0
SKPOH,SKPOH_FK_ADRESPRIJ,FOREIGN KEY,ICOPRIJ,0
SKPOH,SKPOH_FK_DODPODM,FOREIGN KEY,DODPODM,0
SKPOH,SKPOH_FK_DRUHDOPR,FOREIGN KEY,DRUHDOPR,0
SKPOH,SKPOH_FK_FAKPR,FOREIGN KEY,IDFAKPR,0
SKPOH,SKPOH_FK_FAKVY,FOREIGN KEY,IDFAKVY,0
SKPOH,SKPOH_FK_FIRPOB,FOREIGN KEY,IDFIRPOB,0
SKPOH,SKPOH_FK_KODSTAT,FOREIGN KEY,KODSTAT,0
SKPOH,SKPOH_FK_KONTAKTY,FOREIGN KEY,IDKONTAKT,0
SKPOH,SKPOH_FK_MENY,FOREIGN KEY,MENA,0
SKPOH,SKPOH_FK_OSPOH,FOREIGN KEY,IDOSPOH,0
SKPOH,SKPOH_FK_OSZAV,FOREIGN KEY,IDOSZAV,0
SKPOH,SKPOH_FK_POKDOK,FOREIGN KEY,IDPOKDOK,0
SKPOH,SKPOH_FK_SKDRUPOH,FOREIGN KEY,JEPRIJEM,0
SKPOH,SKPOH_FK_SKDRUPOH,FOREIGN KEY,DRUHPOHYBU,1
SKPOH,SKPOH_FK_SKLADY,FOREIGN KEY,CISLOSKL,0
SKPOH,SKPOH_FK_STAT_DPH,FOREIGN KEY,STAT_DPH,0
SKPOH,SKPOH_FK_STREDISKO,FOREIGN KEY,STREDISKO,0
SKPOH,SKPOH_FK_TRANSAKCE,FOREIGN KEY,TRANSAKCE,0
SKPOH,SKPOH_FK_TYPYDPH,FOREIGN KEY,TYPDPH,0
SKPOH,SKPOH_FK_USRLOCK,FOREIGN KEY,USRLOCK,0
SKPOH,SKPOH_FK_VATNUMBER,FOREIGN KEY,VATNUMBER,0
SKPOH,SKPOH_FK_ZAKAZKA,FOREIGN KEY,CISLO_ZAK,0
SKPOH,SKPOH_FK_ZVLPOH,FOREIGN KEY,ZVLPOH,0
SKPOH,SKPOH_JEPRIJEM_JEPLATNY,CHECK,,
SKPOH,SKPOH_LIHDANV,CHECK,,
SKPOH,SKPOH_MOSS,CHECK,,
SKPOH,SKPOH_PK,PRIMARY KEY,IDPOH,0
SKPOH,SKPOH_SLEVKARTYP,CHECK,,
SKPOH,SKPOH_SPOTRDAND,CHECK,,
SKPOH,SKPOH_STORNO,CHECK,,
SKPOH,SKPOH_ZAUC_EET,CHECK,,
SKPOHPOL,INTEG_601,NOT NULL,,
SKPOHPOL,INTEG_602,NOT NULL,,
SKPOHPOL,INTEG_603,NOT NULL,,
SKPOHPOL,INTEG_604,NOT NULL,,
SKPOHPOL,INTEG_605,NOT NULL,,
SKPOHPOL,INTEG_606,NOT NULL,,
SKPOHPOL,INTEG_607,NOT NULL,,
SKPOHPOL,INTEG_608,NOT NULL,,
SKPOHPOL,INTEG_609,NOT NULL,,
SKPOHPOL,INTEG_610,NOT NULL,,
SKPOHPOL,INTEG_611,NOT NULL,,
SKPOHPOL,INTEG_612,NOT NULL,,
SKPOHPOL,INTEG_613,NOT NULL,,
SKPOHPOL,INTEG_614,NOT NULL,,
SKPOHPOL,INTEG_615,NOT NULL,,
SKPOHPOL,INTEG_616,NOT NULL,,
SKPOHPOL,INTEG_617,NOT NULL,,
SKPOHPOL,INTEG_618,NOT NULL,,
SKPOHPOL,INTEG_619,NOT NULL,,
SKPOHPOL,INTEG_620,NOT NULL,,
SKPOHPOL,INTEG_621,NOT NULL,,
SKPOHPOL,INTEG_622,NOT NULL,,
SKPOHPOL,INTEG_623,NOT NULL,,
SKPOHPOL,SKPOHPOL_CHECK_POCREZMJ,CHECK,,
SKPOHPOL,SKPOHPOL_FK_IDPOHPOLM,FOREIGN KEY,IDPOHPOLM,0
SKPOHPOL,SKPOHPOL_FK_IDPOHPOLR,FOREIGN KEY,IDPOHPOLR,0
SKPOHPOL,SKPOHPOL_FK_KRAJ,FOREIGN KEY,KRAJ,0
SKPOHPOL,SKPOHPOL_FK_OBJPRPOL,FOREIGN KEY,IDOBJPRPOL,0
SKPOHPOL,SKPOHPOL_FK_OBJVYPOL,FOREIGN KEY,IDOBJVYPOL,0
SKPOHPOL,SKPOHPOL_FK_OPRAVYMAT,FOREIGN KEY,IDOPRMAT,0
SKPOHPOL,SKPOHPOL_FK_SKKAR_C,FOREIGN KEY,CISLOKAR,0
SKPOHPOL,SKPOHPOL_FK_SKPOH,FOREIGN KEY,IDPOH,0
SKPOHPOL,SKPOHPOL_FK_STREDIS,FOREIGN KEY,STREDISKO,0
SKPOHPOL,SKPOHPOL_FK_TYP_POL,FOREIGN KEY,TYP_POL,0
SKPOHPOL,SKPOHPOL_FK_ZAKAZKA,FOREIGN KEY,CISLO_ZAK,0
SKPOHPOL,SKPOHPOL_PK,PRIMARY KEY,IDPOHPOL,0
SKPOHREF,INTEG_624,NOT NULL,,
SKPOHREF,INTEG_625,NOT NULL,,
SKPOHREF,INTEG_626,NOT NULL,,
SKPOHREF,INTEG_627,NOT NULL,,
SKPOHREF,INTEG_628,NOT NULL,,
SKPOHREF,SKPOHREF_CHECK_IDPOH,CHECK,,
SKPOHREF,SKPOHREF_CHECK_IDPOHPOL,CHECK,,
SKPOHREF,SKPOHREF_FK_SKPOH,FOREIGN KEY,IDPOH,0
SKPOHREF,SKPOHREF_FK_SKPOHPOL,FOREIGN KEY,IDPOHPOL,0
SKPOHREF,SKPOHREF_FK_SKPOHPOLREF,FOREIGN KEY,IDPOHPOLREF,0
SKPOHREF,SKPOHREF_FK_SKPOHREF,FOREIGN KEY,IDPOHREF,0
SKPOHREF,SKPOHREF_PK,PRIMARY KEY,IDR,0
SKPOHREF,SKPOHREF_UNQ_REF,UNIQUE,IDPOH,0
SKPOHREF,SKPOHREF_UNQ_REF,UNIQUE,IDPOHPOL,1
SKPOHREF,SKPOHREF_UNQ_REF,UNIQUE,REFERENCE,2
SKPOHTOTAL,INTEG_634,NOT NULL,,
SKPOHTOTAL,INTEG_635,NOT NULL,,
SKPOHTOTAL,INTEG_636,NOT NULL,,
SKPOHTOTAL,INTEG_637,NOT NULL,,
SKPOHTOTAL,INTEG_638,NOT NULL,,
SKPOHTOTAL,INTEG_639,NOT NULL,,
SKPOHTOTAL,INTEG_640,NOT NULL,,
SKPOHTOTAL,INTEG_641,NOT NULL,,
SKPOHTOTAL,INTEG_642,NOT NULL,,
SKPOHTOTAL,INTEG_643,NOT NULL,,
SKPOHTOTAL,INTEG_644,NOT NULL,,
SKPOHTOTAL,SKPOHTOTAL_FK_MENA,FOREIGN KEY,MENA,0
SKPOHTOTAL,SKPOHTOTAL_FK_SKPOH,FOREIGN KEY,IDMR,0
SKPOHTOTAL,SKPOHTOTAL_FK_TYPYDPH,FOREIGN KEY,TYPDPH,0
SKPOHTOTAL,SKPOHTOTAL_PK,PRIMARY KEY,IDR,0
SKPOHTOTAL,SKPOHTOTAL_UNQ,UNIQUE,IDMR,0
SKPOHTOTAL,SKPOHTOTAL_UNQ,UNIQUE,TYPDPH,1
SKPOHTOTAL,SKPOHTOTAL_UNQ,UNIQUE,TYPSAZBY,2
SKPOHTOTAL,SKPOHTOTAL_UNQ,UNIQUE,SAZBADPH,3
SKPOHTOTAL,SKPOHTOTAL_UNQ,UNIQUE,MENA,4
SKRECYKL,INTEG_544,NOT NULL,,
SKRECYKL,SKRECYKL_PK,PRIMARY KEY,IDPHE,0
SKRECYKL,SKRECYKL_UNQ_KOD,UNIQUE,RECYKL_KOD,0
SKRECYKLPOL,INTEG_545,NOT NULL,,
SKRECYKLPOL,INTEG_546,NOT NULL,,
SKRECYKLPOL,INTEG_547,NOT NULL,,
SKRECYKLPOL,INTEG_548,NOT NULL,,
SKRECYKLPOL,SKRECYKLPOL_FK_IDRMD,FOREIGN KEY,IDPHE,0
SKRECYKLPOL,SKRECYKLPOL_PK,PRIMARY KEY,IDR,0
SKRECYKLPOL,SKRECYKLPOL_UNQ_DATUMOD,UNIQUE,IDPHE,0
SKRECYKLPOL,SKRECYKLPOL_UNQ_DATUMOD,UNIQUE,PLATNOSTOD,1
SMLOUVYPR,INTEG_810,NOT NULL,,
SMLOUVYPR,INTEG_811,NOT NULL,,
SMLOUVYPR,SMLOUVYOR_UNQ_CISLO,UNIQUE,CISLO,0
SMLOUVYPR,SMLOUVYPR_FK_ADRES,FOREIGN KEY,ICO,0
SMLOUVYPR,SMLOUVYPR_FK_MENY,FOREIGN KEY,MENA,0
SMLOUVYPR,SMLOUVYPR_PK,PRIMARY KEY,IDR,0
SMLOUVYVY,INTEG_808,NOT NULL,,
SMLOUVYVY,INTEG_809,NOT NULL,,
SMLOUVYVY,SMLOUVYVY_FK_ADRES,FOREIGN KEY,ICO,0
SMLOUVYVY,SMLOUVYVY_FK_MENY,FOREIGN KEY,MENA,0
SMLOUVYVY,SMLOUVYVY_PK,PRIMARY KEY,IDR,0
SMLOUVYVY,SMLOUVYVY_UNQ_CISLO,UNIQUE,CISLO,0
SPOSDOPR,INTEG_12,NOT NULL,,
SPOSDOPR,SPOSDOPR_FK_PTYPZASIL,FOREIGN KEY,ID_PTYPZASIL,0
SPOSDOPR,SPOSDOPR_PK,PRIMARY KEY,CISLO,0
SPOTRDAN,INTEG_122,NOT NULL,,
SPOTRDAN,INTEG_123,NOT NULL,,
SPOTRDAN,INTEG_124,NOT NULL,,
SPOTRDAN,INTEG_125,NOT NULL,,
SPOTRDAN,INTEG_126,NOT NULL,,
SPOTRDAN,SPOTRDAN_CHECK_SBL,CHECK,,
SPOTRDAN,SPOTRDAN_CHECK_TYP_DANE,CHECK,,
SPOTRDAN,SPOTRDAN_PK,PRIMARY KEY,IDDANE,0
SPOTRDAN,SPOTRDAN_UNQ_KOD,UNIQUE,KOD,0
SPOTRDANP,INTEG_127,NOT NULL,,
SPOTRDANP,INTEG_128,NOT NULL,,
SPOTRDANP,INTEG_129,NOT NULL,,
SPOTRDANP,INTEG_130,NOT NULL,,
SPOTRDANP,SPOTRDANP_CHECK_POCETDMJ,CHECK,,
SPOTRDANP,SPOTRDANP_FK_IDDANE,FOREIGN KEY,IDDANE,0
SPOTRDANP,SPOTRDANP_PK,PRIMARY KEY,IDR,0
SPOTRDANP,SPOTRDANP_UNQ_PLATNOSTOD,UNIQUE,IDDANE,0
SPOTRDANP,SPOTRDANP_UNQ_PLATNOSTOD,UNIQUE,PLATNOSTOD,1
STALEPL,INTEG_889,NOT NULL,,
STALEPL,INTEG_890,NOT NULL,,
STALEPL,STALEPL_FK_MENY,FOREIGN KEY,MENA,0
STALEPL,STALEPL_FK_STATY,FOREIGN KEY,KODSTAT,0
STALEPL,STALEPL_PK,PRIMARY KEY,IDR,0
STATY,INTEG_1311,NOT NULL,,
STATY,INTEG_1312,NOT NULL,,
STATY,INTEG_1313,NOT NULL,,
STATY,STATY_PK,PRIMARY KEY,IDR,0
STATY,STATY_UNQ_KOD,UNIQUE,KOD,0
STRAVNE,INTEG_898,NOT NULL,,
STRAVNE,STRAVNE_PK,PRIMARY KEY,ODDATA,0
STREDIS,STREDIS_PK,PRIMARY KEY,CISLO,0
SVCLOG,INTEG_178,NOT NULL,,
SVCLOG,INTEG_179,NOT NULL,,
SVCLOG,INTEG_180,NOT NULL,,
SVCLOG,INTEG_181,NOT NULL,,
SVCLOG,INTEG_182,NOT NULL,,
SVCLOG,SVCLOG_PK,PRIMARY KEY,IDR,0
SVCLOG,SVCLOG_UNQ_RQST_CMDID,UNIQUE,RQST_CMD,0
SVCLOG,SVCLOG_UNQ_RQST_CMDID,UNIQUE,RQST_ID,1
SZN,INTEG_899,NOT NULL,,
SZN,SZN_PK,PRIMARY KEY,ODDATA,0
TRANSAKCE,INTEG_1323,NOT NULL,,
TRANSAKCE,INTEG_1324,NOT NULL,,
TRANSAKCE,INTEG_1325,NOT NULL,,
TRANSAKCE,TRANSAKCE_PK,PRIMARY KEY,IDR,0
TRANSAKCE,TRANSAKCE_UNQ_KOD,UNIQUE,KOD,0
TRASY,INTEG_900,NOT NULL,,
TRASY,TRASY_PK,PRIMARY KEY,IDR,0
TYPAKTIVIT,INTEG_44,NOT NULL,,
TYPAKTIVIT,INTEG_45,NOT NULL,,
TYPAKTIVIT,TYPAKTIVIT_CHECK_TYP,CHECK,,
TYPAKTIVIT,TYPAKTIVIT_PK,PRIMARY KEY,IDR,0
TYPAKTIVIT,TYPAKTIVIT_UNQ_KOD,UNIQUE,KOD,0
TYPDOKL,INTEG_121,NOT NULL,,
TYPDOKL,TYPDOKL_PK,PRIMARY KEY,TYP_DOKL,0
TYPPROJEKT,INTEG_43,NOT NULL,,
TYPPROJEKT,TYPPROJEKT_PK,PRIMARY KEY,IDR,0
TYPPROJEKT,TYPPROJEKT_UNQ_KOD,UNIQUE,KOD,0
TYPYDPH,INTEG_133,NOT NULL,,
TYPYDPH,TYPYDPH_CHECK_CISLO,CHECK,,
TYPYDPH,TYPYDPH_PK,PRIMARY KEY,CISLO,0
TYPYPLN,INTEG_134,NOT NULL,,
TYPYPLN,INTEG_135,NOT NULL,,
TYPYPLN,TYPYPLN_PK,PRIMARY KEY,IDR,0
TYPYPLN,TYPYPLN_UNQ_KOD,UNIQUE,KODPLN,0
TYPYPOL,INTEG_136,NOT NULL,,
TYPYPOL,TYPYPOL_CHECK_DPH_HLAS,CHECK,,
TYPYPOL,TYPYPOL_CHECK_DPH_KONTRV,CHECK,,
TYPYPOL,TYPYPOL_CHECK_EET_HLAS,CHECK,,
TYPYPOL,TYPYPOL_CHECK_PDP,CHECK,,
TYPYPOL,TYPYPOL_CHECK_PDV,CHECK,,
TYPYPOL,TYPYPOL_CHECK_POPLATEK,CHECK,,
TYPYPOL,TYPYPOL_CHECK_UCTOBDOBI,CHECK,,
TYPYPOL,TYPYPOL_FK_PDPOHYBY_P,FOREIGN KEY,PDPSYNTET,0
TYPYPOL,TYPYPOL_FK_PDPOHYBY_P,FOREIGN KEY,PDPANALYT,1
TYPYPOL,TYPYPOL_FK_PDPOHYBY_V,FOREIGN KEY,PDVSYNTET,0
TYPYPOL,TYPYPOL_FK_PDPOHYBY_V,FOREIGN KEY,PDVANALYT,1
TYPYPOL,TYPYPOL_FK_PREDKIDNAK,FOREIGN KEY,PREDKIDNAK,0
TYPYPOL,TYPYPOL_FK_PREDKIDVYN,FOREIGN KEY,PREDKIDVYN,0
TYPYPOL,TYPYPOL_FK_PREDKONTFP,FOREIGN KEY,PREDKONTFP,0
TYPYPOL,TYPYPOL_FK_PREDKONTFV,FOREIGN KEY,PREDKONTFV,0
TYPYPOL,TYPYPOL_FK_PREDKONTPH,FOREIGN KEY,PREDKONTPH,0
TYPYPOL,TYPYPOL_FK_PREDKONTPP,FOREIGN KEY,PREDKONTPP,0
TYPYPOL,TYPYPOL_FK_PREDKONTPV,FOREIGN KEY,PREDKONTPV,0
TYPYPOL,TYPYPOL_FK_PREDKONTSP,FOREIGN KEY,PREDKONTSP,0
TYPYPOL,TYPYPOL_FK_PREDKONTSV,FOREIGN KEY,PREDKONTSV,0
TYPYPOL,TYPYPOL_FK_PREDKONTZV,FOREIGN KEY,PREDKONTZV,0
TYPYPOL,TYPYPOL_FK_PREDKSPP,FOREIGN KEY,PREDKSPP,0
TYPYPOL,TYPYPOL_FK_PREDKSPV,FOREIGN KEY,PREDKSPV,0
TYPYPOL,TYPYPOL_PK,PRIMARY KEY,IDR,0
TYPYPOL,TYPYPOL_UNQ_KOD,UNIQUE,KOD,0
TYPYPZ,INTEG_137,NOT NULL,,
TYPYPZ,TYPYPZ_CHECK_INTTYP,CHECK,,
TYPYPZ,TYPYPZ_PK,PRIMARY KEY,TYP,0
UCDE,INTEG_957,NOT NULL,,
UCDE,INTEG_958,NOT NULL,,
UCDE,INTEG_959,NOT NULL,,
UCDE,INTEG_960,NOT NULL,,
UCDE,INTEG_961,NOT NULL,,
UCDE,INTEG_962,NOT NULL,,
UCDE,INTEG_963,NOT NULL,,
UCDE,INTEG_964,NOT NULL,,
UCDE,INTEG_965,NOT NULL,,
UCDE,INTEG_966,NOT NULL,,
UCDE,UCDE_CHECK_CISLO,CHECK,,
UCDE,UCDE_CHECK_TYPDPH,CHECK,,
UCDE,UCDE_CHECK_TYP_DOKL,CHECK,,
UCDE,UCDE_FK_ADRES,FOREIGN KEY,ICO,0
UCDE,UCDE_FK_TYPDOKL,FOREIGN KEY,TYP_DOKL,0
UCDE,UCDE_FK_TYPYDPH,FOREIGN KEY,TYPDPH,0
UCDE,UCDE_PK,PRIMARY KEY,IDUCDE,0
UCDE,UCDE_UNQ_CISLO,UNIQUE,CISLO,0
UCDEPOL,INTEG_967,NOT NULL,,
UCDEPOL,INTEG_968,NOT NULL,,
UCDEPOL,INTEG_969,NOT NULL,,
UCDEPOL,INTEG_970,NOT NULL,,
UCDEPOL,INTEG_971,NOT NULL,,
UCDEPOL,INTEG_972,NOT NULL,,
UCDEPOL,INTEG_973,NOT NULL,,
UCDEPOL,INTEG_974,NOT NULL,,
UCDEPOL,INTEG_975,NOT NULL,,
UCDEPOL,INTEG_976,NOT NULL,,
UCDEPOL,INTEG_977,NOT NULL,,
UCDEPOL,INTEG_978,NOT NULL,,
UCDEPOL,INTEG_979,NOT NULL,,
UCDEPOL,INTEG_980,NOT NULL,,
UCDEPOL,UCDEPOL_CHECK_CISLO,CHECK,,
UCDEPOL,UCDEPOL_CHECK_CISLOARCH,CHECK,,
UCDEPOL,UCDEPOL_CHECK_CISLONULA,CHECK,,
UCDEPOL,UCDEPOL_CHECK_STEJNEUCTY,CHECK,,
UCDEPOL,UCDEPOL_FK_CINNOST,FOREIGN KEY,CINNOST,0
UCDEPOL,UCDEPOL_FK_OSNOVA_DAL,FOREIGN KEY,DALS,0
UCDEPOL,UCDEPOL_FK_OSNOVA_DAL,FOREIGN KEY,DALA,1
UCDEPOL,UCDEPOL_FK_OSNOVA_MADAT,FOREIGN KEY,MADATS,0
UCDEPOL,UCDEPOL_FK_OSNOVA_MADAT,FOREIGN KEY,MADATA,1
UCDEPOL,UCDEPOL_FK_STREDIS,FOREIGN KEY,STREDISKO,0
UCDEPOL,UCDEPOL_FK_TYPDOKL,FOREIGN KEY,TYP_DOKL,0
UCDEPOL,UCDEPOL_FK_UCDE,FOREIGN KEY,IDUCDE,0
UCDEPOL,UCDEPOL_FK_ZAKAZKA,FOREIGN KEY,CISLO_ZAK,0
UCDEPOL,UCDEPOL_PK,PRIMARY KEY,IDR,0
UCDEPOL,UCDEPOL_UNQ_CISLO,UNIQUE,CISLO,0
UCDEPOL,UCDEPOL_UNQ_CISLO,UNIQUE,CISLOARCH,1
UCDEPOLLOG,INTEG_981,NOT NULL,,
UCDEPOLLOG,INTEG_982,NOT NULL,,
UCDEPOLLOG,INTEG_983,NOT NULL,,
UCDEPOLLOG,INTEG_984,NOT NULL,,
UCDEPOLLOG,INTEG_985,NOT NULL,,
UCDEPOLLOG,INTEG_986,NOT NULL,,
UCDEPOLLOG,INTEG_987,NOT NULL,,
UCDEPOLLOG,INTEG_988,NOT NULL,,
UCDEPOLLOG,INTEG_989,NOT NULL,,
UCDEPOLLOG,INTEG_990,NOT NULL,,
UCDEPOLLOG,INTEG_991,NOT NULL,,
UCDEPOLLOG,INTEG_992,NOT NULL,,
UCDEPOLLOG,INTEG_993,NOT NULL,,
UCDEPOLLOG,INTEG_994,NOT NULL,,
UCDEPOLLOG,INTEG_995,NOT NULL,,
UCDEPOLLOG,UCDEPOLLOG_PK,PRIMARY KEY,LOG_IDR,0
UHRADY,INTEG_13,NOT NULL,,
UHRADY,UHRADY_PK,PRIMARY KEY,CISLO,0
UPGRLOG,INTEG_1034,NOT NULL,,
UPGRLOG,UPGRLOG_CHECK_AGENDA,CHECK,,
UPGRLOG,UPGRLOG_PK,PRIMARY KEY,AGENDA,0
UPGRLOG,UPGRLOG_PK,PRIMARY KEY,LOG_NAZEV,1
USRSRIGHTS,INTEG_194,NOT NULL,,
USRSRIGHTS,INTEG_195,NOT NULL,,
USRSRIGHTS,INTEG_196,NOT NULL,,
USRSRIGHTS,USRSRIGHTS_FK_FIRPRPR,FOREIGN KEY,USER_ID,0
USRSRIGHTS,USRSRIGHTS_PK,PRIMARY KEY,USER_ID,0
USRSRIGHTS,USRSRIGHTS_PK,PRIMARY KEY,AGENDA_ID,1
USRSRIGHTS,USRSRIGHTS_PK,PRIMARY KEY,AKCE_ID,2
UZIVNAST,INTEG_197,NOT NULL,,
UZIVNAST,INTEG_198,NOT NULL,,
UZIVNAST,INTEG_199,NOT NULL,,
UZIVNAST,UZIVNAST_FK_FIRPRPR,FOREIGN KEY,USERID,0
UZIVNAST,UZIVNAST_PK,PRIMARY KEY,USERID,0
UZIVNAST,UZIVNAST_PK,PRIMARY KEY,ITEMNAME,1
UZIVNAST,UZIVNAST_PK,PRIMARY KEY,PARTNO,2
VER,INTEG_1029,NOT NULL,,
VER,INTEG_1030,NOT NULL,,
VER,INTEG_1031,NOT NULL,,
VER,INTEG_1032,NOT NULL,,
VER,INTEG_1033,NOT NULL,,
VER,VER_CHECK_UPSTEP,CHECK,,
VER,VER_PK,PRIMARY KEY,PROGRAM,0
VODICI,VODICI_FK_STREDIS,FOREIGN KEY,STREDISKO,0
VODICI,VODICI_PK,PRIMARY KEY,OSCISLO,0
VYKAZY,INTEG_1035,NOT NULL,,
VYKAZY,INTEG_1036,NOT NULL,,
VYKAZY,INTEG_1037,NOT NULL,,
VYKAZY,INTEG_1038,NOT NULL,,
VYKAZY,INTEG_1039,NOT NULL,,
VYKAZY,INTEG_1040,NOT NULL,,
VYKAZY,INTEG_1041,NOT NULL,,
VYKAZY,INTEG_1042,NOT NULL,,
VYKAZY,VYKAZY_CHECK_VYKAZCIS,CHECK,,
VYKAZY,VYKAZY_FK_IDMR,FOREIGN KEY,IDMR,0
VYKAZY,VYKAZY_FK_MENY,FOREIGN KEY,MENA,0
VYKAZY,VYKAZY_PK,PRIMARY KEY,IDR,0
VYKAZY,VYKAZY_UNQ_VYKAZCIS,UNIQUE,VYKAZCIS,0
VYKAZYP,INTEG_1043,NOT NULL,,
VYKAZYP,INTEG_1044,NOT NULL,,
VYKAZYP,INTEG_1045,NOT NULL,,
VYKAZYP,INTEG_1046,NOT NULL,,
VYKAZYP,INTEG_1047,NOT NULL,,
VYKAZYP,VYKAZYP_FK_VYKAZY,FOREIGN KEY,SESTAVA,0
VYKAZYP,VYKAZYP_PK,PRIMARY KEY,IDR,0
VYKAZYP,VYKAZYP_UNQ_SR,UNIQUE,SESTAVA,0
VYKAZYP,VYKAZYP_UNQ_SR,UNIQUE,RADEK,1
VYKAZYP2,INTEG_1048,NOT NULL,,
VYKAZYP2,INTEG_1049,NOT NULL,,
VYKAZYP2,INTEG_1050,NOT NULL,,
VYKAZYP2,INTEG_1051,NOT NULL,,
VYKAZYP2,VYKAZYP2_FK_REFID,FOREIGN KEY,REFID,0
VYKAZYP2,VYKAZYP2_PK,PRIMARY KEY,REFID,0
VYKAZYP2,VYKAZYP2_PK,PRIMARY KEY,ITEMNAME,1
VYKAZYP2,VYKAZYP2_PK,PRIMARY KEY,PARTNO,2
VYKAZYP3,INTEG_1052,NOT NULL,,
VYKAZYP3,INTEG_1053,NOT NULL,,
VYKAZYP3,INTEG_1054,NOT NULL,,
VYKAZYP3,INTEG_1055,NOT NULL,,
VYKAZYP3,VYKAZYP3_FK_IDRM,FOREIGN KEY,IDRM,0
VYKAZYP3,VYKAZYP3_PK,PRIMARY KEY,IDR,0
VYKAZYP4,INTEG_1056,NOT NULL,,
VYKAZYP4,INTEG_1057,NOT NULL,,
VYKAZYP4,VYKAZYP4_FK_IDRM,FOREIGN KEY,IDRM,0
VYKAZYP4,VYKAZYP4_PK,PRIMARY KEY,IDR,0
ZAKAZKA,INTEG_139,NOT NULL,,
ZAKAZKA,INTEG_140,NOT NULL,,
ZAKAZKA,INTEG_141,NOT NULL,,
ZAKAZKA,INTEG_142,NOT NULL,,
ZAKAZKA,INTEG_143,NOT NULL,,
ZAKAZKA,ZAKAZKA_CHECK_STAV,CHECK,,
ZAKAZKA,ZAKAZKA_FK_ADRES,FOREIGN KEY,ICO,0
ZAKAZKA,ZAKAZKA_PK,PRIMARY KEY,IDR,0
ZAKAZKA,ZAKAZKA_UNQ_CISLO,UNIQUE,CISLO,0
ZAPOCPOL,INTEG_803,NOT NULL,,
ZAPOCPOL,INTEG_804,NOT NULL,,
ZAPOCPOL,INTEG_805,NOT NULL,,
ZAPOCPOL,INTEG_806,NOT NULL,,
ZAPOCPOL,INTEG_807,NOT NULL,,
ZAPOCPOL,ZAPOCPOL_FK_FAKPR,FOREIGN KEY,ID_FP,0
ZAPOCPOL,ZAPOCPOL_FK_FAKVY,FOREIGN KEY,ID_FV,0
ZAPOCPOL,ZAPOCPOL_FK_OSPOH,FOREIGN KEY,ID_PH,0
ZAPOCPOL,ZAPOCPOL_FK_OSZAV,FOREIGN KEY,ID_ZV,0
ZAPOCPOL,ZAPOCPOL_FK_ZAPOCTY,FOREIGN KEY,IDZAPOC,0
ZAPOCPOL,ZAPOCPOL_PK,PRIMARY KEY,IDR,0
ZAPOCPOL,ZAPOCPOL_TEXTROW_CENAPOCET,CHECK,,
ZAPOCTY,INTEG_799,NOT NULL,,
ZAPOCTY,INTEG_800,NOT NULL,,
ZAPOCTY,INTEG_801,NOT NULL,,
ZAPOCTY,INTEG_802,NOT NULL,,
ZAPOCTY,ZAPOCTY_DRUHSTAV,CHECK,,
ZAPOCTY,ZAPOCTY_FK_ADRES,FOREIGN KEY,ICO,0
ZAPOCTY,ZAPOCTY_FK_MENY,FOREIGN KEY,MENA,0
ZAPOCTY,ZAPOCTY_GENUHRDOK,CHECK,,
ZAPOCTY,ZAPOCTY_PK,PRIMARY KEY,IDZAPOC,0
ZAPOCTY,ZAPOCTY_UNQ_CISLO,UNIQUE,CISLO,0
ZVLPOH,INTEG_1332,NOT NULL,,
ZVLPOH,INTEG_1333,NOT NULL,,
ZVLPOH,INTEG_1334,NOT NULL,,
ZVLPOH,ZVLPOH_PK,PRIMARY KEY,IDR,0
ZVLPOH,ZVLPOH_UNQ_KOD,UNIQUE,KOD,0
