TABLE_NAME,COLUMN_NAME,COLUMN_POSITION,FIELD_TYPE,SUB_TYPE,BYTE_LENGTH,TEXT_LENGTH,NUMERIC_PRECISION,NUMERIC_SCALE,NOT_NULL,CHARSET
ADRES,IDRADR,0,8,0,4,,0,0,1,
ADRES,UPDCNT,1,8,0,4,,0,0,1,
ADRES,FIRMA,2,14,0,50,50,,0,1,WIN1250
ADRES,ICO,3,14,0,12,12,,0,1,WIN1250
ADRES,KODADR,4,14,0,15,15,,0,1,WIN1250
ADRES,MENO,5,14,0,30,30,,0,1,WIN1250
ADRES,ULICA,6,14,0,30,30,,0,1,WIN1250
ADRES,MESTO,7,14,0,30,30,,0,1,WIN1250
ADRES,STAT,8,14,0,30,30,,0,1,WIN1250
ADRES,INE,9,14,0,30,30,,0,1,WIN1250
ADRES,PSC,10,14,0,15,15,,0,1,WIN1250
ADRES,CISOB,11,14,0,6,6,,0,1,WIN1250
ADRES,CISORP,12,14,0,6,6,,0,1,WIN1250
ADRES,DIC,13,14,0,17,17,,0,1,WIN1250
ADRES,TELEFON,14,14,0,30,30,,0,1,WIN1250
ADRES,TELEFON2,15,14,0,30,30,,0,1,WIN1250
ADRES,TELEFON3,16,14,0,30,30,,0,1,WIN1250
ADRES,FAX,17,14,0,30,30,,0,1,WIN1250
ADRES,EMAIL,18,14,0,256,256,,0,1,WIN1250
ADRES,TLAC,19,14,0,1,1,,0,1,WIN1250
ADRES,POZNAMKA,20,261,1,8,,,0,0,WIN1250
ADRES,FYZOSOB,21,14,0,1,1,,0,1,WIN1250
ADRES,TEMP_REC,22,7,1,2,,1,0,1,
ADRES,CENSKUP,23,7,1,2,,4,0,0,
ADRES,FIRMA2,24,14,0,50,50,,0,1,WIN1250
ADRES,ID,25,14,0,50,50,,0,1,WIN1250
ADRES,DAT_ZAR,26,12,0,4,,,0,0,
ADRES,DATNAROZ,27,12,0,4,,,0,0,
ADRES,DAN_URAD,28,14,0,5,5,,0,0,WIN1250
ADRES,SPLATNOST,29,7,1,2,,3,0,0,
ADRES,ICOPRIJ,30,14,0,12,12,,0,0,WIN1250
ADRES,EANKOD,31,14,0,18,18,,0,1,WIN1250
ADRES,EANSYS,32,14,0,17,17,,0,1,WIN1250
ADRES,EANSYS_DL,33,14,0,17,17,,0,1,WIN1250
ADRES,FORMAUHRAD,34,14,0,10,10,,0,1,WIN1250
ADRES,SPOSOBDOPR,35,14,0,10,10,,0,1,WIN1250
ADRES,VARSYMBFV,36,14,0,10,10,,0,1,WIN1250
ADRES,VARSYMBFP,37,14,0,10,10,,0,1,WIN1250
ADRES,SPECSYMBFV,38,14,0,10,10,,0,1,WIN1250
ADRES,SPECSYMBFP,39,14,0,10,10,,0,1,WIN1250
ADRES,UDPREDKFV,40,8,1,4,,7,-3,0,
ADRES,PDSYNTETFV,41,7,1,2,,2,0,0,
ADRES,PDANALYTFV,42,7,1,2,,3,0,0,
ADRES,UDPREDKFP,43,8,1,4,,7,-3,0,
ADRES,PDSYNTETFP,44,7,1,2,,2,0,0,
ADRES,PDANALYTFP,45,7,1,2,,3,0,0,
ADRES,NA_PLATNO,46,7,1,2,,3,0,1,
ADRES,OBJEMAIL,47,14,0,256,256,,0,1,WIN1250
ADRES,FAKEMAIL,48,14,0,256,256,,0,1,WIN1250
ADRES,FAKPDFPWD,49,14,0,50,50,,0,1,WIN1250
ADRES,FAKSTRED,50,14,0,6,6,,0,0,WIN1250
ADRES,SKONTOPROC,51,8,1,4,,6,-2,1,
ADRES,SKONTODNY,52,7,1,2,,2,0,1,
ADRES,FAKSLEVA,53,8,1,4,,6,-2,1,
ADRES,FAKAUTOPRN,54,7,1,2,,1,0,1,
ADRES,FAKINHEXP,55,7,1,2,,1,0,1,
ADRES,FAKINHPROF,56,8,0,4,,0,0,0,
ADRES,DLINHEXP,57,7,1,2,,1,0,1,
ADRES,DLINHPROF,58,8,0,4,,0,0,0,
ADRES,CISPOVOL,59,14,0,13,13,,0,1,WIN1250
ADRES,TYPPOVOL,60,7,1,2,,1,0,1,
ADRES,VELOBCH,61,14,0,1,1,,0,1,WIN1250
ADRES,ODBERATEL,62,14,0,1,1,,0,1,WIN1250
ADRES,DODAVATEL,63,14,0,1,1,,0,1,WIN1250
ADRES,KODSTAT,64,14,0,2,2,,0,0,WIN1250
ADRES,IC_DPH,65,14,0,14,14,,0,1,WIN1250
ADRES,ADRESTYP,66,14,0,128,128,,0,1,WIN1250
ADRES,DOTRIGGER,67,14,0,1,1,,0,1,WIN1250
ADRES,IDBANKY,68,8,0,4,,0,0,0,
ADRES,IDKONTAKT,69,8,0,4,,0,0,0,
ADRES,KREDIT,70,16,1,8,,15,-2,0,
ADRES,TOLERSPL,71,7,1,2,,3,0,0,
ADRES,IDDODTXT,72,8,0,4,,0,0,0,
ADRES,CRPKONTDAT,73,35,0,8,,,0,0,
ADRES,CRPSTATUS,74,7,1,2,,1,0,1,
ADRES,CRPDATNESP,75,35,0,8,,,0,0,
ADRES,USRFLD1,76,14,0,40,40,,0,1,WIN1250
ADRES,USRFLD2,77,14,0,40,40,,0,1,WIN1250
ADRES,USRFLD3,78,14,0,40,40,,0,1,WIN1250
ADRES,USRFLD4,79,14,0,40,40,,0,1,WIN1250
ADRES,USRFLD5,80,14,0,40,40,,0,1,WIN1250
ADRES,LOG_DATE,81,35,0,8,,,0,1,
ADRES,LOG_USER,82,14,0,31,31,,0,1,WIN1250
ADRESBAN,IDR,0,8,0,4,,0,0,1,
ADRESBAN,IDRADR,1,8,0,4,,0,0,1,
ADRESBAN,UPDCNT,2,8,0,4,,0,0,1,
ADRESBAN,DEFUCET,3,14,0,1,1,,0,1,WIN1250
ADRESBAN,BANKA,4,14,0,100,100,,0,1,WIN1250
ADRESBAN,POBOCKA,5,14,0,100,100,,0,1,WIN1250
ADRESBAN,UCET,6,14,0,18,18,,0,1,WIN1250
ADRESBAN,KODBANKY,7,14,0,12,12,,0,1,WIN1250
ADRESBAN,CHARKOD,8,14,0,7,7,,0,1,WIN1250
ADRESBAN,MENA,9,14,0,3,3,,0,1,WIN1250
ADRESBAN,KODSTAT,10,14,0,2,2,,0,1,WIN1250
ADRESBAN,SPECISYMB,11,14,0,10,10,,0,1,WIN1250
ADRESBAN,IBAN,12,14,0,34,34,,0,1,WIN1250
ADRESBAN,SWIFTCODE,13,14,0,12,12,,0,1,WIN1250
ADRESBAN,NAZEVUCTU,14,14,0,35,35,,0,1,WIN1250
ADRESBAN,ADRESA2,15,14,0,35,35,,0,1,WIN1250
ADRESBAN,ADRESA3,16,14,0,35,35,,0,1,WIN1250
ADRESBAN,ADRESA4,17,14,0,35,35,,0,1,WIN1250
ADRESBAN,CRPDATOD,18,35,0,8,,,0,0,
ADRESBAN,CRPDATDO,19,35,0,8,,,0,0,
ADRESGDPR,IDR,0,8,0,4,,0,0,1,
ADRESGDPR,IDRADR,1,8,0,4,,0,0,1,
ADRESGDPR,UPDCNT,2,8,0,4,,0,0,1,
ADRESGDPR,KOD,3,14,0,10,10,,0,1,WIN1250
ADRESGDPR,POZNAMKA,4,14,0,50,50,,0,1,WIN1250
ADRESGDPR,DATUMOD,5,12,0,4,,,0,1,
ADRESGDPR,DATUMDO,6,12,0,4,,,0,1,
ADRESGDPR,DOCNAME,7,14,0,50,50,,0,1,WIN1250
ADRESGDPR,DOCUMENT,8,261,0,8,,,0,0,
ADRESGDPR,LOG_DATE,9,35,0,8,,,0,1,
ADRESGDPR,LOG_USER,10,14,0,31,31,,0,1,WIN1250
ADRESKON,IDR,0,8,0,4,,0,0,1,
ADRESKON,IDRADR,1,8,0,4,,0,0,1,
ADRESKON,IDRKON,2,8,0,4,,0,0,1,
ADRESKON,FUNKCE,3,14,0,50,50,,0,1,WIN1250
ADRESTYP,IDR,0,8,0,4,,0,0,1,
ADRESTYP,POPIS,1,14,0,45,45,,0,1,WIN1250
ADRESTYP,AKTIVNI,2,14,0,1,1,,0,1,WIN1250
AKTAG,IDR,0,8,0,4,,0,0,1,
AKTAG,ID_AK,1,8,0,4,,0,0,1,
AKTAG,ID_FV,2,8,0,4,,0,0,0,
AKTAG,ID_FP,3,8,0,4,,0,0,0,
AKTAG,ID_PH,4,8,0,4,,0,0,0,
AKTAG,ID_ZV,5,8,0,4,,0,0,0,
AKTAG,ID_PK,6,8,0,4,,0,0,0,
AKTAG,ID_ID,7,8,0,4,,0,0,0,
AKTAG,ID_ZP,8,8,0,4,,0,0,0,
AKTAG,ID_OV,9,8,0,4,,0,0,0,
AKTAG,ID_OP,10,8,0,4,,0,0,0,
AKTAG,ID_SP,11,8,0,4,,0,0,0,
AKTAG,ID_SK,12,8,0,4,,0,0,0,
AKTAG,ID_UD,13,8,0,4,,0,0,0,
AKTAG,ID_DE,14,8,0,4,,0,0,0,
AKTAG,ID_MP,15,8,0,4,,0,0,0,
AKTAG,ID_AD,16,8,0,4,,0,0,0,
AKTAG,ID_KT,17,8,0,4,,0,0,0,
AKTAG,ID_OR,18,8,0,4,,0,0,0,
AKTAG,ID_ZK,19,8,0,4,,0,0,0,
AKTAG,ID_LP,20,8,0,4,,0,0,0,
AKTAG,ID_LV,21,8,0,4,,0,0,0,
AKTAG,ID_MJ,22,8,0,4,,0,0,0,
AKTAG,ID_MD,23,8,0,4,,0,0,0,
AKTIVITKON,IDR,0,8,0,4,,0,0,1,
AKTIVITKON,IDRM,1,8,0,4,,0,0,1,
AKTIVITKON,IDRKON,2,8,0,4,,0,0,1,
AKTIVITUSR,IDR,0,8,0,4,,0,0,1,
AKTIVITUSR,IDRM,1,8,0,4,,0,0,1,
AKTIVITUSR,USERID,2,7,1,2,,3,0,1,
AKTIVITUSR,UPDCNT,3,8,0,4,,0,0,1,
AKTIVITUSR,DATZACATEK,4,35,0,8,,,0,1,
AKTIVITUSR,DATKONEC,5,35,0,8,,,0,0,
AKTIVITUSR,POPIS,6,14,0,100,100,,0,1,WIN1250
AKTIVITUSR,NOTIFIKACE,7,7,1,2,,1,0,1,
AKTIVITUSR,LOG_DATE,8,35,0,8,,,0,1,
AKTIVITUSR,LOG_USER,9,14,0,31,31,,0,1,WIN1250
AKTIVITY,IDRM,0,8,0,4,,0,0,1,
AKTIVITY,UPDCNT,1,8,0,4,,0,0,1,
AKTIVITY,CISLO,2,14,0,10,10,,0,1,WIN1250
AKTIVITY,POPIS,3,14,0,100,100,,0,1,WIN1250
AKTIVITY,TYPAKTIV,4,14,0,20,20,,0,1,WIN1250
AKTIVITY,PROJEKT,5,14,0,10,10,,0,0,WIN1250
AKTIVITY,ICO,6,14,0,12,12,,0,0,WIN1250
AKTIVITY,ROZPRAC,7,7,1,2,,3,0,1,
AKTIVITY,PRIORITA,8,7,1,2,,1,0,1,
AKTIVITY,PRIVATNI,9,14,0,1,1,,0,1,WIN1250
AKTIVITY,STREDISKO,10,14,0,6,6,,0,1,WIN1250
AKTIVITY,CISLO_ZAK,11,14,0,15,15,,0,1,WIN1250
AKTIVITY,DATVYSTAVE,12,12,0,4,,,0,0,
AKTIVITY,DATZACATEK,13,35,0,8,,,0,1,
AKTIVITY,DATKONEC,14,35,0,8,,,0,0,
AKTIVITY,DATPLANKON,15,35,0,8,,,0,0,
AKTIVITY,VYNOSY,16,16,1,8,,15,-2,0,
AKTIVITY,NAKLADY,17,16,1,8,,15,-2,0,
AKTIVITY,VYNOSYZ,18,16,1,8,,15,-2,0,
AKTIVITY,NAKLADYZ,19,16,1,8,,15,-2,0,
AKTIVITY,MENA,20,14,0,3,3,,0,1,WIN1250
AKTIVITY,KURZ_ZAHR,21,16,1,8,,13,-6,1,
AKTIVITY,KURZ_SK,22,16,1,8,,13,-6,1,
AKTIVITY,USRFLD1,23,14,0,40,40,,0,1,WIN1250
AKTIVITY,USRFLD2,24,14,0,40,40,,0,1,WIN1250
AKTIVITY,USRFLD3,25,14,0,40,40,,0,1,WIN1250
AKTIVITY,USRFLD4,26,14,0,40,40,,0,1,WIN1250
AKTIVITY,USRFLD5,27,14,0,40,40,,0,1,WIN1250
AKTIVITY,POZNAMKA,28,261,1,8,,,0,0,WIN1250
AKTIVITY,LOG_DATE,29,35,0,8,,,0,1,
AKTIVITY,LOG_USER,30,14,0,31,31,,0,1,WIN1250
AUTA,IDR,0,8,0,4,,0,0,1,
AUTA,SPZ,1,14,0,12,12,,0,1,WIN1250
AUTA,ZNACKA,2,14,0,20,20,,0,1,WIN1250
AUTA,DRUH,3,7,1,2,,2,0,0,
AUTA,VZTAH,4,7,1,2,,2,0,0,
AUTA,MAJITEL,5,14,0,30,30,,0,1,WIN1250
AUTA,CSN,6,8,1,4,,6,-2,0,
AUTA,EHKMESTO,7,8,1,4,,6,-2,0,
AUTA,EHK90,8,8,1,4,,6,-2,0,
AUTA,EHK120,9,8,1,4,,6,-2,0,
AUTA,PALIVO,10,14,0,10,10,,0,1,WIN1250
AUTA,PALIVO_MJ,11,14,0,5,5,,0,1,WIN1250
AUTA,EMISIA,12,12,0,4,,,0,0,
AUTA,STK,13,12,0,4,,,0,0,
AUTA,POZNAMKA,14,261,1,8,,,0,0,WIN1250
AUTA,CISMOTORA,15,14,0,20,20,,0,1,WIN1250
AUTA,CISPODVOZ,16,14,0,20,20,,0,1,WIN1250
AUTA,OBJEM,17,14,0,10,10,,0,1,WIN1250
AUTA,VYPSTRAVNE,18,14,0,1,1,,0,1,WIN1250
AUTA,NADRZPOCIA,19,8,1,4,,7,-2,0,
AUTA,TACHPOC,20,8,1,4,,9,-1,0,
AUTA,NORMA,21,7,1,2,,1,0,1,
AUTA,ES_MESTO,22,8,1,4,,6,-2,0,
AUTA,ES_MIMO,23,8,1,4,,6,-2,0,
AUTA,ES_KOMB,24,8,1,4,,6,-2,0,
AUTA,NADRZMAX,25,8,1,4,,7,-2,1,
AUTA,PHSADZPOC,26,8,1,4,,7,-3,1,
AUTA,UPDCNT,27,8,0,4,,0,0,1,
BANKY,IDR,0,8,0,4,,0,0,1,
BANKY,UPDCNT,1,8,0,4,,0,0,1,
BANKY,BANKA,2,14,0,100,100,,0,1,WIN1250
BANKY,POBOCKA,3,14,0,100,100,,0,1,WIN1250
BANKY,UCET,4,14,0,18,18,,0,1,WIN1250
BANKY,KODBANKY,5,14,0,12,12,,0,1,WIN1250
BANKY,CHARKOD,6,14,0,7,7,,0,1,WIN1250
BANKY,SYNTET,7,14,0,3,3,,0,0,WIN1250
BANKY,ANALYT,8,14,0,3,3,,0,0,WIN1250
BANKY,MENA,9,14,0,3,3,,0,1,WIN1250
BANKY,KODSTAT,10,14,0,2,2,,0,1,WIN1250
BANKY,SPECISYMB,11,14,0,10,10,,0,1,WIN1250
BANKY,FIRM_BANK,12,14,0,1,1,,0,1,WIN1250
BANKY,SWIFTCODE,13,14,0,12,12,,0,1,WIN1250
BANKY,NAZEVUCTU,14,14,0,35,35,,0,1,WIN1250
BANKY,ADRESA2,15,14,0,35,35,,0,1,WIN1250
BANKY,ADRESA3,16,14,0,35,35,,0,1,WIN1250
BANKY,ADRESA4,17,14,0,35,35,,0,1,WIN1250
BANKY,IBAN,18,14,0,34,34,,0,1,WIN1250
BANKY,POCSTAV,19,16,1,8,,15,-2,1,
BANKY,POCSTAV_ZAHR,20,16,1,8,,15,-2,1,
BANKY,STREDISKO,21,14,0,6,6,,0,1,WIN1250
BANKY,DEFFORMENA,22,14,0,1,1,,0,1,WIN1250
BANOBRAT,IDR,0,8,0,4,,0,0,1,
BANOBRAT,IDVYP,1,8,0,4,,0,0,1,
BANOBRAT,CISUCTU,2,14,0,17,17,,0,1,WIN1250
BANOBRAT,PROTIUCET,3,14,0,34,34,,0,1,WIN1250
BANOBRAT,PROTIKODB,4,14,0,35,35,,0,1,WIN1250
BANOBRAT,CISDOKL,5,14,0,13,13,,0,1,WIN1250
BANOBRAT,BACASTKA,6,16,1,8,,15,-2,1,
BANOBRAT,LOCASTKA,7,16,1,8,,15,-2,0,
BANOBRAT,UHCASTKA,8,16,1,8,,15,-2,1,
BANOBRAT,MENA,9,14,0,3,3,,0,1,WIN1250
BANOBRAT,UHMENA,10,14,0,3,3,,0,1,WIN1250
BANOBRAT,KURZ_ZAHR,11,16,1,8,,13,-6,1,
BANOBRAT,KURZ_SK,12,16,1,8,,13,-6,1,
BANOBRAT,KODUCT,13,14,0,1,1,,0,1,WIN1250
BANOBRAT,VARSYMB,14,14,0,10,10,,0,1,WIN1250
BANOBRAT,KONSYMB,15,14,0,10,10,,0,1,WIN1250
BANOBRAT,SPECSYMB,16,14,0,10,10,,0,1,WIN1250
BANOBRAT,DOPTEXT,17,14,0,50,50,,0,1,WIN1250
BANOBRAT,DATSPLAT,18,12,0,4,,,0,1,
BANOBRAT,DATUCT,19,12,0,4,,,0,1,
BANOBRAT,BAZAUC,20,14,0,1,1,,0,1,WIN1250
BANOBRAT,USTAV,21,14,0,2,2,,0,1,WIN1250
BANOBRAT,RIADOK,22,8,1,4,,9,0,1,
BANOBRAT,IDRM,23,8,0,4,,0,0,0,
BANOBRAT,TYPIMP,24,7,1,2,,2,0,1,
BANOBRAT,AVIZO,25,14,0,140,140,,0,1,WIN1250
BANOBRAT,IDUHR_FV,26,8,0,4,,0,0,0,
BANOBRAT,IDUHR_FP,27,8,0,4,,0,0,0,
BANOBRAT,IDUHR_PH,28,8,0,4,,0,0,0,
BANOBRAT,IDUHR_ZV,29,8,0,4,,0,0,0,
BANOBRAT,IDUHR_UD,30,8,0,4,,0,0,0,
BANOBRAT,IDUCDE,31,8,0,4,,0,0,0,
BANOBRAT,IDUCDEPOL,32,8,0,4,,0,0,0,
BANOBRAT,IDPENDE,33,8,0,4,,0,0,0,
BANOBRAT,TYP_POL,34,14,0,10,10,,0,0,WIN1250
BANOBRAT,PDSYNTET,35,7,1,2,,2,0,0,
BANOBRAT,PDANALYT,36,7,1,2,,3,0,0,
BANOBRAT,ZDROJPRF,37,14,0,2,2,,0,1,WIN1250
BANOBRAT,ZDROJIDR,38,8,0,4,,0,0,0,
BANOBRAT,IDPAR_OP,39,8,0,4,,0,0,0,
BANOBRAT,LOG_DATE,40,35,0,8,,,0,1,
BANOBRAT,LOG_USER,41,14,0,31,31,,0,1,WIN1250
BANVYPIS,IDVYP,0,8,0,4,,0,0,1,
BANVYPIS,FILENAME,1,14,0,30,30,,0,1,WIN1250
BANVYPIS,INTCISVYP,2,14,0,10,10,,0,1,WIN1250
BANVYPIS,CISVYP,3,8,1,4,,9,0,1,
BANVYPIS,DATUCT,4,12,0,4,,,0,1,
BANVYPIS,DATUCTROK,5,7,1,2,,4,0,1,
BANVYPIS,IDBANKY,6,8,0,4,,0,0,1,
BANVYPIS,CISUCTU,7,14,0,17,17,,0,1,WIN1250
BANVYPIS,KODBANKY,8,14,0,12,12,,0,1,WIN1250
BANVYPIS,MENA,9,14,0,3,3,,0,1,WIN1250
BANVYPIS,NAZKLIENTA,10,14,0,20,20,,0,1,WIN1250
BANVYPIS,DATSTAR,11,12,0,4,,,0,1,
BANVYPIS,STARZUST,12,16,1,8,,15,-2,1,
BANVYPIS,DATNOVY,13,12,0,4,,,0,1,
BANVYPIS,NOVYZUST,14,16,1,8,,15,-2,1,
BANVYPIS,OBRATDEBET,15,16,1,8,,15,-2,1,
BANVYPIS,OBRATKREDI,16,16,1,8,,15,-2,1,
BANVYPIS,TYPIMP,17,7,1,2,,2,0,1,
BANVYPIS,IBAN,18,14,0,34,34,,0,1,WIN1250
BANVYPIS,SWIFTCODE,19,14,0,12,12,,0,1,WIN1250
BANVYPIS,LOG_DATE,20,35,0,8,,,0,1,
BANVYPIS,LOG_USER,21,14,0,31,31,,0,1,WIN1250
BVPROFIL,IDR,0,8,0,4,,0,0,1,
BVPROFIL,USERID,1,7,1,2,,3,0,1,
BVPROFIL,TYP,2,14,0,1,1,,0,1,WIN1250
BVPROFIL,POPIS,3,14,0,30,30,,0,1,WIN1250
BVPROFILP,REFID,0,8,0,4,,0,0,1,
BVPROFILP,ITEMNAME,1,14,0,20,20,,0,1,WIN1250
BVPROFILP,PARTNO,2,7,1,2,,3,0,1,
BVPROFILP,ITEMVALUE,3,14,0,30,30,,0,1,WIN1250
CENINT,IDR,0,8,0,4,,0,0,1,
CENINT,ODCASTKA,1,16,1,8,,12,-2,1,
CENINT,DOCASTKA,2,16,1,8,,12,-2,1,
CENINT,PROCENTA,3,8,1,4,,6,-2,1,
CENINY,CISLO,0,8,1,4,,6,0,1,
CENINY,NAZOV,1,14,0,30,30,,0,1,WIN1250
CENINY,POCET,2,8,1,4,,8,0,0,
CENINY,CENAJED,3,16,1,8,,11,-2,0,
CENINY,STREDISKO,4,14,0,6,6,,0,1,WIN1250
CENSKUP,IDR,0,8,0,4,,0,0,1,
CENSKUP,CISLO,1,7,1,2,,4,0,1,
CENSKUP,POPIS,2,14,0,50,50,,0,1,WIN1250
CENSKUP,UPDCNT,3,8,0,4,,0,0,1,
CENSKUPPOL,IDR,0,8,0,4,,0,0,1,
CENSKUPPOL,IDRCS,1,8,0,4,,0,0,1,
CENSKUPPOL,ZLAVA,2,8,1,4,,6,-2,0,
CENSKUPPOL,CISLOKAR,3,16,1,8,,10,-2,0,
CENSKUPPOL,SKUPINA,4,14,0,10,10,,0,0,WIN1250
CENSKUPPOL,CISKAT,5,8,1,4,,8,0,0,
CENSKUPPOL,TYP_POL,6,14,0,10,10,,0,0,WIN1250
CENSKUPPOL,DATUMOD,7,12,0,4,,,0,0,
CENSKUPPOL,DATUMDO,8,12,0,4,,,0,0,
CENSKUPPOL,CENA,9,16,1,8,,15,-4,0,
CENSKUPPOL,MENA,10,14,0,3,3,,0,1,WIN1250
CENSKUPPOL,SDPH,11,14,0,1,1,,0,0,WIN1250
CENSKUPPOL,TYPCENY,12,7,1,2,,1,0,0,
CENSKUPPOL,CISCENY,13,7,1,2,,1,0,0,
CENSKUPPOL,UPDCNT,14,8,0,4,,0,0,1,
CHARTPAR,IDR,0,8,0,4,,0,0,1,
CHARTPAR,USERID,1,7,1,2,,3,0,1,
CHARTPAR,AGENDA,2,7,1,2,,2,0,1,
CHARTPAR,MASTERID,3,7,1,2,,2,0,1,
CHARTPAR,DETAILID,4,7,1,2,,2,0,1,
CHARTPAR,CH3D,5,14,0,1,1,,0,1,WIN1250
CHARTPAR,CH3DORTOGON,6,14,0,1,1,,0,1,WIN1250
CHARTPAR,CH3DROTAT,7,7,1,2,,4,0,0,
CHARTPAR,CH3DELEVAT,8,7,1,2,,4,0,0,
CHARTPAR,CH3DDEPTH,9,7,1,2,,2,0,0,
CHARTPAR,CAPTIONS,10,14,0,1,1,,0,1,WIN1250
CHARTPAR,MULTIBAR,11,7,1,2,,2,0,0,
CHARTPAR,STAIRS,12,14,0,1,1,,0,1,WIN1250
CHARTPAR,BARSTYLE,13,7,1,2,,2,0,0,
CHARTPAR,MARKSTYLE,14,7,1,2,,2,0,0,
CHARTPAR,BGRIDVIS,15,14,0,1,1,,0,1,WIN1250
CHARTPAR,LGRIDVIS,16,14,0,1,1,,0,1,WIN1250
CHARTPAR,LEGENDVIS,17,14,0,1,1,,0,1,WIN1250
CHARTPAR,LEGENDALI,18,7,1,2,,2,0,0,
CHARTPAR,LEGENDSTY,19,7,1,2,,2,0,0,
CHARTPAR,BLABANGLE,20,7,1,2,,3,0,0,
CHARTPAR,LLABANGLE,21,7,1,2,,3,0,0,
CINNOSTI,IDR,0,8,0,4,,0,0,1,
CINNOSTI,UPDCNT,1,8,0,4,,0,0,1,
CINNOSTI,CISLO,2,14,0,20,20,,0,1,WIN1250
CINNOSTI,NAZEV,3,14,0,50,50,,0,1,WIN1250
CINNOSTI,POPIS,4,14,0,100,100,,0,1,WIN1250
CINNOSTI,LOG_DATE,5,35,0,8,,,0,1,
CINNOSTI,LOG_USER,6,14,0,31,31,,0,1,WIN1250
CISPOKL,IDPOKL,0,8,0,4,,0,0,1,
CISPOKL,IDENTIF,1,14,0,20,20,,0,1,WIN1250
CISPOKL,POKLADNA,2,14,0,30,30,,0,1,WIN1250
CISPOKL,POCSTAV,3,16,1,8,,15,-2,1,
CISPOKL,POCSTAV_ZAHR,4,16,1,8,,15,-2,1,
CISPOKL,MENA,5,14,0,3,3,,0,1,WIN1250
CISPOKL,STREDISKO,6,14,0,6,6,,0,1,WIN1250
CISPOKL,SYNTET,7,14,0,3,3,,0,0,WIN1250
CISPOKL,ANALYT,8,14,0,3,3,,0,0,WIN1250
CISPOKL,CISRADPRIJM,9,14,0,20,20,,0,1,WIN1250
CISPOKL,CISRADVYDAJ,10,14,0,20,20,,0,1,WIN1250
CISPOKL,PZAOKCLKJD,11,16,1,8,,12,-4,1,
CISPOKL,PZAOKCLKZP,12,7,1,2,,1,0,1,
CISPOKL,VZAOKCLKJD,13,16,1,8,,12,-4,1,
CISPOKL,VZAOKCLKZP,14,7,1,2,,1,0,1,
CISPOKL,EET_SEND,15,7,1,2,,1,0,1,
CISPOKL,UPDCNT,16,8,0,4,,0,0,1,
CISPOKL,DOTRIGGER,17,7,1,2,,1,0,0,
CZISCO,KOD,0,14,0,5,5,,0,1,WIN1250
CZISCO,POPIS,1,14,0,128,128,,0,1,WIN1250
DANURADY,IDR,0,8,0,4,,0,0,1,
DANURADY,CISLO,1,14,0,5,5,,0,1,WIN1250
DANURADY,C_UFO,2,14,0,5,5,,0,1,WIN1250
DANURADY,UZP,3,14,0,1,1,,0,1,WIN1250
DANURADY,NAZOV,4,14,0,50,50,,0,1,WIN1250
DANURADY,ULICA,5,14,0,30,30,,0,1,WIN1250
DANURADY,PSC,6,14,0,8,8,,0,1,WIN1250
DANURADY,MESTO,7,14,0,50,50,,0,1,WIN1250
DANURADY,TEL,8,14,0,30,30,,0,1,WIN1250
DEFPREDKONT,IDR,0,8,0,4,,0,0,1,
DEFPREDKONT,USERID,1,7,1,2,,3,0,1,
DEFPREDKONT,SYSTEMID,2,8,0,4,,0,0,1,
DEFPREDKONT,ORDERID,3,8,0,4,,0,0,1,
DEFPREDKONT,AGENDA,4,7,1,2,,2,0,1,
DEFPREDKONT,PREPIS,5,14,0,1,1,,0,1,WIN1250
DEFPREDKONT,POPIS,6,14,0,50,50,,0,1,WIN1250
DEFPREDKONT,TEXT,7,14,0,100,100,,0,1,WIN1250
DEFPREDKONT,MADATS,8,14,0,3,3,,0,1,WIN1250
DEFPREDKONT,DALS,9,14,0,3,3,,0,1,WIN1250
DEFPREDKONT,MADATA,10,14,0,3,3,,0,1,WIN1250
DEFPREDKONT,DALA,11,14,0,3,3,,0,1,WIN1250
DENIKREP,IDR,0,8,0,4,,0,0,1,
DENIKREP,TEXT,1,14,0,200,200,,0,1,WIN1250
DENIKREP,LOG_DATE,2,35,0,8,,,0,1,
DENIKREP,LOG_USER,3,14,0,31,31,,0,1,WIN1250
DMAJET,IDR,0,8,0,4,,0,0,1,
DMAJET,CISLO,1,14,0,10,10,,0,1,WIN1250
DMAJET,TEXT,2,14,0,50,50,,0,1,WIN1250
DMAJET,DRUH,3,14,0,1,1,,0,1,WIN1250
DMAJET,DATZARA,4,12,0,4,,,0,1,
DMAJET,POCETZARA,5,8,1,4,,6,0,1,
DMAJET,ZPUSPORIZ,6,14,0,40,40,,0,1,WIN1250
DMAJET,CISLODOKL,7,14,0,20,20,,0,1,WIN1250
DMAJET,CENAJ,8,16,1,8,,15,-2,1,
DMAJET,STREDISKO,9,14,0,6,6,,0,1,WIN1250
DMAJET,MISTO,10,14,0,6,6,,0,1,WIN1250
DMAJET,VOLKAT1,11,14,0,20,20,,0,1,WIN1250
DMAJET,VOLKAT2,12,14,0,20,20,,0,1,WIN1250
DMAJET,DATVYRA,13,12,0,4,,,0,0,
DMAJET,SPOSOBVYRA,14,14,0,50,50,,0,1,WIN1250
DMAJET,POCETVYRA,15,8,1,4,,6,0,1,
DMAJET,POZNAMKA,16,261,1,8,,,0,0,WIN1250
DMAJET,UPDCNT,17,8,0,4,,0,0,1,
DOCEVENT,IDR,0,8,0,4,,0,0,1,
DOCEVENT,EVENTTYPE,1,7,1,2,,2,0,1,
DOCEVENT,LOG_DATE,2,35,0,8,,,0,1,
DOCEVENT,LOG_USER,3,14,0,31,31,,0,1,WIN1250
DOCEVENT,ID_FV,4,8,0,4,,0,0,0,
DOCEVENT,ID_SP,5,8,0,4,,0,0,0,
DOCSELECT,IDR,0,8,0,4,,0,0,1,
DOCSELECT,SELTYPE,1,7,1,2,,2,0,1,
DOCSELECT,USERID,2,7,1,2,,3,0,1,
DOCSELECT,ID_FV,3,8,0,4,,0,0,0,
DOCSELECT,ID_FP,4,8,0,4,,0,0,0,
DOCSELECT,ID_PH,5,8,0,4,,0,0,0,
DOCSELECT,ID_ZV,6,8,0,4,,0,0,0,
DOCSELECT,ID_PK,7,8,0,4,,0,0,0,
DOCSELECT,ID_ID,8,8,0,4,,0,0,0,
DOCSTORE,IDR,0,8,0,4,,0,0,1,
DOCSTORE,DOCNAME,1,14,0,50,50,,0,1,WIN1250
DOCSTORE,DOCCONTENT,2,261,0,8,,,0,0,
DOCSTORE,ATYPE,3,7,1,2,,1,0,1,
DOCSTORE,CAN_EXPORT,4,14,0,1,1,,0,1,WIN1250
DOCSTORE,TEXT,5,14,0,100,100,,0,1,WIN1250
DOCSTORE,PWD,6,14,0,50,50,,0,1,WIN1250
DOCSTORE,LOG_DATE,7,35,0,8,,,0,1,
DOCSTORE,LOG_USER,8,14,0,31,31,,0,1,WIN1250
DOCSTORE,UPDCNT,9,8,0,4,,0,0,1,
DOCSTORED,IDR,0,8,0,4,,0,0,1,
DOCSTORED,IDRM,1,8,0,4,,0,0,1,
DOCSTORED,ID_FV,2,8,0,4,,0,0,0,
DOCSTORED,ID_FP,3,8,0,4,,0,0,0,
DOCSTORED,ID_PH,4,8,0,4,,0,0,0,
DOCSTORED,ID_ZV,5,8,0,4,,0,0,0,
DOCSTORED,ID_PK,6,8,0,4,,0,0,0,
DOCSTORED,ID_ID,7,8,0,4,,0,0,0,
DOCSTORED,ID_ZP,8,8,0,4,,0,0,0,
DOCSTORED,ID_OV,9,8,0,4,,0,0,0,
DOCSTORED,ID_OP,10,8,0,4,,0,0,0,
DOCSTORED,ID_SP,11,8,0,4,,0,0,0,
DOCSTORED,ID_SK,12,8,0,4,,0,0,0,
DOCSTORED,ID_UD,13,8,0,4,,0,0,0,
DOCSTORED,ID_DE,14,8,0,4,,0,0,0,
DOCSTORED,ID_MP,15,8,0,4,,0,0,0,
DOCSTORED,ID_AD,16,8,0,4,,0,0,0,
DOCSTORED,ID_KT,17,8,0,4,,0,0,0,
DOCSTORED,ID_AK,18,8,0,4,,0,0,0,
DOCSTORED,ID_CP,19,8,0,4,,0,0,0,
DOCSTORED,ID_OR,20,8,0,4,,0,0,0,
DOCSTORED,ID_ZK,21,8,0,4,,0,0,0,
DOCSTORED,ID_LP,22,8,0,4,,0,0,0,
DOCSTORED,ID_LV,23,8,0,4,,0,0,0,
DOCSTORED,ID_MJ,24,8,0,4,,0,0,0,
DOCSTORED,ID_MD,25,8,0,4,,0,0,0,
DOCSTORED,ID_DP,26,8,0,4,,0,0,0,
DOCSTORED,ID_OS,27,8,0,4,,0,0,0,
DOCSTORED,ID_KJ,28,8,0,4,,0,0,0,
DOCSTORED,ID_JA,29,8,0,4,,0,0,0,
DOCSTORED,ID_ZA,30,8,0,4,,0,0,0,
DOCSTORED,ID_PR,31,8,0,4,,0,0,0,
DOCSTORED,ID_BV,32,8,0,4,,0,0,0,
DODPODM,IDR,0,8,0,4,,0,0,1,
DODPODM,KOD,1,14,0,3,3,,0,1,WIN1250
DODPODM,POPIS,2,14,0,200,200,,0,1,WIN1250
DODPODM,DATUMOD,3,12,0,4,,,0,1,
DODPODM,DATUMDO,4,12,0,4,,,0,1,
DOKLADY,IDR,0,8,0,4,,0,0,1,
DOKLADY,NAZEV,1,14,0,20,20,,0,1,WIN1250
DOKLADY,CISLOKAR,2,16,1,8,,10,-2,1,
DOKLADY,POCETMJ,3,16,1,8,,15,-6,1,
DOKLADY,CENAMJ,4,16,1,8,,17,-6,1,
DOKLADY,MENA,5,14,0,3,3,,0,1,WIN1250
DOPLMJ,IDR,0,8,0,4,,0,0,1,
DOPLMJ,KOD,1,14,0,3,3,,0,1,WIN1250
DOPLMJ,POPIS,2,14,0,45,45,,0,1,WIN1250
DOPLMJ,DATUMOD,3,12,0,4,,,0,1,
DOPLMJ,DATUMDO,4,12,0,4,,,0,1,
DPHEVID,IDR,0,8,0,4,,0,0,1,
DPHEVID,TYP,1,7,1,2,,2,0,1,
DPHEVID,POPIS,2,14,0,100,100,,0,1,WIN1250
DPHEVID,UZAVRENO,3,14,0,1,1,,0,1,WIN1250
DPHEVID,REPORTNAME,4,14,0,20,20,,0,1,WIN1250
DPHEVID,MESIC,5,7,1,2,,2,0,0,
DPHEVID,KVARTAL,6,7,1,2,,1,0,0,
DPHEVID,ROK,7,7,1,2,,4,0,0,
DPHEVID,DATUMOD,8,12,0,4,,,0,1,
DPHEVID,DATUMDO,9,12,0,4,,,0,1,
DPHEVIDPAR,REFID,0,8,0,4,,0,0,1,
DPHEVIDPAR,ITEMNAME,1,14,0,20,20,,0,1,WIN1250
DPHEVIDPAR,PARTNO,2,7,1,2,,3,0,1,
DPHEVIDPAR,ITEMVALUE,3,14,0,30,30,,0,1,WIN1250
DPHEVIDPOL,IDR,0,8,0,4,,0,0,1,
DPHEVIDPOL,REFID,1,8,0,4,,0,0,1,
DPHEVIDPOL,UPDCNT,2,8,0,4,,0,0,1,
DPHEVIDPOL,DATZDANPLN,3,12,0,4,,,0,1,
DPHEVIDPOL,DIC,4,14,0,17,17,,0,1,WIN1250
DPHEVIDPOL,REZIMPREN,5,14,0,20,20,,0,1,WIN1250
DPHEVIDPOL,POCETPLN,6,16,1,8,,15,-2,1,
DPHEVIDPOL,CELKEM,7,16,1,8,,15,-2,1,
DPHKH,IDR,0,8,0,4,,0,0,1,
DPHKH,TYP,1,7,1,2,,2,0,1,
DPHKH,POPIS,2,14,0,100,100,,0,1,WIN1250
DPHKH,UZAVRENO,3,14,0,1,1,,0,1,WIN1250
DPHKH,REPORTNAME,4,14,0,20,20,,0,1,WIN1250
DPHKH,MESIC,5,7,1,2,,2,0,0,
DPHKH,KVARTAL,6,7,1,2,,1,0,0,
DPHKH,ROK,7,7,1,2,,4,0,0,
DPHKH,DATUMOD,8,12,0,4,,,0,1,
DPHKH,DATUMDO,9,12,0,4,,,0,1,
DPHKHPAR,REFID,0,8,0,4,,0,0,1,
DPHKHPAR,ITEMNAME,1,14,0,20,20,,0,1,WIN1250
DPHKHPAR,PARTNO,2,7,1,2,,3,0,1,
DPHKHPAR,ITEMVALUE,3,14,0,30,30,,0,1,WIN1250
DPHKHPOL,IDR,0,8,0,4,,0,0,1,
DPHKHPOL,REFID,1,8,0,4,,0,0,1,
DPHKHPOL,UPDCNT,2,8,0,4,,0,0,1,
DPHKHPOL,ZDROJID,3,8,0,4,,0,0,0,
DPHKHPOL,ZDROJCISLO,4,14,0,60,60,,0,1,WIN1250
DPHKHPOL,AGENDA,5,14,0,2,2,,0,1,WIN1250
DPHKHPOL,CASTVYK,6,14,0,10,10,,0,1,WIN1250
DPHKHPOL,DIC,7,14,0,14,14,,0,1,WIN1250
DPHKHPOL,EVIDCISDD,8,14,0,60,60,,0,1,WIN1250
DPHKHPOL,STAT_DPH,9,14,0,2,2,,0,1,WIN1250
DPHKHPOL,DATZDANPLN,10,12,0,4,,,0,1,
DPHKHPOL,ZAKLAD1,11,16,1,8,,15,-2,1,
DPHKHPOL,DPH1,12,16,1,8,,15,-2,1,
DPHKHPOL,ZAKLAD2,13,16,1,8,,15,-2,1,
DPHKHPOL,DPH2,14,16,1,8,,15,-2,1,
DPHKHPOL,ZAKLAD3,15,16,1,8,,15,-2,1,
DPHKHPOL,DPH3,16,16,1,8,,15,-2,1,
DPHKHPOL,ODBERJMENO,17,14,0,60,60,,0,1,WIN1250
DPHKHPOL,POBYTSIDLO,18,14,0,100,100,,0,1,WIN1250
DPHKHPOL,DATNAROZ,19,12,0,4,,,0,0,
DPHKHPOL,REZIMPLN,20,7,1,2,,1,0,1,
DPHKHPOL,KODPLNENI,21,14,0,3,3,,0,1,WIN1250
DPHKHPOL,POMERNAROK,22,14,0,1,1,,0,1,WIN1250
DPHKHPOL,OPRAVADANE,23,14,0,1,1,,0,1,WIN1250
DPHKHPOL,LOG_DATE,24,35,0,8,,,0,1,
DPHKHPOL,LOG_USER,25,14,0,31,31,,0,1,WIN1250
DPHKV,IDR,0,8,0,4,,0,0,1,
DPHKV,TYP,1,7,1,2,,2,0,1,
DPHKV,POPIS,2,14,0,100,100,,0,1,WIN1250
DPHKV,UZAVRENO,3,14,0,1,1,,0,1,WIN1250
DPHKV,REPORTNAME,4,14,0,20,20,,0,1,WIN1250
DPHKV,MESIC,5,7,1,2,,2,0,0,
DPHKV,KVARTAL,6,7,1,2,,1,0,0,
DPHKV,ROK,7,7,1,2,,4,0,0,
DPHKV,DATUMOD,8,12,0,4,,,0,1,
DPHKV,DATUMDO,9,12,0,4,,,0,1,
DPHKVPAR,REFID,0,8,0,4,,0,0,1,
DPHKVPAR,ITEMNAME,1,14,0,20,20,,0,1,WIN1250
DPHKVPAR,PARTNO,2,7,1,2,,3,0,1,
DPHKVPAR,ITEMVALUE,3,14,0,30,30,,0,1,WIN1250
DPHKVPOL,IDR,0,8,0,4,,0,0,1,
DPHKVPOL,REFID,1,8,0,4,,0,0,1,
DPHKVPOL,UPDCNT,2,8,0,4,,0,0,1,
DPHKVPOL,ZDROJID,3,8,0,4,,0,0,0,
DPHKVPOL,ZDROJCISLO,4,14,0,50,50,,0,1,WIN1250
DPHKVPOL,TYPDPH,5,7,1,2,,2,0,0,
DPHKVPOL,AGENDA,6,14,0,2,2,,0,1,WIN1250
DPHKVPOL,SKUPINA,7,14,0,10,10,,0,1,WIN1250
DPHKVPOL,IC_DPH,8,14,0,14,14,,0,1,WIN1250
DPHKVPOL,ORIGCISDOK,9,14,0,50,50,,0,1,WIN1250
DPHKVPOL,ORIGCIS2,10,14,0,50,50,,0,1,WIN1250
DPHKVPOL,DATZDANPLN,11,12,0,4,,,0,1,
DPHKVPOL,ZAKLAD,12,16,1,8,,15,-2,1,
DPHKVPOL,DPH,13,16,1,8,,15,-2,1,
DPHKVPOL,DPHODPOC,14,16,1,8,,15,-2,1,
DPHKVPOL,ZAKLSNIZ,15,16,1,8,,15,-2,1,
DPHKVPOL,DPHSNIZ,16,16,1,8,,15,-2,1,
DPHKVPOL,SUMAOBRATU,17,16,1,8,,15,-2,1,
DPHKVPOL,SADZBADPH,18,8,1,4,,5,-2,1,
DPHKVPOL,KODOPRAVY,19,7,1,2,,1,0,1,
DPHKVPOL,KODTOVARU,20,14,0,4,4,,0,1,WIN1250
DPHKVPOL,DRUHTOVARU,21,14,0,2,2,,0,1,WIN1250
DPHKVPOL,POCETMJ,22,16,1,8,,15,-2,1,
DPHKVPOL,MJ,23,14,0,3,3,,0,1,WIN1250
DPHKVPOL,PRIZNAK_OD,24,14,0,1,1,,0,1,WIN1250
DPHKVPOL,LOG_DATE,25,35,0,8,,,0,1,
DPHKVPOL,LOG_USER,26,14,0,31,31,,0,1,WIN1250
DPHMOSS,IDR,0,8,0,4,,0,0,1,
DPHMOSS,KODSTAT,1,14,0,2,2,,0,1,WIN1250
DPHMOSS,MENA,2,14,0,3,3,,0,1,WIN1250
DPHMOSS,SYNTET1,3,14,0,3,3,,0,0,WIN1250
DPHMOSS,ANALYT1,4,14,0,3,3,,0,0,WIN1250
DPHMOSS,SYNTET2,5,14,0,3,3,,0,0,WIN1250
DPHMOSS,ANALYT2,6,14,0,3,3,,0,0,WIN1250
DPHMOSSVP,IDR,0,8,0,4,,0,0,1,
DPHMOSSVP,REFID,1,8,0,4,,0,0,1,
DPHMOSSVP,UPDCNT,2,8,0,4,,0,0,1,
DPHMOSSVP,STATDOD,3,14,0,2,2,,0,1,WIN1250
DPHMOSSVP,STATSPOTR,4,14,0,2,2,,0,1,WIN1250
DPHMOSSVP,DODAVATEL,5,14,0,40,40,,0,1,WIN1250
DPHMOSSVP,VATNUMBER,6,14,0,17,17,,0,0,WIN1250
DPHMOSSVP,ZAKLAD,7,16,1,8,,15,-2,1,
DPHMOSSVP,DPH,8,16,1,8,,15,-2,1,
DPHMOSSVP,SAZBADPH,9,8,1,4,,5,-2,1,
DPHMOSSVP,TYPSAZBY,10,7,1,2,,1,0,1,
DPHMOSSVPR,REFID,0,8,0,4,,0,0,1,
DPHMOSSVPR,ITEMNAME,1,14,0,20,20,,0,1,WIN1250
DPHMOSSVPR,PARTNO,2,7,1,2,,3,0,1,
DPHMOSSVPR,ITEMVALUE,3,14,0,30,30,,0,1,WIN1250
DPHMOSSVYK,IDR,0,8,0,4,,0,0,1,
DPHMOSSVYK,TYP,1,7,1,2,,2,0,1,
DPHMOSSVYK,POPIS,2,14,0,100,100,,0,1,WIN1250
DPHMOSSVYK,UZAVRENO,3,14,0,1,1,,0,1,WIN1250
DPHMOSSVYK,REPORTNAME,4,14,0,20,20,,0,1,WIN1250
DPHMOSSVYK,MESIC,5,7,1,2,,2,0,0,
DPHMOSSVYK,KVARTAL,6,7,1,2,,1,0,0,
DPHMOSSVYK,ROK,7,7,1,2,,4,0,0,
DPHMOSSVYK,DATUMOD,8,12,0,4,,,0,1,
DPHMOSSVYK,DATUMDO,9,12,0,4,,,0,1,
DPHOSSVP,IDR,0,8,0,4,,0,0,1,
DPHOSSVP,REFID,1,8,0,4,,0,0,1,
DPHOSSVP,UPDCNT,2,8,0,4,,0,0,1,
DPHOSSVP,STATSPOTR,3,14,0,2,2,,0,1,WIN1250
DPHOSSVP,ZAKLAD,4,16,1,8,,15,-2,1,
DPHOSSVP,DPH,5,16,1,8,,15,-2,1,
DPHOSSVP,SAZBADPH,6,8,1,4,,5,-2,1,
DPHOSSVP,TYPSAZBY,7,7,1,2,,1,0,1,
DPHOSSVP,TYPDOD,8,7,1,2,,1,0,0,
DPHOSSVPR,REFID,0,8,0,4,,0,0,1,
DPHOSSVPR,ITEMNAME,1,14,0,20,20,,0,1,WIN1250
DPHOSSVPR,PARTNO,2,7,1,2,,3,0,1,
DPHOSSVPR,ITEMVALUE,3,14,0,30,30,,0,1,WIN1250
DPHOSSVYK,IDR,0,8,0,4,,0,0,1,
DPHOSSVYK,TYP,1,7,1,2,,2,0,1,
DPHOSSVYK,POPIS,2,14,0,100,100,,0,1,WIN1250
DPHOSSVYK,UZAVRENO,3,14,0,1,1,,0,1,WIN1250
DPHOSSVYK,REPORTNAME,4,14,0,20,20,,0,1,WIN1250
DPHOSSVYK,MESIC,5,7,1,2,,2,0,0,
DPHOSSVYK,KVARTAL,6,7,1,2,,1,0,0,
DPHOSSVYK,ROK,7,7,1,2,,4,0,0,
DPHOSSVYK,DATUMOD,8,12,0,4,,,0,1,
DPHOSSVYK,DATUMDO,9,12,0,4,,,0,1,
DPHPRIZ,DPHID,0,8,0,4,,0,0,1,
DPHPRIZ,POPIS,1,14,0,50,50,,0,1,WIN1250
DPHPRIZ,VZOR,2,7,1,2,,2,0,1,
DPHPRIZ,UZAVRENO,3,14,0,1,1,,0,1,WIN1250
DPHPRIZ,REPORTNAME,4,14,0,20,20,,0,1,WIN1250
DPHPRIZ,MESIC,5,7,1,2,,2,0,0,
DPHPRIZ,KVARTAL,6,7,1,2,,1,0,0,
DPHPRIZ,ROK,7,7,1,2,,4,0,0,
DPHPRIZ,DATUMOD,8,12,0,4,,,0,1,
DPHPRIZ,DATUMDO,9,12,0,4,,,0,1,
DPHPRIZ,STREDISKO,10,14,0,6,6,,0,1,WIN1250
DPHPRIZ,D_POVINN,11,16,1,8,,15,-2,1,
DPHPRIZ,N_ODPOCET,12,16,1,8,,15,-2,1,
DPHPRIZP,DPHID,0,8,0,4,,0,0,1,
DPHPRIZP,ITEMNAME,1,14,0,20,20,,0,1,WIN1250
DPHPRIZP,PARTNO,2,7,1,2,,3,0,1,
DPHPRIZP,ITEMVALUE,3,14,0,30,30,,0,1,WIN1250
DPHPRIZUHR,IDR,0,8,0,4,,0,0,1,
DPHPRIZUHR,UPDCNT,1,8,0,4,,0,0,1,
DPHPRIZUHR,DPHID,2,8,0,4,,0,0,1,
DPHPRIZUHR,DPHID_PROP,3,8,0,4,,0,0,0,
DPHPRIZUHR,DATUM,4,12,0,4,,,0,1,
DPHPRIZUHR,CASTKA,5,16,1,8,,15,-2,1,
DPHPRIZUHR,DOKLAD,6,14,0,10,10,,0,1,WIN1250
DPHPRIZUHR,POZNAMKA,7,14,0,50,50,,0,1,WIN1250
DPHPRIZUHR,LOG_DATE,8,35,0,8,,,0,1,
DPHPRIZUHR,LOG_USER,9,14,0,31,31,,0,1,WIN1250
DPHREGEU,IDR,0,8,0,4,,0,0,1,
DPHREGEU,KODSTAT,1,14,0,2,2,,0,1,WIN1250
DPHREGEU,VATNUMBER,2,14,0,17,17,,0,1,WIN1250
DPHREGEU,MENA,3,14,0,3,3,,0,1,WIN1250
DPHREGEU,IDFIRPOB,4,8,0,4,,0,0,0,
DPHREGEU,SYNTET1,5,14,0,3,3,,0,0,WIN1250
DPHREGEU,ANALYT1,6,14,0,3,3,,0,0,WIN1250
DPHREGEU,SYNTET2,7,14,0,3,3,,0,0,WIN1250
DPHREGEU,ANALYT2,8,14,0,3,3,,0,0,WIN1250
DPHSH,DPHSHID,0,8,0,4,,0,0,1,
DPHSH,POPIS,1,14,0,50,50,,0,1,WIN1250
DPHSH,VZOR,2,7,1,2,,2,0,1,
DPHSH,UZAVRENO,3,14,0,1,1,,0,1,WIN1250
DPHSH,REPORTNAME,4,14,0,20,20,,0,1,WIN1250
DPHSH,MESIC,5,7,1,2,,2,0,0,
DPHSH,KVARTAL,6,7,1,2,,1,0,0,
DPHSH,ROK,7,7,1,2,,4,0,0,
DPHSH,DATUMOD,8,12,0,4,,,0,1,
DPHSH,DATUMDO,9,12,0,4,,,0,1,
DPHSHCOS,IDR,0,8,0,4,,0,0,1,
DPHSHCOS,DPHSHID,1,8,0,4,,0,0,1,
DPHSHCOS,UPDCNT,2,8,0,4,,0,0,1,
DPHSHCOS,KODZEME,3,14,0,2,2,,0,0,WIN1250
DPHSHCOS,DIC,4,14,0,12,12,,0,1,WIN1250
DPHSHCOS,DIC_PUVOD,5,14,0,12,12,,0,1,WIN1250
DPHSHCOS,KODZAZNAMU,6,7,1,2,,1,0,1,
DPHSHPAR,DPHID,0,8,0,4,,0,0,1,
DPHSHPAR,ITEMNAME,1,14,0,20,20,,0,1,WIN1250
DPHSHPAR,PARTNO,2,7,1,2,,3,0,1,
DPHSHPAR,ITEMVALUE,3,14,0,30,30,,0,1,WIN1250
DPHSHPOL,IDR,0,8,0,4,,0,0,1,
DPHSHPOL,DPHSHID,1,8,0,4,,0,0,1,
DPHSHPOL,UPDCNT,2,8,0,4,,0,0,1,
DPHSHPOL,STORNO,3,14,0,1,1,,0,1,WIN1250
DPHSHPOL,KODZEME,4,14,0,2,2,,0,0,WIN1250
DPHSHPOL,DIC,5,14,0,17,17,,0,1,WIN1250
DPHSHPOL,KODPLNENI,6,14,0,1,1,,0,1,WIN1250
DPHSHPOL,POCETPLNENI,7,8,1,4,,6,0,1,
DPHSHPOL,CELKEM,8,16,1,8,,15,-2,1,
DRUHDOPR,IDR,0,8,0,4,,0,0,1,
DRUHDOPR,KOD,1,14,0,1,1,,0,1,WIN1250
DRUHDOPR,POPIS,2,14,0,50,50,,0,1,WIN1250
DRUHDOPR,DATUMOD,3,12,0,4,,,0,1,
DRUHDOPR,DATUMDO,4,12,0,4,,,0,1,
EET_LOG,IDR,0,8,0,4,,0,0,1,
EET_LOG,IDREET,1,8,0,4,,0,0,1,
EET_LOG,IDRPRF,2,8,0,4,,0,0,0,
EET_LOG,ID_FV,3,8,0,4,,0,0,0,
EET_LOG,ID_PH,4,8,0,4,,0,0,0,
EET_LOG,ID_PP,5,8,0,4,,0,0,0,
EET_LOG,ID_SV,6,8,0,4,,0,0,0,
EET_LOG,ID_OR,7,8,0,4,,0,0,0,
EET_LOG,ID_MO,8,8,0,4,,0,0,0,
EET_LOG,ID_OP,9,8,0,4,,0,0,0,
EET_LOG,VERZE_EET,10,14,0,5,5,,0,1,WIN1250
EET_LOG,OVERENI,11,14,0,1,1,,0,1,WIN1250
EET_LOG,REZIMTRZBY,12,7,1,2,,1,0,1,
EET_LOG,DIC,13,14,0,12,12,,0,1,WIN1250
EET_LOG,PROVOZOVNA,14,8,1,4,,6,0,1,
EET_LOG,ZARIZENI,15,14,0,20,20,,0,1,WIN1250
EET_LOG,PARAGON,16,14,0,25,25,,0,1,WIN1250
EET_LOG,DATCAS,17,35,0,8,,,0,1,
EET_LOG,CASTKA,18,16,1,8,,15,-2,1,
EET_LOG,TRZBA,19,261,0,8,,,0,0,
EET_LOG,ODPOVED,20,261,0,8,,,0,0,
EET_LOG,BKP,21,14,0,44,44,,0,1,WIN1250
EET_LOG,PKP,22,14,0,344,344,,0,1,WIN1250
EET_LOG,FIK,23,14,0,39,39,,0,1,WIN1250
EET_LOG,STATUS,24,7,1,2,,1,0,1,
EET_LOG,EXTERNREC,25,14,0,1,1,,0,1,WIN1250
EET_LOG,LASTREC,26,14,0,1,1,,0,1,WIN1250
EET_LOG,POCETPOKUS,27,8,0,4,,0,0,1,
EET_LOG,DEADLINE,28,35,0,8,,,0,1,
EET_LOG,DATCASSEND,29,35,0,8,,,0,0,
EET_LOG,DATCASEET,30,35,0,8,,,0,0,
EET_LOG,LOG_DATE,31,35,0,8,,,0,1,
EET_LOG,LOG_USER,32,14,0,31,31,,0,1,WIN1250
EET_LOG,DATUM,33,12,0,4,,,0,0,
EET_PROFIL,IDR,0,8,0,4,,0,0,1,
EET_PROFIL,KOD,1,14,0,5,5,,0,1,WIN1250
EET_PROFIL,POPIS,2,14,0,50,50,,0,1,WIN1250
EET_PROFIL,OVERENI,3,14,0,1,1,,0,1,WIN1250
EET_PROFIL,REZIMTRZBY,4,7,1,2,,1,0,0,
EET_PROFIL,IDPROVOZ,5,8,1,4,,6,0,1,
EET_PROFIL,ZARIZENI,6,14,0,20,20,,0,1,WIN1250
EET_PROFIL,DIC,7,14,0,12,12,,0,1,WIN1250
EET_PROFIL,NETISKDIC,8,14,0,1,1,,0,1,WIN1250
EET_PROFIL,PLATCEDPH,9,14,0,1,1,,0,1,WIN1250
EET_PROFIL,DIC_POVER,10,14,0,12,12,,0,1,WIN1250
EET_PROFIL,NETISKDICP,11,14,0,1,1,,0,1,WIN1250
EET_PROFIL,TIMEOUT,12,8,1,4,,9,0,1,
EET_PROFIL,CERT,13,261,0,8,,,0,0,
EET_PROFIL,PASSW,14,14,0,50,50,,0,1,WIN1250
EET_PROFIL,LOG_DATE,15,35,0,8,,,0,1,
EET_PROFIL,LOG_USER,16,14,0,31,31,,0,1,WIN1250
EET_PROFIL,COMPNAME,17,14,0,31,31,,0,1,WIN1250
EET_PROFIL,UPDCNT,18,8,0,4,,0,0,1,
EFDIR,FILEID,0,8,1,4,,7,0,1,
EFDIR,FILETYPE,1,14,0,15,15,,0,1,WIN1250
EFDIR,NAME,2,14,0,50,50,,0,1,WIN1250
EFDIR,FILEDATA,3,261,1,8,,,0,0,WIN1250
EKASA_LOG,IDR,0,8,0,4,,0,0,1,
EKASA_LOG,ID_FV,1,8,0,4,,0,0,0,
EKASA_LOG,ID_SV,2,8,0,4,,0,0,0,
EKASA_LOG,ID_MO,3,8,0,4,,0,0,0,
EKASA_LOG,GUID,4,14,0,36,36,,0,1,WIN1250
EKASA_LOG,REC_TYPE,5,14,0,2,2,,0,1,WIN1250
EKASA_LOG,CASTKA,6,16,1,8,,15,-2,1,
EKASA_LOG,ZPRAVA,7,261,1,8,,,0,0,WIN1250
EKASA_LOG,ODPOVED,8,261,1,8,,,0,0,WIN1250
EKASA_LOG,UID,9,14,0,44,44,,0,1,WIN1250
EKASA_LOG,OKP,10,14,0,44,44,,0,1,WIN1250
EKASA_LOG,UID_STORNO,11,14,0,44,44,,0,1,WIN1250
EKASA_LOG,CUSTOMERID,12,14,0,6,6,,0,0,WIN1250
EKASA_LOG,CUSTOMER,13,14,0,17,17,,0,1,WIN1250
EKASA_LOG,EMAIL,14,14,0,64,64,,0,1,WIN1250
EKASA_LOG,CISFA,15,14,0,32,32,,0,1,WIN1250
EKASA_LOG,PARAGON,16,14,0,24,24,,0,1,WIN1250
EKASA_LOG,ISSUEDATE,17,35,0,8,,,0,0,
EKASA_LOG,STATE,18,8,0,4,,0,0,0,
EKASA_LOG,TYP_EKASY,19,7,1,2,,3,0,0,
EKASA_LOG,LOG_DATE,20,35,0,8,,,0,1,
EKASA_LOG,LOG_USER,21,14,0,31,31,,0,1,WIN1250
EKASA_LOG,DATUM,22,12,0,4,,,0,0,
EMAILLST,IDR,0,8,0,4,,0,0,1,
EMAILLST,AGENDA,1,14,0,2,2,,0,1,WIN1250
EMAILLST,EMAIL,2,14,0,256,256,,0,1,WIN1250
EMAILLST,SUBJTEXT,3,14,0,100,100,,0,1,WIN1250
EMAILLST,ATTACHMENT,4,14,0,128,128,,0,1,WIN1250
EMAILLST,ID_FV,5,8,0,4,,0,0,0,
EMAILLST,ID_OV,6,8,0,4,,0,0,0,
EMAILLST,ID_ZP,7,8,0,4,,0,0,0,
EMAILLST,ID_OR,8,8,0,4,,0,0,0,
EMAILLST,ID_LV,9,8,0,4,,0,0,0,
EMAILLST,ID_OP,10,8,0,4,,0,0,0,
EMAILLST,ID_SV,11,8,0,4,,0,0,0,
EMAILLST,LOG_DATE,12,35,0,8,,,0,1,
EMAILLST,LOG_USER,13,14,0,31,31,,0,1,WIN1250
EMDANODP,IDMAJET,0,8,0,4,,0,0,1,
EMDANODP,ROK,1,7,1,2,,4,0,1,
EMDANODP,MESIC,2,7,1,2,,2,0,1,
EMDANODP,ODPIS,3,16,1,8,,15,-2,1,
EMDANODP,ZUSCENA,4,16,1,8,,15,-2,1,
EMDANODP,UPDCNT,5,8,0,4,,0,0,1,
EMDOSKUP,IDMAJET,0,8,0,4,,0,0,1,
EMDOSKUP,ODROKU,1,7,1,2,,4,0,1,
EMDOSKUP,DRUHODPISU,2,14,0,1,1,,0,1,WIN1250
EMDOSKUP,ODPISSKUP,3,14,0,2,2,,0,1,WIN1250
EMDOSKUP,PZVYSODPIS,4,7,1,2,,2,0,1,
EMDOSKUP,UPDCNT,5,8,0,4,,0,0,1,
EMMISTA,IDR,0,8,0,4,,0,0,1,
EMMISTA,STREDISKO,1,14,0,6,6,,0,1,WIN1250
EMMISTA,MISTO,2,14,0,6,6,,0,1,WIN1250
EMMISTA,NAZEV,3,14,0,30,30,,0,1,WIN1250
EMODPSAZ,ODROKU,0,7,1,2,,4,0,1,
EMODPSAZ,DOROKU,1,7,1,2,,4,0,1,
EMODPSAZ,DRUH,2,14,0,1,1,,0,1,WIN1250
EMODPSAZ,SKUPINA,3,14,0,2,2,,0,1,WIN1250
EMODPSAZ,PZVYS,4,7,1,2,,2,0,1,
EMODPSAZ,ROKY,5,7,1,2,,2,0,1,
EMODPSAZ,SAZBA1C,6,8,1,4,,6,-2,1,
EMODPSAZ,SAZBA2C,7,8,1,4,,6,-2,1,
EMODPSAZ,SAZBA3C,8,8,1,4,,6,-2,1,
EMODPSAZ,SAZBA1J,9,7,1,2,,3,0,1,
EMODPSAZ,SAZBA2J,10,7,1,2,,3,0,1,
EMODPSAZ,SAZBA3J,11,7,1,2,,3,0,1,
EMODPSKU,DRUH,0,14,0,1,1,,0,1,WIN1250
EMODPSKU,SKUPINA,1,14,0,2,2,,0,1,WIN1250
EMODPSKU,PZVYS,2,7,1,2,,2,0,1,
EMPRERUS,IDMAJET,0,8,0,4,,0,0,1,
EMPRERUS,ROK,1,7,1,2,,4,0,1,
EMPRERUS,ODMESICE,2,7,1,2,,2,0,1,
EMPRERUS,DOROKU,3,7,1,2,,4,0,1,
EMPRERUS,DOMESICE,4,7,1,2,,2,0,1,
EMPRERUS,POZNAMKA,5,14,0,30,30,,0,1,WIN1250
EMPRERUS,UPDCNT,6,8,0,4,,0,0,1,
EMTEZHOD,IDMAJET,0,8,0,4,,0,0,1,
EMTEZHOD,DATUM,1,12,0,4,,,0,1,
EMTEZHOD,TYPZMENY,2,14,0,1,1,,0,1,WIN1250
EMTEZHOD,NAZEV,3,14,0,30,30,,0,1,WIN1250
EMTEZHOD,HODNOTA,4,16,1,8,,15,-2,1,
EMTEZHOD,ZMENADZC,5,16,1,8,,15,-2,1,
EMTEZHOD,ZMENAUZC,6,16,1,8,,15,-2,1,
EMTEZHOD,MESUCEPTZ,7,7,1,2,,4,0,1,
EMTEZHOD,UPDCNT,8,8,0,4,,0,0,1,
EMTRIDY,IDR,0,8,0,4,,0,0,1,
EMTRIDY,NAZEV,1,14,0,5,5,,0,1,WIN1250
EMTRIDY,POPIS,2,14,0,50,50,,0,1,WIN1250
EMTRIDY,ODMADATS,3,14,0,3,3,,0,0,WIN1250
EMTRIDY,ODMADATA,4,14,0,3,3,,0,0,WIN1250
EMTRIDY,ODDALS,5,14,0,3,3,,0,0,WIN1250
EMTRIDY,ODDALA,6,14,0,3,3,,0,0,WIN1250
EMTRIDY,OUMADATS,7,14,0,3,3,,0,0,WIN1250
EMTRIDY,OUMADATA,8,14,0,3,3,,0,0,WIN1250
EMTRIDY,OUDALS,9,14,0,3,3,,0,0,WIN1250
EMTRIDY,OUDALA,10,14,0,3,3,,0,0,WIN1250
EMTRIDY,ODPDSYNTET,11,7,1,2,,2,0,0,
EMTRIDY,ODPDANALYT,12,7,1,2,,3,0,0,
EMUCEODP,IDMAJET,0,8,0,4,,0,0,1,
EMUCEODP,ROK,1,7,1,2,,4,0,1,
EMUCEODP,MESIC,2,7,1,2,,2,0,1,
EMUCEODP,ODPIS,3,16,1,8,,15,-2,1,
EMUCEODP,ZUSCENA,4,16,1,8,,15,-2,1,
EMUCEODP,UPDCNT,5,8,0,4,,0,0,1,
EMUCOBD,ODROKU,0,7,1,2,,4,0,1,
EMUCOBD,ODMESICE,1,7,1,2,,2,0,1,
EMVOLKAT1,IDR,0,8,0,4,,0,0,1,
EMVOLKAT1,NAZEV,1,14,0,20,20,,0,1,WIN1250
EMVOLKAT2,IDR,0,8,0,4,,0,0,1,
EMVOLKAT2,NAZEV,1,14,0,20,20,,0,1,WIN1250
EMZPUPOR,IDR,0,8,0,4,,0,0,1,
EMZPUPOR,ZKRATKA,1,14,0,11,11,,0,1,WIN1250
EMZPUPOR,TEXT,2,14,0,40,40,,0,1,WIN1250
EMZPUVYR,IDR,0,8,0,4,,0,0,1,
EMZPUVYR,ZKRATKA,1,14,0,11,11,,0,1,WIN1250
EMZPUVYR,TEXT,2,14,0,40,40,,0,1,WIN1250
EXTEXE,IDR,0,8,0,4,,0,0,1,
EXTEXE,TYP,1,14,0,1,1,,0,1,WIN1250
EXTEXE,NAZEV,2,14,0,30,30,,0,1,WIN1250
EXTEXE,PRG,3,14,0,128,128,,0,1,WIN1250
EXTEXE,CMD,4,14,0,256,256,,0,1,WIN1250
FAKGENER,IDR,0,8,0,4,,0,0,1,
FAKGENER,IDDAVKY,1,8,0,4,,0,0,1,
FAKGENER,IDFAK,2,8,0,4,,0,0,0,
FAKGENER,DIFADR,3,7,1,2,,1,0,1,
FAKGENER,POBOCKA,4,7,1,2,,2,0,1,
FAKGENER,U_ICO,5,14,0,20,20,,0,1,WIN1250
FAKGENER,U_FIRMA,6,14,0,120,120,,0,1,WIN1250
FAKGENER,U_MENO,7,14,0,60,60,,0,1,WIN1250
FAKGENER,U_ULICA,8,14,0,60,60,,0,1,WIN1250
FAKGENER,U_ADRESA,9,14,0,60,60,,0,1,WIN1250
FAKGENER,U_PSC,10,14,0,10,10,,0,1,WIN1250
FAKGENER,U_EMAIL,11,14,0,120,120,,0,1,WIN1250
FAKGENER,G_SERCISLO,12,14,0,34,34,,0,1,WIN1250
FAKGENER,G_POCET,13,14,0,8,8,,0,1,WIN1250
FAKGENER,G_PRODUKT,14,14,0,16,16,,0,1,WIN1250
FAKGENER,G_DATUMZAC,15,12,0,4,,,0,0,
FAKGENER,G_DATUMKON,16,12,0,4,,,0,0,
FAKGENER,G_EXTRACENA,17,16,1,8,,17,-6,1,
FAKGENER,G_UPG_CENA,18,16,1,8,,17,-6,1,
FAKGENER,G_MDL_CENA,19,16,1,8,,17,-6,1,
FAKGENER,G_FIELDS,20,261,1,8,,,0,0,WIN1250
FAKGENER2,IDR,0,8,0,4,,0,0,1,
FAKGENER2,TYPIMP,1,7,1,2,,1,0,1,
FAKGENER2,DATUMOD,2,12,0,4,,,0,0,
FAKGENER2,DATUMDO,3,12,0,4,,,0,0,
FAKGENER3,IDR,0,8,0,4,,0,0,1,
FAKGENER3,IDFIRPOB,1,8,0,4,,0,0,0,
FAKGENER3,GENERCIS,2,7,1,2,,2,0,1,
FAKGENER3,PREFIXFV,3,14,0,20,20,,0,1,WIN1250
FAKGENER3,STREDISKO,4,14,0,6,6,,0,1,WIN1250
FAKGENER3,CISLO_ZAK,5,14,0,15,15,,0,1,WIN1250
FAKGENER3,KONSTSYMB,6,14,0,8,8,,0,1,WIN1250
FAKGENER3,FORMAUHRAD,7,14,0,10,10,,0,1,WIN1250
FAKGENER3,ZPUSOBDOPR,8,14,0,10,10,,0,1,WIN1250
FAKGENER3,AKTIVNI,9,14,0,1,1,,0,1,WIN1250
FAKGENER3,PREFIXFV2,10,14,0,20,20,,0,1,WIN1250
FAKGENER3,STREDISKO2,11,14,0,6,6,,0,0,WIN1250
FAKGENER4,IDR,0,8,0,4,,0,0,1,
FAKGENER4,GENPARAM,1,261,1,8,,,0,0,WIN1250
FAKPR,IDFAK,0,8,0,4,,0,0,1,
FAKPR,UPDCNT,1,8,0,4,,0,0,1,
FAKPR,UUID,2,14,0,36,36,,0,1,WIN1250
FAKPR,DOTRIGGER,3,7,1,2,,1,0,0,
FAKPR,DRUH,4,14,0,1,1,,0,1,WIN1250
FAKPR,CISLO,5,14,0,10,10,,0,1,WIN1250
FAKPR,ORIGCISDOK,6,14,0,50,50,,0,1,WIN1250
FAKPR,ORIGCIS2,7,14,0,50,50,,0,1,WIN1250
FAKPR,ICO,8,14,0,12,12,,0,1,WIN1250
FAKPR,TYPDPH,9,7,1,2,,2,0,1,
FAKPR,REZIM_DPH,10,7,1,2,,1,0,1,
FAKPR,STAT_DPH,11,14,0,2,2,,0,1,WIN1250
FAKPR,VATNUMBER,12,14,0,17,17,,0,0,WIN1250
FAKPR,KH_LEASING,13,14,0,1,1,,0,1,WIN1250
FAKPR,ZAKL0,14,16,1,8,,15,-2,1,
FAKPR,ZAKL1,15,16,1,8,,15,-2,1,
FAKPR,ZAKL2,16,16,1,8,,15,-2,1,
FAKPR,MIMODPH,17,16,1,8,,15,-2,1,
FAKPR,DPH1,18,16,1,8,,15,-2,1,
FAKPR,DPH2,19,16,1,8,,15,-2,1,
FAKPR,CELKEM,20,16,1,8,,16,-2,0,
FAKPR,COLZAKL1,21,16,1,8,,15,-2,1,
FAKPR,COLZAKL2,22,16,1,8,,15,-2,1,
FAKPR,COLDPH1,23,16,1,8,,15,-2,1,
FAKPR,COLDPH2,24,16,1,8,,15,-2,1,
FAKPR,DZAKL0,25,16,1,8,,15,-2,1,
FAKPR,DZAKL1,26,16,1,8,,15,-2,1,
FAKPR,DZAKL2,27,16,1,8,,15,-2,1,
FAKPR,DMIMODPH,28,16,1,8,,15,-2,1,
FAKPR,DDPH1,29,16,1,8,,15,-2,1,
FAKPR,DDPH2,30,16,1,8,,15,-2,1,
FAKPR,DCOLZAKL1,31,16,1,8,,15,-2,1,
FAKPR,DCOLZAKL2,32,16,1,8,,15,-2,1,
FAKPR,DCOLDPH1,33,16,1,8,,15,-2,1,
FAKPR,DCOLDPH2,34,16,1,8,,15,-2,1,
FAKPR,ZAPLACCISLO,35,14,0,10,10,,0,1,WIN1250
FAKPR,CISLODODLI,36,14,0,10,10,,0,1,WIN1250
FAKPR,STORNO_FA,37,14,0,10,10,,0,1,WIN1250
FAKPR,STORNO_PRO,38,14,0,10,10,,0,1,WIN1250
FAKPR,DOBROPIS_PRO,39,14,0,10,10,,0,1,WIN1250
FAKPR,VRUBOPIS_PRO,40,14,0,10,10,,0,1,WIN1250
FAKPR,CIS_PREDF,41,14,0,10,10,,0,1,WIN1250
FAKPR,DATVYSTAVE,42,12,0,4,,,0,0,
FAKPR,DATZDANPLN,43,12,0,4,,,0,0,
FAKPR,DATDANPOV,44,12,0,4,,,0,0,
FAKPR,DATSPLATNO,45,12,0,4,,,0,0,
FAKPR,DATDODANI,46,12,0,4,,,0,0,
FAKPR,VARSYMB,47,14,0,10,10,,0,1,WIN1250
FAKPR,KONSTSYMB,48,14,0,8,8,,0,1,WIN1250
FAKPR,SPECISYMB,49,14,0,10,10,,0,1,WIN1250
FAKPR,STREDISKO,50,14,0,6,6,,0,1,WIN1250
FAKPR,FORMAUHRAD,51,14,0,10,10,,0,1,WIN1250
FAKPR,SPOSOBDOPR,52,14,0,10,10,,0,1,WIN1250
FAKPR,CISLOOBJED,53,14,0,20,20,,0,1,WIN1250
FAKPR,DATOBJED,54,12,0,4,,,0,0,
FAKPR,PRIKAZKUHR,55,7,1,2,,1,0,1,
FAKPR,MENA,56,14,0,3,3,,0,1,WIN1250
FAKPR,KURZ_ZAHR,57,16,1,8,,13,-6,1,
FAKPR,KURZ_SK,58,16,1,8,,13,-6,1,
FAKPR,DKURZ_ZAHR,59,16,1,8,,13,-6,0,
FAKPR,DKURZ_SK,60,16,1,8,,13,-6,0,
FAKPR,KURZ_EUR,61,16,1,8,,13,-6,1,
FAKPR,KURZ_EUR_P,62,16,1,8,,13,-6,1,
FAKPR,PLATKAR,63,7,1,2,,3,0,0,
FAKPR,CISPLATKAR,64,14,0,20,20,,0,1,WIN1250
FAKPR,TYP_DOKL,65,14,0,2,2,,0,1,WIN1250
FAKPR,CISLO_ZAK,66,14,0,15,15,,0,1,WIN1250
FAKPR,CELK_ZAHR,67,16,1,8,,15,-2,0,
FAKPR,FIXACECST,68,14,0,1,1,,0,1,WIN1250
FAKPR,ICOPRIJ,69,14,0,12,12,,0,0,WIN1250
FAKPR,IDBANKY,70,8,0,4,,0,0,0,
FAKPR,IDADRBAN,71,8,0,4,,0,0,0,
FAKPR,CENYSDPH,72,14,0,1,1,,0,1,WIN1250
FAKPR,HMOTNOST,73,16,1,8,,15,-6,1,
FAKPR,TYP_POL,74,14,0,10,10,,0,0,WIN1250
FAKPR,UDPREDKONT,75,8,1,4,,7,-3,0,
FAKPR,PDSYNTET,76,7,1,2,,2,0,0,
FAKPR,PDANALYT,77,7,1,2,,3,0,0,
FAKPR,POZNAMKA,78,261,1,8,,,0,0,WIN1250
FAKPR,LOG_DATE,79,35,0,8,,,0,1,
FAKPR,LOG_USER,80,14,0,31,31,,0,1,WIN1250
FAKPR,CALCPARAM,81,14,0,200,200,,0,1,WIN1250
FAKPR,USRFLD1,82,14,0,40,40,,0,1,WIN1250
FAKPR,USRFLD2,83,14,0,40,40,,0,1,WIN1250
FAKPR,USRFLD3,84,14,0,40,40,,0,1,WIN1250
FAKPR,USRFLD4,85,14,0,40,40,,0,1,WIN1250
FAKPR,USRFLD5,86,14,0,40,40,,0,1,WIN1250
FAKPRDPH,IDR,0,8,0,4,,0,0,1,
FAKPRDPH,UPDCNT,1,8,0,4,,0,0,1,
FAKPRDPH,IDFAK,2,8,0,4,,0,0,1,
FAKPRDPH,TYPDPH,3,7,1,2,,2,0,1,
FAKPRDPH,ZAKL0,4,16,1,8,,15,-2,1,
FAKPRDPH,ZAKL1,5,16,1,8,,15,-2,1,
FAKPRDPH,ZAKL2,6,16,1,8,,15,-2,1,
FAKPRDPH,MIMODPH,7,16,1,8,,15,-2,1,
FAKPRDPH,DPH1,8,16,1,8,,15,-2,1,
FAKPRDPH,DPH2,9,16,1,8,,15,-2,1,
FAKPRDPH,COLZAKL1,10,16,1,8,,15,-2,1,
FAKPRDPH,COLZAKL2,11,16,1,8,,15,-2,1,
FAKPRDPH,COLDPH1,12,16,1,8,,15,-2,1,
FAKPRDPH,COLDPH2,13,16,1,8,,15,-2,1,
FAKPRDPH,DZAKL0,14,16,1,8,,15,-2,1,
FAKPRDPH,DZAKL1,15,16,1,8,,15,-2,1,
FAKPRDPH,DZAKL2,16,16,1,8,,15,-2,1,
FAKPRDPH,DMIMODPH,17,16,1,8,,15,-2,1,
FAKPRDPH,DDPH1,18,16,1,8,,15,-2,1,
FAKPRDPH,DDPH2,19,16,1,8,,15,-2,1,
FAKPRDPH,DCOLZAKL1,20,16,1,8,,15,-2,1,
FAKPRDPH,DCOLZAKL2,21,16,1,8,,15,-2,1,
FAKPRDPH,DCOLDPH1,22,16,1,8,,15,-2,1,
FAKPRDPH,DCOLDPH2,23,16,1,8,,15,-2,1,
FAKPRPOL,IDR,0,8,0,4,,0,0,1,
FAKPRPOL,IDFAK,1,8,0,4,,0,0,1,
FAKPRPOL,UPDCNT,2,8,0,4,,0,0,1,
FAKPRPOL,IDSKPOH,3,8,0,4,,0,0,0,
FAKPRPOL,IDSKPOHPOL,4,8,0,4,,0,0,0,
FAKPRPOL,IDOBJPOL,5,8,0,4,,0,0,0,
FAKPRPOL,IDOPR,6,8,0,4,,0,0,0,
FAKPRPOL,IDOPRMAT,7,8,0,4,,0,0,0,
FAKPRPOL,TYP_RADKU,8,7,1,2,,3,0,1,
FAKPRPOL,TYP_SUM,9,7,1,2,,3,0,1,
FAKPRPOL,TYPDPH,10,7,1,2,,2,0,0,
FAKPRPOL,TEXT,11,14,0,100,100,,0,1,WIN1250
FAKPRPOL,DATUMOD,12,12,0,4,,,0,0,
FAKPRPOL,DATUMDO,13,12,0,4,,,0,0,
FAKPRPOL,MJ,14,14,0,3,3,,0,1,WIN1250
FAKPRPOL,POCETMJ,15,16,1,8,,15,-6,0,
FAKPRPOL,CENAMJ,16,16,1,8,,17,-6,1,
FAKPRPOL,SLEVAMJ,17,16,1,8,,17,-6,1,
FAKPRPOL,DPH,18,16,1,8,,17,-6,1,
FAKPRPOL,SADZBADPH,19,8,1,4,,5,-2,1,
FAKPRPOL,ZLAVA,20,8,1,4,,6,-2,1,
FAKPRPOL,RIADOK,21,8,1,4,,9,0,1,
FAKPRPOL,CISLOKAR,22,16,1,8,,10,-2,0,
FAKPRPOL,STREDISKO,23,14,0,6,6,,0,1,WIN1250
FAKPRPOL,CISLO_ZAK,24,14,0,15,15,,0,1,WIN1250
FAKPRPOL,TYP_POL,25,14,0,10,10,,0,0,WIN1250
FAKPRPOL,HMOTNOST,26,16,1,8,,15,-6,1,
FAKPRPOL,LOG_DATE,27,35,0,8,,,0,1,
FAKPRPOL,LOG_USER,28,14,0,31,31,,0,1,WIN1250
FAKPRSPL,IDR,0,8,0,4,,0,0,1,
FAKPRSPL,UPDCNT,1,8,0,4,,0,0,1,
FAKPRSPL,IDFAK,2,8,0,4,,0,0,1,
FAKPRSPL,IDBANKY,3,8,0,4,,0,0,0,
FAKPRSPL,IDADRBAN,4,8,0,4,,0,0,0,
FAKPRSPL,DATUM,5,12,0,4,,,0,1,
FAKPRSPL,CSTMENADOK,6,16,1,8,,15,-2,1,
FAKPRSPL,FORMAUHRAD,7,14,0,10,10,,0,1,WIN1250
FAKPRSPL,VARSYMB,8,14,0,10,10,,0,1,WIN1250
FAKPRSPL,KONSTSYMB,9,14,0,8,8,,0,1,WIN1250
FAKPRSPL,SPECISYMB,10,14,0,10,10,,0,1,WIN1250
FAKPRSPL,POZNAMKA,11,14,0,100,100,,0,1,WIN1250
FAKPRSPL,LOG_DATE,12,35,0,8,,,0,1,
FAKPRSPL,LOG_USER,13,14,0,31,31,,0,1,WIN1250
FAKPRTOTAL,IDR,0,8,0,4,,0,0,1,
FAKPRTOTAL,IDMR,1,8,0,4,,0,0,1,
FAKPRTOTAL,TYPDPH,2,7,1,2,,2,0,1,
FAKPRTOTAL,TYPSAZBY,3,7,1,2,,1,0,1,
FAKPRTOTAL,SAZBADPH,4,8,1,4,,5,-2,1,
FAKPRTOTAL,MENA,5,14,0,3,3,,0,1,WIN1250
FAKPRTOTAL,ZAKLAD,6,16,1,8,,15,-2,1,
FAKPRTOTAL,DPH,7,16,1,8,,15,-2,1,
FAKPRTOTAL,DZAKLAD,8,16,1,8,,15,-2,1,
FAKPRTOTAL,DDPH,9,16,1,8,,15,-2,1,
FAKPRTOTAL,DOPOCZAKL,10,16,1,8,,15,-2,1,
FAKPRTOTAL,DOPOCDPH,11,16,1,8,,15,-2,1,
FAKPRTOTAL,DDOPOCZAKL,12,16,1,8,,15,-2,1,
FAKPRTOTAL,DDOPOCDPH,13,16,1,8,,15,-2,1,
FAKPRTOTAL,ODPOCETDPH,14,16,1,8,,15,-2,1,
FAKPRUHR,IDR,0,8,0,4,,0,0,1,
FAKPRUHR,UPDCNT,1,8,0,4,,0,0,1,
FAKPRUHR,IDFAK,2,8,0,4,,0,0,1,
FAKPRUHR,IDPOKDOK,3,8,0,4,,0,0,0,
FAKPRUHR,IDINTDOK,4,8,0,4,,0,0,0,
FAKPRUHR,IDBANOBRAT,5,8,0,4,,0,0,0,
FAKPRUHR,IDPOKL,6,8,0,4,,0,0,0,
FAKPRUHR,IDBANKY,7,8,0,4,,0,0,0,
FAKPRUHR,IDRX,8,8,0,4,,0,0,0,
FAKPRUHR,IDUHR,9,8,0,4,,0,0,0,
FAKPRUHR,IDZAPOCPOL,10,8,0,4,,0,0,0,
FAKPRUHR,DOTRIGGER,11,14,0,1,1,,0,1,WIN1250
FAKPRUHR,ZPUSOBUHR,12,7,1,2,,1,0,1,
FAKPRUHR,DATUM,13,12,0,4,,,0,1,
FAKPRUHR,CIASTKA,14,16,1,8,,15,-2,1,
FAKPRUHR,DOKLAD,15,14,0,10,10,,0,1,WIN1250
FAKPRUHR,MENA,16,14,0,3,3,,0,0,WIN1250
FAKPRUHR,KURZ,17,16,1,8,,13,-6,1,
FAKPRUHR,KURZ_POCJEDN,18,16,1,8,,13,-6,1,
FAKPRUHR,CSTMENA,19,16,1,8,,15,-2,1,
FAKPRUHR,CSTMENAFA,20,16,1,8,,15,-2,1,
FAKPRUHR,LOG_DATE,21,35,0,8,,,0,1,
FAKPRUHR,LOG_USER,22,14,0,31,31,,0,1,WIN1250
FAKVY,IDFAK,0,8,0,4,,0,0,1,
FAKVY,UPDCNT,1,8,0,4,,0,0,1,
FAKVY,UUID,2,14,0,36,36,,0,1,WIN1250
FAKVY,DOTRIGGER,3,7,1,2,,1,0,0,
FAKVY,DRUH,4,14,0,1,1,,0,1,WIN1250
FAKVY,CISLO,5,14,0,10,10,,0,1,WIN1250
FAKVY,VARSYMB,6,14,0,10,10,,0,1,WIN1250
FAKVY,ORIGCISDOK,7,14,0,50,50,,0,1,WIN1250
FAKVY,ORIGCIS2,8,14,0,50,50,,0,1,WIN1250
FAKVY,ICO,9,14,0,12,12,,0,1,WIN1250
FAKVY,TYPDPH,10,7,1,2,,2,0,1,
FAKVY,REZIM_DPH,11,7,1,2,,1,0,1,
FAKVY,STAT_DPH,12,14,0,2,2,,0,1,WIN1250
FAKVY,VATNUMBER,13,14,0,17,17,,0,0,WIN1250
FAKVY,KH_LEASING,14,14,0,1,1,,0,1,WIN1250
FAKVY,EET_STAV,15,7,1,2,,1,0,1,
FAKVY,ZAKL0,16,16,1,8,,15,-2,1,
FAKVY,ZAKL1,17,16,1,8,,15,-2,1,
FAKVY,ZAKL2,18,16,1,8,,15,-2,1,
FAKVY,MIMODPH,19,16,1,8,,15,-2,1,
FAKVY,DPH1,20,16,1,8,,15,-2,1,
FAKVY,DPH2,21,16,1,8,,15,-2,1,
FAKVY,CELKEM,22,16,1,8,,16,-2,0,
FAKVY,ZAPLACCISLO,23,14,0,10,10,,0,1,WIN1250
FAKVY,CISLODODLI,24,14,0,10,10,,0,1,WIN1250
FAKVY,STORNO_FA,25,14,0,10,10,,0,1,WIN1250
FAKVY,STORNO_PRO,26,14,0,10,10,,0,1,WIN1250
FAKVY,DOBROPIS_PRO,27,14,0,10,10,,0,1,WIN1250
FAKVY,VRUBOPIS_PRO,28,14,0,10,10,,0,1,WIN1250
FAKVY,CIS_PREDF,29,14,0,10,10,,0,1,WIN1250
FAKVY,DATVYSTAVE,30,12,0,4,,,0,0,
FAKVY,DATZDANPLN,31,12,0,4,,,0,0,
FAKVY,DATSPLATNO,32,12,0,4,,,0,0,
FAKVY,DATDODANI,33,12,0,4,,,0,0,
FAKVY,KONSTSYMB,34,14,0,8,8,,0,1,WIN1250
FAKVY,SPECISYMB,35,14,0,10,10,,0,1,WIN1250
FAKVY,STREDISKO,36,14,0,6,6,,0,1,WIN1250
FAKVY,FORMAUHRAD,37,14,0,10,10,,0,1,WIN1250
FAKVY,SPOSOBDOPR,38,14,0,10,10,,0,1,WIN1250
FAKVY,CISLOOBJED,39,14,0,20,20,,0,1,WIN1250
FAKVY,DATOBJED,40,12,0,4,,,0,0,
FAKVY,MENA,41,14,0,3,3,,0,1,WIN1250
FAKVY,KURZ_ZAHR,42,16,1,8,,13,-6,1,
FAKVY,KURZ_SK,43,16,1,8,,13,-6,1,
FAKVY,KURZ_EUR,44,16,1,8,,13,-6,1,
FAKVY,KURZ_EUR_P,45,16,1,8,,13,-6,1,
FAKVY,PLATKAR,46,7,1,2,,3,0,0,
FAKVY,CISPLATKAR,47,14,0,20,20,,0,1,WIN1250
FAKVY,TYP_DOKL,48,14,0,2,2,,0,1,WIN1250
FAKVY,ORIGCISLO,49,14,0,50,50,,0,1,WIN1250
FAKVY,CISLO_ZAK,50,14,0,15,15,,0,1,WIN1250
FAKVY,CELK_ZAHR,51,16,1,8,,15,-2,0,
FAKVY,FIXACECST,52,14,0,1,1,,0,1,WIN1250
FAKVY,ICOPRIJ,53,14,0,12,12,,0,0,WIN1250
FAKVY,IDBANKY,54,8,0,4,,0,0,0,
FAKVY,IDKONTAKT,55,8,0,4,,0,0,0,
FAKVY,CENYSDPH,56,14,0,1,1,,0,1,WIN1250
FAKVY,ZLAVA,57,8,1,4,,6,-2,1,
FAKVY,SKONTO,58,16,1,8,,15,-2,1,
FAKVY,SKONTOPROC,59,8,1,4,,6,-2,1,
FAKVY,SKONTODNY,60,7,1,2,,2,0,1,
FAKVY,KODPLNENI,61,14,0,1,1,,0,0,WIN1250
FAKVY,HMOTNOST,62,16,1,8,,15,-6,1,
FAKVY,TYP_POL,63,14,0,10,10,,0,0,WIN1250
FAKVY,UDPREDKONT,64,8,1,4,,7,-3,0,
FAKVY,PDSYNTET,65,7,1,2,,2,0,0,
FAKVY,PDANALYT,66,7,1,2,,3,0,0,
FAKVY,POZNAMKA,67,261,1,8,,,0,0,WIN1250
FAKVY,LOG_DATE,68,35,0,8,,,0,1,
FAKVY,LOG_USER,69,14,0,31,31,,0,1,WIN1250
FAKVY,SPOTRDAND,70,7,1,2,,1,0,1,
FAKVY,EKODAND,71,7,1,2,,1,0,1,
FAKVY,EKOKOM,72,7,1,2,,1,0,1,
FAKVY,CALCPARAM,73,14,0,200,200,,0,1,WIN1250
FAKVY,USRFLD1,74,14,0,40,40,,0,1,WIN1250
FAKVY,USRFLD2,75,14,0,40,40,,0,1,WIN1250
FAKVY,USRFLD3,76,14,0,40,40,,0,1,WIN1250
FAKVY,USRFLD4,77,14,0,40,40,,0,1,WIN1250
FAKVY,USRFLD5,78,14,0,40,40,,0,1,WIN1250
FAKVYDPH,IDR,0,8,0,4,,0,0,1,
FAKVYDPH,UPDCNT,1,8,0,4,,0,0,1,
FAKVYDPH,IDFAK,2,8,0,4,,0,0,1,
FAKVYDPH,TYPDPH,3,7,1,2,,2,0,1,
FAKVYDPH,ZAKL0,4,16,1,8,,15,-2,1,
FAKVYDPH,ZAKL1,5,16,1,8,,15,-2,1,
FAKVYDPH,ZAKL2,6,16,1,8,,15,-2,1,
FAKVYDPH,MIMODPH,7,16,1,8,,15,-2,1,
FAKVYDPH,DPH1,8,16,1,8,,15,-2,1,
FAKVYDPH,DPH2,9,16,1,8,,15,-2,1,
FAKVYOBAL,IDR,0,8,0,4,,0,0,1,
FAKVYOBAL,IDFAK,1,8,0,4,,0,0,1,
FAKVYOBAL,IDFAKPOL,2,8,0,4,,0,0,0,
FAKVYOBAL,IDOBAL,3,8,0,4,,0,0,1,
FAKVYOBAL,ODMENY,4,8,0,4,,0,0,1,
FAKVYOBAL,CISLOKAR,5,16,1,8,,10,-2,0,
FAKVYOBAL,POCETMJ,6,16,1,8,,15,-6,0,
FAKVYOBAL,UPDCNT,7,8,0,4,,0,0,1,
FAKVYPOL,IDR,0,8,0,4,,0,0,1,
FAKVYPOL,IDFAK,1,8,0,4,,0,0,1,
FAKVYPOL,UPDCNT,2,8,0,4,,0,0,1,
FAKVYPOL,IDSKPOH,3,8,0,4,,0,0,0,
FAKVYPOL,IDSKPOHPOL,4,8,0,4,,0,0,0,
FAKVYPOL,IDOBJPOL,5,8,0,4,,0,0,0,
FAKVYPOL,IDOPR,6,8,0,4,,0,0,0,
FAKVYPOL,IDOPRMAT,7,8,0,4,,0,0,0,
FAKVYPOL,TYP_RADKU,8,7,1,2,,3,0,1,
FAKVYPOL,TYP_SUM,9,7,1,2,,3,0,1,
FAKVYPOL,TYPDPH,10,7,1,2,,2,0,0,
FAKVYPOL,TEXT,11,14,0,100,100,,0,1,WIN1250
FAKVYPOL,DATUMOD,12,12,0,4,,,0,0,
FAKVYPOL,DATUMDO,13,12,0,4,,,0,0,
FAKVYPOL,MJ,14,14,0,3,3,,0,1,WIN1250
FAKVYPOL,POCETMJ,15,16,1,8,,15,-6,0,
FAKVYPOL,CENAMJ,16,16,1,8,,17,-6,1,
FAKVYPOL,SLEVAMJ,17,16,1,8,,17,-6,1,
FAKVYPOL,DPH,18,16,1,8,,17,-6,1,
FAKVYPOL,SADZBADPH,19,8,1,4,,5,-2,1,
FAKVYPOL,ZLAVA,20,8,1,4,,6,-2,1,
FAKVYPOL,RIADOK,21,8,1,4,,9,0,1,
FAKVYPOL,CISLOKAR,22,16,1,8,,10,-2,0,
FAKVYPOL,STREDISKO,23,14,0,6,6,,0,1,WIN1250
FAKVYPOL,CISLO_ZAK,24,14,0,15,15,,0,1,WIN1250
FAKVYPOL,TYP_POL,25,14,0,10,10,,0,0,WIN1250
FAKVYPOL,HMOTNOST,26,16,1,8,,15,-6,1,
FAKVYPOL,LOG_DATE,27,35,0,8,,,0,1,
FAKVYPOL,LOG_USER,28,14,0,31,31,,0,1,WIN1250
FAKVYSPL,IDR,0,8,0,4,,0,0,1,
FAKVYSPL,UPDCNT,1,8,0,4,,0,0,1,
FAKVYSPL,IDFAK,2,8,0,4,,0,0,1,
FAKVYSPL,IDBANKY,3,8,0,4,,0,0,0,
FAKVYSPL,DATUM,4,12,0,4,,,0,1,
FAKVYSPL,CSTMENADOK,5,16,1,8,,15,-2,1,
FAKVYSPL,FORMAUHRAD,6,14,0,10,10,,0,1,WIN1250
FAKVYSPL,VARSYMB,7,14,0,10,10,,0,1,WIN1250
FAKVYSPL,KONSTSYMB,8,14,0,8,8,,0,1,WIN1250
FAKVYSPL,SPECISYMB,9,14,0,10,10,,0,1,WIN1250
FAKVYSPL,POZNAMKA,10,14,0,100,100,,0,1,WIN1250
FAKVYSPL,LOG_DATE,11,35,0,8,,,0,1,
FAKVYSPL,LOG_USER,12,14,0,31,31,,0,1,WIN1250
FAKVYTEX,IDR,0,8,0,4,,0,0,1,
FAKVYTEX,CISLO,1,7,1,2,,2,0,1,
FAKVYTEX,POPIS,2,14,0,50,50,,0,1,WIN1250
FAKVYTEX,MEMO,3,261,1,8,,,0,0,WIN1250
FAKVYTEX,DRUH,4,7,1,2,,2,0,1,
FAKVYTOTAL,IDR,0,8,0,4,,0,0,1,
FAKVYTOTAL,IDMR,1,8,0,4,,0,0,1,
FAKVYTOTAL,TYPDPH,2,7,1,2,,2,0,1,
FAKVYTOTAL,TYPSAZBY,3,7,1,2,,1,0,1,
FAKVYTOTAL,SAZBADPH,4,8,1,4,,5,-2,1,
FAKVYTOTAL,MENA,5,14,0,3,3,,0,1,WIN1250
FAKVYTOTAL,ZAKLAD,6,16,1,8,,15,-2,1,
FAKVYTOTAL,DPH,7,16,1,8,,15,-2,1,
FAKVYTOTAL,DZAKLAD,8,16,1,8,,15,-2,1,
FAKVYTOTAL,DDPH,9,16,1,8,,15,-2,1,
FAKVYTOTAL,DOPOCZAKL,10,16,1,8,,15,-2,1,
FAKVYTOTAL,DOPOCDPH,11,16,1,8,,15,-2,1,
FAKVYTOTAL,DDOPOCZAKL,12,16,1,8,,15,-2,1,
FAKVYTOTAL,DDOPOCDPH,13,16,1,8,,15,-2,1,
FAKVYTOTAL,ODPOCETDPH,14,16,1,8,,15,-2,1,
FAKVYUHR,IDR,0,8,0,4,,0,0,1,
FAKVYUHR,UPDCNT,1,8,0,4,,0,0,1,
FAKVYUHR,IDFAK,2,8,0,4,,0,0,1,
FAKVYUHR,IDPOKDOK,3,8,0,4,,0,0,0,
FAKVYUHR,IDINTDOK,4,8,0,4,,0,0,0,
FAKVYUHR,IDBANOBRAT,5,8,0,4,,0,0,0,
FAKVYUHR,IDPOKL,6,8,0,4,,0,0,0,
FAKVYUHR,IDBANKY,7,8,0,4,,0,0,0,
FAKVYUHR,IDRX,8,8,0,4,,0,0,0,
FAKVYUHR,IDUHR,9,8,0,4,,0,0,0,
FAKVYUHR,IDZAPOCPOL,10,8,0,4,,0,0,0,
FAKVYUHR,DOTRIGGER,11,14,0,1,1,,0,1,WIN1250
FAKVYUHR,ZPUSOBUHR,12,7,1,2,,1,0,1,
FAKVYUHR,UHRADAFM,13,14,0,1,1,,0,1,WIN1250
FAKVYUHR,DATUM,14,12,0,4,,,0,1,
FAKVYUHR,CIASTKA,15,16,1,8,,15,-2,1,
FAKVYUHR,DOKLAD,16,14,0,10,10,,0,1,WIN1250
FAKVYUHR,MENA,17,14,0,3,3,,0,0,WIN1250
FAKVYUHR,KURZ,18,16,1,8,,13,-6,1,
FAKVYUHR,KURZ_POCJEDN,19,16,1,8,,13,-6,1,
FAKVYUHR,CSTMENA,20,16,1,8,,15,-2,1,
FAKVYUHR,CSTMENAFA,21,16,1,8,,15,-2,1,
FAKVYUHR,LOG_DATE,22,35,0,8,,,0,1,
FAKVYUHR,LOG_USER,23,14,0,31,31,,0,1,WIN1250
FILTR,IDR,0,8,0,4,,0,0,1,
FILTR,USERID,1,7,1,2,,3,0,1,
FILTR,SEKCE,2,14,0,50,50,,0,1,WIN1250
FILTR,HISTLEVEL,3,7,1,2,,2,0,1,
FILTRPOL,IDFLT,0,8,0,4,,0,0,1,
FILTRPOL,PARTNO,1,7,1,2,,3,0,1,
FILTRPOL,ITEMVALUE,2,14,0,100,100,,0,1,WIN1250
FIRLOG,IDR,0,8,0,4,,0,0,1,
FIRLOG,LOG_DATE,1,35,0,8,,,0,1,
FIRLOG,LOG_USER,2,14,0,31,31,,0,1,WIN1250
FIRLOG,AGENDA,3,14,0,2,2,,0,1,WIN1250
FIRLOG,TYP,4,14,0,1,1,,0,1,WIN1250
FIRLOG,IDDOKL,5,8,0,4,,0,0,1,
FIRLOG,DATUMDOKL,6,12,0,4,,,0,0,
FIRLOG,DATUMJINE,7,12,0,4,,,0,0,
FIRLOG,CISLODOKL,8,14,0,14,14,,0,1,WIN1250
FIRLOG,ZAKL0,9,16,1,8,,15,-2,1,
FIRLOG,ZAKL1,10,16,1,8,,15,-2,1,
FIRLOG,ZAKL2,11,16,1,8,,15,-2,1,
FIRLOG,MIMODPH,12,16,1,8,,15,-2,1,
FIRLOG,DPH1,13,16,1,8,,15,-2,1,
FIRLOG,DPH2,14,16,1,8,,15,-2,1,
FIRLOG,CISLOSKL,15,8,0,4,,0,0,0,
FIRLOG,POCETMJ,16,16,1,8,,15,-6,1,
FIRLOG,POZNAMKA,17,14,0,50,50,,0,1,WIN1250
FIRLOG,DETAIL,18,261,1,8,,,0,0,WIN1250
FIRMNAST,ITEMNAME,0,14,0,20,20,,0,1,WIN1250
FIRMNAST,PARTNO,1,7,1,2,,3,0,1,
FIRMNAST,ITEMVALUE,2,14,0,30,30,,0,1,WIN1250
FIRPOB,IDR,0,8,0,4,,0,0,1,
FIRPOB,CENTRALA,1,14,0,1,1,,0,1,WIN1250
FIRPOB,IDBANKY,2,8,0,4,,0,0,0,
FIRPOB,INTPOPIS,3,14,0,50,50,,0,1,WIN1250
FIRPOB,FIRMA,4,14,0,50,50,,0,1,WIN1250
FIRPOB,FIRMA2,5,14,0,50,50,,0,1,WIN1250
FIRPOB,JMENO,6,14,0,50,50,,0,1,WIN1250
FIRPOB,ULICE,7,14,0,30,30,,0,1,WIN1250
FIRPOB,MESTO,8,14,0,30,30,,0,1,WIN1250
FIRPOB,PSC,9,14,0,10,10,,0,1,WIN1250
FIRPOB,KRAJKOD,10,14,0,2,2,,0,1,WIN1250
FIRPOB,KRAJPOPIS,11,14,0,20,20,,0,1,WIN1250
FIRPOB,STATKOD,12,14,0,2,2,,0,1,WIN1250
FIRPOB,TELEFON,13,14,0,30,30,,0,1,WIN1250
FIRPOB,TELEFON2,14,14,0,30,30,,0,1,WIN1250
FIRPOB,TELEFON3,15,14,0,30,30,,0,1,WIN1250
FIRPOB,FAX,16,14,0,30,30,,0,1,WIN1250
FIRPOB,EMAIL,17,14,0,256,256,,0,1,WIN1250
FIRPRPR,IDENTIF,0,7,1,2,,3,0,1,
FIRPRPR,P_MENO,1,14,0,31,31,,0,1,WIN1250
FIRPRPR,P_DENIK,2,7,1,2,,1,0,1,
FIRPRPR,P_PENDEN,3,7,1,2,,1,0,1,
FIRPRPR,P_FAKTURY,4,7,1,2,,1,0,1,
FIRPRPR,P_POMKN,5,7,1,2,,1,0,1,
FIRPRPR,P_ADRESY,6,7,1,2,,1,0,1,
FIRPRPR,P_SKLAD,7,7,1,2,,1,0,1,
FIRPRPR,P_MOKASA,8,7,1,2,,1,0,1,
FIRPRPR,P_MZDY,9,7,1,2,,1,0,1,
FIRPRPR,P_MZDY_CZ,10,7,1,2,,1,0,1,
FIRPRPREXT,IDR,0,8,0,4,,0,0,1,
FIRPRPREXT,USERID,1,7,1,2,,3,0,1,
FIRPRPREXT,MAINID,2,14,0,15,15,,0,0,WIN1250
FIRPRPREXT,SUBID,3,14,0,5,5,,0,0,WIN1250
FIRPRPREXT,PREFIX,4,14,0,20,20,,0,0,WIN1250
FIRPRPREXT,CISLOPOKL,5,8,0,4,,0,0,0,
FIRPRPREXT,CISLOSKL,6,7,1,2,,3,0,0,
FIRPRPREXT,AUTOSPZ,7,14,0,12,12,,0,0,WIN1250
FIRPRPREXT,STREDISKO,8,14,0,6,6,,0,0,WIN1250
FIRPRPREXT,VYSTUPY,9,14,0,2,2,,0,0,WIN1250
FIRPRPREXT,SESTAVA,10,8,1,4,,9,0,0,
FIRPRPREXT,PREDLOHA,11,14,0,10,10,,0,0,WIN1250
FIRPRPREXT,USERACCESS,12,7,1,2,,1,0,1,
GDPREVENT,IDR,0,8,0,4,,0,0,1,
GDPREVENT,KOD,1,14,0,10,10,,0,1,WIN1250
GDPREVENT,POPIS,2,14,0,100,100,,0,1,WIN1250
HLASENI,IDR,0,8,0,4,,0,0,1,
HLASENI,SKUP,1,7,1,2,,2,0,0,
HLASENI,TYP_HLA,2,14,0,10,10,,0,1,WIN1250
HLASENI,VZOR_HLA,3,14,0,10,10,,0,1,WIN1250
HLASENI,NAZEV_HLA,4,14,0,60,60,,0,1,WIN1250
HLASENI,VYBRAT,5,14,0,1,1,,0,0,WIN1250
HLASENI,TYP_OBD,6,14,0,1,1,,0,0,WIN1250
HLASENI,PTS_GR,7,7,1,2,,2,0,0,
HLASENI,XML_GR,8,7,1,2,,1,0,0,
HLASENI,PLATI_OD,9,12,0,4,,,0,0,
HLASENI,PLATI_DO,10,12,0,4,,,0,0,
HLASENICMB,IDR_HLAS,0,8,0,4,,0,0,1,
HLASENICMB,IDR_POL,1,8,0,4,,0,0,1,
HLASENICMB,IDR,2,8,0,4,,0,0,1,
HLASENICMB,TEXT,3,14,0,150,150,,0,1,WIN1250
HLASENIHOD,IDR,0,8,0,4,,0,0,1,
HLASENIHOD,IDR_HLAS,1,8,0,4,,0,0,1,
HLASENIHOD,DAT_VYTV,2,12,0,4,,,0,0,
HLASENIHOD,DAT_ODES,3,12,0,4,,,0,0,
HLASENIHOD,ID_OSOBY,4,8,0,4,,0,0,0,
HLASENIHOD,ID_POMERU,5,8,0,4,,0,0,0,
HLASENIHOD,OBD_OD,6,12,0,4,,,0,0,
HLASENIHOD,OBD_DO,7,12,0,4,,,0,0,
HLASENIHOD,NAZEV,8,14,0,80,80,,0,1,WIN1250
HLASENIHOD,DATA,9,261,1,8,,,0,0,WIN1250
HLASENIPOL,IDR,0,8,0,4,,0,0,1,
HLASENIPOL,IDR_HLAS,1,8,0,4,,0,0,1,
HLASENIPOL,STRANA,2,7,1,2,,2,0,0,
HLASENIPOL,POPIS,3,261,1,8,,,0,0,WIN1250
HLASENIPOL,TYP_DAT,4,14,0,1,1,,0,1,WIN1250
HLASENIPOL,VEL_DAT,5,7,1,2,,3,0,0,
HLASENIPOL,VEL_DAT2,6,7,1,2,,2,0,0,
HLASENIPOL,DS_IN,7,7,1,2,,2,0,0,
HLASENIPOL,FLD_IN,8,14,0,20,20,,0,1,WIN1250
HLASENIPOL,DS_TISK,9,7,1,2,,2,0,0,
HLASENIPOL,FLD_TISK,10,14,0,20,20,,0,1,WIN1250
HLASENIPOL,XML_NAME,11,14,0,40,40,,0,1,WIN1250
HLASENIPOL,XML_TYP,12,14,0,1,1,,0,1,WIN1250
HLASENIPOL,XML_FMT,13,14,0,20,20,,0,1,WIN1250
HLASENIPOL,MASTERTAG,14,8,0,4,,0,0,0,
HLASENIPOL,MAX_POCET,15,7,1,2,,3,0,0,
HLASENIPOL,SLOUPCU,16,7,1,2,,3,0,0,
HLASENIPOL,POVINNYCH,17,7,1,2,,3,0,0,
HLASENIPOL,POZ_POPIS,18,7,1,2,,1,0,0,
HLASENIPOL,POZ_X,19,7,1,2,,4,0,0,
HLASENIPOL,POZ_Y,20,7,1,2,,4,0,0,
HLASENIPOL,VYRAZ,21,261,1,8,,,0,0,WIN1250
ICZUJ,IDR,0,8,0,4,,0,0,1,
ICZUJ,CISOB,1,14,0,6,6,,0,1,WIN1250
ICZUJ,CISOB_N,2,14,0,40,40,,0,1,WIN1250
ICZUJ,CISOB_S,3,14,0,1,1,,0,1,WIN1250
ICZUJ,CISORP,4,14,0,6,6,,0,1,WIN1250
ICZUJ,CISORP_N,5,14,0,35,35,,0,1,WIN1250
INTDOK,IDMR,0,8,0,4,,0,0,1,
INTDOK,UPDCNT,1,8,0,4,,0,0,1,
INTDOK,UUID,2,14,0,36,36,,0,1,WIN1250
INTDOK,DOTRIGGER,3,7,1,2,,1,0,0,
INTDOK,IDUHR_FV,4,8,0,4,,0,0,0,
INTDOK,IDUHR_FP,5,8,0,4,,0,0,0,
INTDOK,IDUHR_PH,6,8,0,4,,0,0,0,
INTDOK,IDUHR_ZV,7,8,0,4,,0,0,0,
INTDOK,IDUHR_DFV,8,8,0,4,,0,0,0,
INTDOK,IDUHR_DFP,9,8,0,4,,0,0,0,
INTDOK,IDUHR_DPH,10,8,0,4,,0,0,0,
INTDOK,IDUHR_DZV,11,8,0,4,,0,0,0,
INTDOK,IDMOUZAV,12,8,0,4,,0,0,0,
INTDOK,ID_FP,13,8,0,4,,0,0,0,
INTDOK,ID_ZV,14,8,0,4,,0,0,0,
INTDOK,ID_ID,15,8,0,4,,0,0,0,
INTDOK,DRUHID,16,7,1,2,,1,0,1,
INTDOK,CISLO,17,14,0,10,10,,0,1,WIN1250
INTDOK,ORIGCISDOK,18,14,0,50,50,,0,1,WIN1250
INTDOK,ORIGCIS2,19,14,0,50,50,,0,1,WIN1250
INTDOK,ZDROJ,20,14,0,16,16,,0,1,WIN1250
INTDOK,ICO,21,14,0,12,12,,0,0,WIN1250
INTDOK,TYPDPH,22,7,1,2,,2,0,1,
INTDOK,REZIM_DPH,23,7,1,2,,1,0,1,
INTDOK,STAT_DPH,24,14,0,2,2,,0,1,WIN1250
INTDOK,VATNUMBER,25,14,0,17,17,,0,0,WIN1250
INTDOK,KH_LEASING,26,14,0,1,1,,0,1,WIN1250
INTDOK,TYP_DOKL,27,14,0,2,2,,0,1,WIN1250
INTDOK,KODPLNENI,28,14,0,1,1,,0,0,WIN1250
INTDOK,TYP_POL,29,14,0,10,10,,0,0,WIN1250
INTDOK,UDPREDKONT,30,8,1,4,,7,-3,0,
INTDOK,PDSYNTET,31,7,1,2,,2,0,0,
INTDOK,PDANALYT,32,7,1,2,,3,0,0,
INTDOK,POPIS,33,14,0,50,50,,0,1,WIN1250
INTDOK,ZAKL0,34,16,1,8,,15,-2,1,
INTDOK,ZAKL1,35,16,1,8,,15,-2,1,
INTDOK,ZAKL2,36,16,1,8,,15,-2,1,
INTDOK,MIMODPH,37,16,1,8,,15,-2,1,
INTDOK,DPH1,38,16,1,8,,15,-2,1,
INTDOK,DPH2,39,16,1,8,,15,-2,1,
INTDOK,CELKEM,40,16,1,8,,16,-2,0,
INTDOK,DOPOCDPH1,41,16,1,8,,15,-2,1,
INTDOK,DOPOCDPH2,42,16,1,8,,15,-2,1,
INTDOK,DATVYSTAVE,43,12,0,4,,,0,0,
INTDOK,DATZDANPLN,44,12,0,4,,,0,0,
INTDOK,DATDANPOV,45,12,0,4,,,0,0,
INTDOK,DATDODANI,46,12,0,4,,,0,0,
INTDOK,MENA,47,14,0,3,3,,0,1,WIN1250
INTDOK,KURZ_SK,48,16,1,8,,13,-6,1,
INTDOK,KURZ_ZAHR,49,16,1,8,,13,-6,1,
INTDOK,KURZ_EUR,50,16,1,8,,13,-6,1,
INTDOK,KURZ_EUR_P,51,16,1,8,,13,-6,1,
INTDOK,CELK_ZAHR,52,16,1,8,,15,-2,0,
INTDOK,FIXACECST,53,14,0,1,1,,0,1,WIN1250
INTDOK,CENYSDPH,54,14,0,1,1,,0,1,WIN1250
INTDOK,STREDISKO,55,14,0,6,6,,0,1,WIN1250
INTDOK,CISLO_ZAK,56,14,0,15,15,,0,1,WIN1250
INTDOK,HMOTNOST,57,16,1,8,,15,-6,1,
INTDOK,POZNAMKA,58,261,1,8,,,0,0,WIN1250
INTDOK,LOG_DATE,59,35,0,8,,,0,1,
INTDOK,LOG_USER,60,14,0,31,31,,0,1,WIN1250
INTDOK,CALCPARAM,61,14,0,200,200,,0,1,WIN1250
INTDOK,USRFLD1,62,14,0,40,40,,0,1,WIN1250
INTDOK,USRFLD2,63,14,0,40,40,,0,1,WIN1250
INTDOK,USRFLD3,64,14,0,40,40,,0,1,WIN1250
INTDOK,USRFLD4,65,14,0,40,40,,0,1,WIN1250
INTDOK,USRFLD5,66,14,0,40,40,,0,1,WIN1250
INTDOKPOL,IDR,0,8,0,4,,0,0,1,
INTDOKPOL,IDMR,1,8,0,4,,0,0,1,
INTDOKPOL,UPDCNT,2,8,0,4,,0,0,1,
INTDOKPOL,IDSKPOH,3,8,0,4,,0,0,0,
INTDOKPOL,IDSKPOHPOL,4,8,0,4,,0,0,0,
INTDOKPOL,IDOBJPOL,5,8,0,4,,0,0,0,
INTDOKPOL,IDOPR,6,8,0,4,,0,0,0,
INTDOKPOL,IDOPRMAT,7,8,0,4,,0,0,0,
INTDOKPOL,TYP_RADKU,8,7,1,2,,3,0,1,
INTDOKPOL,TYP_SUM,9,7,1,2,,3,0,1,
INTDOKPOL,TYPDPH,10,7,1,2,,2,0,0,
INTDOKPOL,TEXT,11,14,0,100,100,,0,1,WIN1250
INTDOKPOL,MJ,12,14,0,3,3,,0,1,WIN1250
INTDOKPOL,POCETMJ,13,16,1,8,,15,-6,0,
INTDOKPOL,CENAMJ,14,16,1,8,,17,-6,1,
INTDOKPOL,SLEVAMJ,15,16,1,8,,17,-6,1,
INTDOKPOL,DPH,16,16,1,8,,17,-6,1,
INTDOKPOL,SADZBADPH,17,8,1,4,,5,-2,1,
INTDOKPOL,ZLAVA,18,8,1,4,,6,-2,1,
INTDOKPOL,RIADOK,19,8,1,4,,9,0,1,
INTDOKPOL,CISLOKAR,20,16,1,8,,10,-2,0,
INTDOKPOL,STREDISKO,21,14,0,6,6,,0,1,WIN1250
INTDOKPOL,CISLO_ZAK,22,14,0,15,15,,0,1,WIN1250
INTDOKPOL,TYP_POL,23,14,0,10,10,,0,0,WIN1250
INTDOKPOL,HMOTNOST,24,16,1,8,,15,-6,1,
INTDOKPOL,LOG_DATE,25,35,0,8,,,0,1,
INTDOKPOL,LOG_USER,26,14,0,31,31,,0,1,WIN1250
INTDOKTOT,IDR,0,8,0,4,,0,0,1,
INTDOKTOT,IDMR,1,8,0,4,,0,0,1,
INTDOKTOT,TYPDPH,2,7,1,2,,2,0,1,
INTDOKTOT,TYPSAZBY,3,7,1,2,,1,0,1,
INTDOKTOT,SAZBADPH,4,8,1,4,,5,-2,1,
INTDOKTOT,MENA,5,14,0,3,3,,0,1,WIN1250
INTDOKTOT,ZAKLAD,6,16,1,8,,15,-2,1,
INTDOKTOT,DPH,7,16,1,8,,15,-2,1,
INTDOKTOT,DZAKLAD,8,16,1,8,,15,-2,1,
INTDOKTOT,DDPH,9,16,1,8,,15,-2,1,
INTDOKTOT,DOPOCZAKL,10,16,1,8,,15,-2,1,
INTDOKTOT,DOPOCDPH,11,16,1,8,,15,-2,1,
INTDOKTOT,DDOPOCZAKL,12,16,1,8,,15,-2,1,
INTDOKTOT,DDOPOCDPH,13,16,1,8,,15,-2,1,
INTDOKTOT,ODPOCETDPH,14,16,1,8,,15,-2,1,
INTRASTAT,IDRIS,0,8,0,4,,0,0,1,
INTRASTAT,POPIS,1,14,0,50,50,,0,1,WIN1250
INTRASTAT,ROK,2,7,1,2,,4,0,1,
INTRASTAT,MESIC,3,7,1,2,,2,0,1,
INTRASTAT,PRIJEM,4,14,0,1,1,,0,1,WIN1250
INTRASTAT,STATUS,5,7,1,2,,1,0,1,
INTRASTAT,MENA,6,14,0,3,3,,0,1,WIN1250
INTRASTAT,KURZ_ZAHR,7,16,1,8,,13,-6,1,
INTRASTAT,KURZ_SK,8,16,1,8,,13,-6,1,
INTRASTAT,KURZFROM,9,7,1,2,,1,0,1,
INTRASTAT,DIC,10,14,0,17,17,,0,1,WIN1250
INTRASTAT,PRIJMENI,11,14,0,30,30,,0,1,WIN1250
INTRASTAT,JMENO,12,14,0,30,30,,0,1,WIN1250
INTRASTAT,ULICE,13,14,0,30,30,,0,1,WIN1250
INTRASTAT,MESTO,14,14,0,30,30,,0,1,WIN1250
INTRASTAT,PSC,15,14,0,15,15,,0,1,WIN1250
INTRASTAT,KOSOBA,16,14,0,50,50,,0,1,WIN1250
INTRASTAT,TELEFON,17,14,0,30,30,,0,1,WIN1250
INTRASTAT,FAX,18,14,0,30,30,,0,1,WIN1250
INTRASTAT,EMAIL,19,14,0,50,50,,0,1,WIN1250
INTRASTAT,ICOTP,20,14,0,12,12,,0,0,WIN1250
INTRASTAT,KOSOBATP,21,14,0,50,50,,0,1,WIN1250
INTRASTAT,STREDISKO,22,14,0,6,6,,0,0,WIN1250
INTRASTAT,IC_DPH,23,14,0,14,14,,0,1,WIN1250
INTRASTAT,PORCIS,24,7,1,2,,3,0,1,
INTRASTAT,PORCISO,25,7,1,2,,3,0,1,
INTRASTAT,KOSOBAS,26,14,0,50,50,,0,1,WIN1250
INTRASTAT,SULICE,27,14,0,30,30,,0,1,WIN1250
INTRASTAT,SMESTO,28,14,0,30,30,,0,1,WIN1250
INTRASTAT,SPSC,29,14,0,15,15,,0,1,WIN1250
INTRASTAT,STELEFON,30,14,0,30,30,,0,1,WIN1250
INTRASTAT,SFAX,31,14,0,30,30,,0,1,WIN1250
INTRASTAT,SEMAIL,32,14,0,50,50,,0,1,WIN1250
INTRASTATP,IDR,0,8,0,4,,0,0,1,
INTRASTATP,IDRIS,1,8,0,4,,0,0,1,
INTRASTATP,PRIJEM,2,14,0,1,1,,0,1,WIN1250
INTRASTATP,IDPOH,3,8,0,4,,0,0,0,
INTRASTATP,IDPOHPOL,4,8,0,4,,0,0,0,
INTRASTATP,POLSA,5,14,0,8,8,,0,1,WIN1250
INTRASTATP,STATOUT,6,14,0,2,2,,0,0,WIN1250
INTRASTATP,STAT,7,14,0,2,2,,0,1,WIN1250
INTRASTATP,KRAJ,8,14,0,2,2,,0,0,WIN1250
INTRASTATP,CELKEMFAK,9,16,1,8,,15,-2,1,
INTRASTATP,CELKEMSTA,10,16,1,8,,15,-2,1,
INTRASTATP,DMJ,11,14,0,3,3,,0,1,WIN1250
INTRASTATP,HMOTNOST,12,16,1,8,,15,-3,1,
INTRASTATP,POCETDMJ,13,16,1,8,,15,-3,1,
INTRASTATP,TRANSAKCE,14,14,0,2,2,,0,1,WIN1250
INTRASTATP,DODPODM,15,14,0,3,3,,0,0,WIN1250
INTRASTATP,DRUHDOPR,16,14,0,1,1,,0,0,WIN1250
INTRASTATP,DOPLKOD,17,14,0,2,2,,0,0,WIN1250
INTRASTATP,ZVLPOH,18,14,0,2,2,,0,0,WIN1250
INTRASTATP,IC_DPH,19,14,0,14,14,,0,1,WIN1250
INTRASTATP,DIC,20,14,0,17,17,,0,1,WIN1250
INTRASTATP,UPDCNT,21,8,0,4,,0,0,1,
INVUC,IDR,0,8,0,4,,0,0,1,
INVUC,TYP,1,7,1,2,,2,0,1,
INVUC,POPIS,2,14,0,100,100,,0,1,WIN1250
INVUC,UZAVRENO,3,14,0,1,1,,0,1,WIN1250
INVUC,REPORTNAME,4,14,0,20,20,,0,1,WIN1250
INVUC,DATUMOD,5,12,0,4,,,0,1,
INVUC,DATUMDO,6,12,0,4,,,0,1,
INVUCPAR,REFID,0,8,0,4,,0,0,1,
INVUCPAR,ITEMNAME,1,14,0,20,20,,0,1,WIN1250
INVUCPAR,PARTNO,2,7,1,2,,3,0,1,
INVUCPAR,ITEMVALUE,3,14,0,30,30,,0,1,WIN1250
INVUCPOL,IDR,0,8,0,4,,0,0,1,
INVUCPOL,REFID,1,8,0,4,,0,0,1,
INVUCPOL,UPDCNT,2,8,0,4,,0,0,1,
INVUCPOL,SYNTET,3,14,0,3,3,,0,1,WIN1250
INVUCPOL,ANALYT,4,14,0,3,3,,0,1,WIN1250
INVUCPOL,STAVEVID,5,16,1,8,,15,-2,1,
INVUCPOL,STAVSKUT,6,16,1,8,,15,-2,1,
INVUCPOL,POZNAMKA,7,14,0,100,100,,0,1,WIN1250
JAZDY,IDR,0,8,0,4,,0,0,1,
JAZDY,SPZ,1,14,0,12,12,,0,1,WIN1250
JAZDY,DATODCHOD,2,12,0,4,,,0,1,
JAZDY,DATPRICHOD,3,12,0,4,,,0,1,
JAZDY,CASODCHOD,4,14,0,5,5,,0,1,WIN1250
JAZDY,CASPRICHOD,5,14,0,5,5,,0,1,WIN1250
JAZDY,ODKIAL,6,14,0,30,30,,0,1,WIN1250
JAZDY,KAM,7,14,0,30,30,,0,1,WIN1250
JAZDY,UCEL,8,14,0,30,30,,0,1,WIN1250
JAZDY,TACHPOC,9,8,1,4,,9,-1,0,
JAZDY,TACHKON,10,8,1,4,,9,-1,0,
JAZDY,STRAVNE,11,16,1,8,,10,-2,0,
JAZDY,NOCLAZNE,12,16,1,8,,10,-2,0,
JAZDY,OSCISLO,13,14,0,15,15,,0,1,WIN1250
JAZDY,TYP,14,7,1,2,,2,0,1,
JAZDY,MESTOM,15,14,0,1,1,,0,1,WIN1250
JAZDY,PRIVES,16,14,0,1,1,,0,1,WIN1250
JAZDY,SZN,17,8,1,4,,7,-3,0,
JAZDY,INEVYDAJE,18,16,1,8,,10,-2,0,
JAZDY,POZNAMKA,19,261,1,8,,,0,0,WIN1250
JAZDY,PHCENA,20,16,1,8,,10,-2,0,
JAZDY,PHSADZBA,21,8,1,4,,7,-3,0,
JAZDY,PHMNOZSTVO,22,8,1,4,,7,-2,0,
JAZDY,POKRACUJE,23,14,0,1,1,,0,1,WIN1250
JAZDY,CSN,24,8,1,4,,6,-2,0,
JAZDY,EHKMESTO,25,8,1,4,,6,-2,0,
JAZDY,EHK90,26,8,1,4,,6,-2,0,
JAZDY,EHK120,27,8,1,4,,6,-2,0,
JAZDY,ZVYSSZN,28,7,1,2,,3,0,0,
JAZDY,KURZ_ZAHR,29,16,1,8,,13,-6,1,
JAZDY,KURZ_SK,30,16,1,8,,13,-6,1,
JAZDY,MENA,31,14,0,3,3,,0,1,WIN1250
JAZDY,JEZAHR,32,14,0,1,1,,0,1,WIN1250
JAZDY,PHMJEZAHR,33,14,0,1,1,,0,1,WIN1250
JAZDY,VRECKOVE,34,16,1,8,,10,-2,0,
JAZDY,PRIVES_PER,35,7,1,2,,3,0,0,
JAZDY,TYP_ES,36,7,1,2,,2,0,1,
JAZDY,ES_MESTO,37,8,1,4,,6,-2,0,
JAZDY,ES_MIMO,38,8,1,4,,6,-2,0,
JAZDY,ES_KOMB,39,8,1,4,,6,-2,0,
JAZDY,POCETOSOB,40,7,1,2,,2,0,1,
JAZDY,NADRZPOC,41,8,1,4,,7,-2,1,
JAZDY,NADRZKON,42,8,1,4,,7,-2,1,
JAZDY,TANK_PHM,43,7,1,2,,1,0,1,
JAZDY,UPDCNT,44,8,0,4,,0,0,1,
KODYBANK,IDR,0,8,0,4,,0,0,1,
KODYBANK,KOD,1,14,0,4,4,,0,1,WIN1250
KODYBANK,KODC,2,14,0,7,7,,0,1,WIN1250
KODYBANK,SWIFTCODE,3,14,0,12,12,,0,1,WIN1250
KODYBANK,POPIS,4,14,0,30,30,,0,1,WIN1250
KODYBANK,AKTIVNI,5,14,0,1,1,,0,1,WIN1250
KODYBANK,KODSTAT,6,14,0,2,2,,0,1,WIN1250
KONTAKTY,IDR,0,8,0,4,,0,0,1,
KONTAKTY,UPDCNT,1,8,0,4,,0,0,1,
KONTAKTY,IDENTIF,2,14,0,20,20,,0,0,WIN1250
KONTAKTY,JMENO,3,14,0,30,30,,0,1,WIN1250
KONTAKTY,PRIJMENI,4,14,0,30,30,,0,1,WIN1250
KONTAKTY,TITULPRED,5,14,0,15,15,,0,1,WIN1250
KONTAKTY,TITULZA,6,14,0,5,5,,0,1,WIN1250
KONTAKTY,ULICE,7,14,0,30,30,,0,1,WIN1250
KONTAKTY,MESTO,8,14,0,30,30,,0,1,WIN1250
KONTAKTY,PSC,9,14,0,10,10,,0,1,WIN1250
KONTAKTY,STATKOD,10,14,0,2,2,,0,0,WIN1250
KONTAKTY,TELEFON,11,14,0,30,30,,0,1,WIN1250
KONTAKTY,EMAIL,12,14,0,256,256,,0,1,WIN1250
KONTAKTY,JINYKONT,13,14,0,50,50,,0,1,WIN1250
KONTAKTY,USRFLD1,14,14,0,40,40,,0,1,WIN1250
KONTAKTY,USRFLD2,15,14,0,40,40,,0,1,WIN1250
KONTAKTY,USRFLD3,16,14,0,40,40,,0,1,WIN1250
KONTAKTY,USRFLD4,17,14,0,40,40,,0,1,WIN1250
KONTAKTY,USRFLD5,18,14,0,40,40,,0,1,WIN1250
KONTAKTY,POZNAMKA,19,261,1,8,,,0,0,WIN1250
KONTAKTY,DAT_ZAR,20,12,0,4,,,0,0,
KONTAKTY,LOG_DATE,21,35,0,8,,,0,1,
KONTAKTY,LOG_USER,22,14,0,31,31,,0,1,WIN1250
KRAJE,IDR,0,8,0,4,,0,0,1,
KRAJE,KOD,1,14,0,2,2,,0,1,WIN1250
KRAJE,POPIS,2,14,0,20,20,,0,1,WIN1250
KRAJE,DATUMOD,3,12,0,4,,,0,1,
KRAJE,DATUMDO,4,12,0,4,,,0,1,
KRAJE,AKTIVNI,5,14,0,1,1,,0,1,WIN1250
KRAJE,AKRONYM,6,14,0,2,2,,0,0,WIN1250
KRAJE,NUTS3_KOD,7,14,0,5,5,,0,0,WIN1250
KSYMBOL,IDR,0,8,0,4,,0,0,1,
KSYMBOL,KOD,1,14,0,4,4,,0,1,WIN1250
KSYMBOL,POPIS,2,14,0,50,50,,0,1,WIN1250
KSYMBOL,AKTIVNI,3,14,0,1,1,,0,1,WIN1250
KURZY,IDR,0,8,0,4,,0,0,1,
KURZY,DATUM,1,12,0,4,,,0,1,
KURZY,DATUMBAN,2,12,0,4,,,0,0,
KURZY,MENA,3,14,0,3,3,,0,1,WIN1250
KURZY,KURZ_ZAHR,4,16,1,8,,13,-6,1,
KURZY,KURZ_SK,5,16,1,8,,13,-6,1,
KURZY,ZBANKY,6,14,0,1,1,,0,1,WIN1250
KURZY,LOG_DATE,7,35,0,8,,,0,1,
KURZY,LOG_USER,8,14,0,31,31,,0,1,WIN1250
KURZY,UPDCNT,9,8,0,4,,0,0,1,
KURZYCEL,IDR,0,8,0,4,,0,0,1,
KURZYCEL,DATUM,1,12,0,4,,,0,1,
KURZYCEL,MENA,2,14,0,3,3,,0,1,WIN1250
KURZYCEL,KURZ_ZAHR,3,16,1,8,,13,-6,1,
KURZYCEL,KURZ_SK,4,16,1,8,,13,-6,1,
MAJET,IDR,0,8,0,4,,0,0,1,
MAJET,CISLO,1,14,0,10,10,,0,1,WIN1250
MAJET,NAZEV,2,14,0,50,50,,0,1,WIN1250
MAJET,DRUH,3,14,0,1,1,,0,1,WIN1250
MAJET,KOD,4,14,0,14,14,,0,1,WIN1250
MAJET,POPIS,5,14,0,60,60,,0,1,WIN1250
MAJET,SKP,6,14,0,10,10,,0,1,WIN1250
MAJET,TRIDAZAU,7,14,0,5,5,,0,1,WIN1250
MAJET,STREDISKO,8,14,0,6,6,,0,1,WIN1250
MAJET,MISTO,9,14,0,6,6,,0,1,WIN1250
MAJET,CISLO_ZAK,10,14,0,15,15,,0,1,WIN1250
MAJET,VOLKAT1,11,14,0,20,20,,0,1,WIN1250
MAJET,VOLKAT2,12,14,0,20,20,,0,1,WIN1250
MAJET,ZPUSPORIZ,13,14,0,40,40,,0,1,WIN1250
MAJET,SPOSOBVYRA,14,14,0,50,50,,0,1,WIN1250
MAJET,CISLODOKL,15,14,0,20,20,,0,1,WIN1250
MAJET,POZNAMKA,16,261,1,8,,,0,0,WIN1250
MAJET,DATUMPORIZ,17,12,0,4,,,0,1,
MAJET,DATUMZAEV,18,12,0,4,,,0,1,
MAJET,DATUMVYEV,19,12,0,4,,,0,0,
MAJET,DATUMZAOD,20,12,0,4,,,0,0,
MAJET,POVSTCENA,21,16,1,8,,15,-2,1,
MAJET,PODAZUCENA,22,16,1,8,,15,-2,1,
MAJET,POUCZUCENA,23,16,1,8,,15,-2,1,
MAJET,DRUHODPISU,24,14,0,1,1,,0,1,WIN1250
MAJET,ODPISSKUP,25,14,0,2,2,,0,1,WIN1250
MAJET,PZVYSODPIS,26,7,1,2,,2,0,1,
MAJET,PROCDANODP,27,8,1,4,,6,-2,1,
MAJET,MESDANODP,28,7,1,2,,4,0,1,
MAJET,MESDANPTZ,29,7,1,2,,4,0,1,
MAJET,MESUCEODP,30,7,1,2,,4,0,1,
MAJET,UCODDLEDAN,31,14,0,1,1,,0,1,WIN1250
MAJET,PRERUSUCOD,32,14,0,1,1,,0,1,WIN1250
MAJET,POODPSAZBA,33,8,1,4,,5,-2,1,
MAJET,POCZUSCENA,34,16,1,8,,15,-2,1,
MAJET,POROCODPIS,35,16,1,8,,15,-2,1,
MAJET,POZVYSCENY,36,16,1,8,,15,-2,1,
MAJET,PPO,37,7,1,2,,2,0,1,
MAJET,PPOPTZ,38,7,1,2,,2,0,1,
MAJET,DANZUSCENA,39,16,1,8,,15,-2,1,
MAJET,UCEZUSCENA,40,16,1,8,,15,-2,1,
MAJET,CELKCENA,41,16,1,8,,15,-2,1,
MAJET,UPDCNT,42,8,0,4,,0,0,1,
MENY,IDR,0,8,0,4,,0,0,1,
MENY,KOD,1,14,0,3,3,,0,1,WIN1250
MENY,NAZEV,2,14,0,30,30,,0,1,WIN1250
MENY,ZKRATKA,3,14,0,6,6,,0,1,WIN1250
MENY,AKTIVNI,4,14,0,1,1,,0,1,WIN1250
MENY,ZAOKCELKJD,5,16,1,8,,12,-4,1,
MENY,ZAOKCELKZP,6,7,1,2,,1,0,1,
MENY,DROBNE_ZKR,7,14,0,6,6,,0,1,WIN1250
MENY,DROBNE_DEL,8,8,1,4,,6,0,1,
MENY,UPDCNT,9,8,0,4,,0,0,1,
MERJEDN,IDR,0,8,0,4,,0,0,1,
MERJEDN,KOD,1,14,0,3,3,,0,1,WIN1250
MERJEDN,POPIS,2,14,0,45,45,,0,1,WIN1250
MOARCHIV,IDR,0,8,0,4,,0,0,1,
MOARCHIV,CISPOK,1,7,1,2,,2,0,1,
MOARCHIV,DATCAS,2,35,0,8,,,0,1,
MOARCHIV,CISPARAG,3,8,1,4,,9,0,0,
MOARCHIV,IDPOH,4,8,0,4,,0,0,0,
MOARCHIV,ADRESA,5,261,1,8,,,0,0,WIN1250
MOARCHIV,IDPROD,6,8,0,4,,0,0,1,
MOARCHIV,IDSCHVAL,7,8,0,4,,0,0,0,
MOARCHIV,UCNAZEV,8,14,0,15,15,,0,1,WIN1250
MOARCHIV,UCSTUL,9,14,0,4,4,,0,1,WIN1250
MOARCHIV,CENACELK,10,16,1,8,,15,-2,0,
MOARCHIV,PLACEHOT,11,16,1,8,,15,-2,0,
MOARCHIV,PLACEKAR,12,16,1,8,,15,-2,0,
MOARCHIV,VRACENO,13,16,1,8,,15,-2,1,
MOARCHIV,PREPLAC,14,16,1,8,,15,-2,1,
MOARCHIV,ZAOKROZ,15,16,1,8,,15,-2,1,
MOARCHIV,TYPKAR,16,7,1,2,,3,0,0,
MOARCHIV,CISPLATKAR,17,14,0,20,20,,0,1,WIN1250
MOARCHIV,ZAKZAKL,18,16,1,8,,15,-2,0,
MOARCHIV,DPHZAKL,19,16,1,8,,15,-2,0,
MOARCHIV,ZAKSNIZ,20,16,1,8,,15,-2,0,
MOARCHIV,DPHSNIZ,21,16,1,8,,15,-2,0,
MOARCHIV,ZAKOSVO,22,16,1,8,,15,-2,0,
MOARCHIV,ZAKMIMO,23,16,1,8,,15,-2,0,
MOARCHIV,SLEVY,24,16,1,8,,15,-2,0,
MOARCHIV,STORNA,25,16,1,8,,15,-2,0,
MOARCHIV,VROBALY,26,16,1,8,,15,-2,0,
MOARCHIV,EET_STAV,27,7,1,2,,1,0,1,
MOARCHIV,STORNOID,28,14,0,44,44,,0,1,WIN1250
MOATOTAL,IDR,0,8,0,4,,0,0,1,
MOATOTAL,IDMR,1,8,0,4,,0,0,1,
MOATOTAL,TYPDPH,2,7,1,2,,2,0,1,
MOATOTAL,TYPSAZBY,3,7,1,2,,1,0,1,
MOATOTAL,SAZBADPH,4,8,1,4,,5,-2,1,
MOATOTAL,MENA,5,14,0,3,3,,0,1,WIN1250
MOATOTAL,ZAKLAD,6,16,1,8,,15,-2,1,
MOATOTAL,DPH,7,16,1,8,,15,-2,1,
MOATOTAL,DZAKLAD,8,16,1,8,,15,-2,1,
MOATOTAL,DDPH,9,16,1,8,,15,-2,1,
MOATOTAL,DOPOCZAKL,10,16,1,8,,15,-2,1,
MOATOTAL,DOPOCDPH,11,16,1,8,,15,-2,1,
MOATOTAL,DDOPOCZAKL,12,16,1,8,,15,-2,1,
MOATOTAL,DDOPOCDPH,13,16,1,8,,15,-2,1,
MOATOTAL,ODPOCETDPH,14,16,1,8,,15,-2,1,
MODILOG,IDMODI,0,8,0,4,,0,0,1,
MODILOG,TABLENAME,1,14,0,31,31,,0,1,WIN1250
MOHOTOVOST,IDR,0,8,0,4,,0,0,1,
MOHOTOVOST,CISPOK,1,7,1,2,,2,0,1,
MOHOTOVOST,IDPROD,2,8,0,4,,0,0,1,
MOHOTOVOST,KDY,3,35,0,8,,,0,0,
MOHOTOVOST,KOMU,4,14,0,20,20,,0,1,WIN1250
MOHOTOVOST,UCEL,5,261,1,8,,,0,0,WIN1250
MOHOTOVOST,CASTKA,6,16,1,8,,15,-2,0,
MOHOTOVOST,IDUZAV,7,8,0,4,,0,0,0,
MOHOTOVOST,FAKTURA,8,14,0,1,1,,0,1,WIN1250
MOHOTOVOST,PLATKAR,9,14,0,1,1,,0,1,WIN1250
MOJMENA,IDR,0,8,0,4,,0,0,1,
MOJMENA,JMENO,1,14,0,30,30,,0,1,WIN1250
MOJMENA,HESLO,2,14,0,10,10,,0,1,WIN1250
MOJMENA,PRAVA,3,8,1,4,,9,0,0,
MOJMENA,PCENY,4,8,1,4,,9,0,0,
MOJMENA,SKLAD,5,7,1,2,,3,0,0,
MONAST,KASAID,0,7,1,2,,3,0,1,
MONAST,ITEMNAME,1,14,0,20,20,,0,1,WIN1250
MONAST,PARTNO,2,7,1,2,,3,0,1,
MONAST,ITEMVALUE,3,14,0,30,30,,0,1,WIN1250
MOPLATBY,IDR,0,8,0,4,,0,0,1,
MOPLATBY,IDRARCH,1,8,0,4,,0,0,1,
MOPLATBY,TYP,2,7,1,2,,2,0,1,
MOPLATBY,PLACENO,3,16,1,8,,15,-2,1,
MOPLATBY,CASTKA,4,16,1,8,,15,-2,1,
MOPLATBY,PROCENTO,5,16,1,8,,15,-2,1,
MOPLATBY,MENA,6,14,0,3,3,,0,1,WIN1250
MOPLATBY,KURZ_ZAHR,7,16,1,8,,13,-6,1,
MOPLATBY,KURZ_SK,8,16,1,8,,13,-6,1,
MOPLATBY,TYPKAR,9,7,1,2,,3,0,0,
MOPLATBY,CISPLATKAR,10,14,0,20,20,,0,1,WIN1250
MOPLATBY,CARDPOS,11,261,1,8,,,0,0,WIN1250
MOPLATBY,POCET,12,8,1,4,,9,0,1,
MORUCET,IDR,0,8,0,4,,0,0,1,
MORUCET,IDUCET,1,8,0,4,,0,0,1,
MORUCET,CISLO,2,7,1,2,,4,0,1,
MORUCET,DATCAS,3,35,0,8,,,0,1,
MORUCET,POZNAMKA,4,14,0,70,70,,0,1,WIN1250
MORUCET,CISPOK,5,7,1,2,,2,0,1,
MORUCET,IDPROD,6,8,0,4,,0,0,0,
MOTOTAL,IDR,0,8,0,4,,0,0,1,
MOTOTAL,IDMR,1,8,0,4,,0,0,1,
MOTOTAL,TYPDPH,2,7,1,2,,2,0,1,
MOTOTAL,TYPSAZBY,3,7,1,2,,1,0,1,
MOTOTAL,SAZBADPH,4,8,1,4,,5,-2,1,
MOTOTAL,MENA,5,14,0,3,3,,0,1,WIN1250
MOTOTAL,ZAKLAD,6,16,1,8,,15,-2,1,
MOTOTAL,DPH,7,16,1,8,,15,-2,1,
MOTOTAL,DZAKLAD,8,16,1,8,,15,-2,1,
MOTOTAL,DDPH,9,16,1,8,,15,-2,1,
MOTOTAL,DOPOCZAKL,10,16,1,8,,15,-2,1,
MOTOTAL,DOPOCDPH,11,16,1,8,,15,-2,1,
MOTOTAL,DDOPOCZAKL,12,16,1,8,,15,-2,1,
MOTOTAL,DDOPOCDPH,13,16,1,8,,15,-2,1,
MOTOTAL,ODPOCETDPH,14,16,1,8,,15,-2,1,
MOUCET,IDR,0,8,0,4,,0,0,1,
MOUCET,CISPOK,1,7,1,2,,2,0,1,
MOUCET,IDPROD,2,8,0,4,,0,0,1,
MOUCET,ROZPRACOVANY,3,14,0,2,2,,0,1,WIN1250
MOUCET,NAZEV,4,14,0,15,15,,0,1,WIN1250
MOUCET,STUL,5,14,0,4,4,,0,1,WIN1250
MOUCET,C_CENY,6,7,1,2,,1,0,1,
MOUCET,ICOODB,7,14,0,12,12,,0,1,WIN1250
MOUCET,ZAKKARTA,8,14,0,20,20,,0,1,WIN1250
MOUCET,SLEVKARTYP,9,7,1,2,,2,0,1,
MOUCET,STORNOID,10,14,0,44,44,,0,1,WIN1250
MOUCETPOL,IDR,0,8,0,4,,0,0,1,
MOUCETPOL,IDUCET,1,8,0,4,,0,0,1,
MOUCETPOL,PORADI,2,7,1,2,,4,0,1,
MOUCETPOL,IDSKARTA,3,8,0,4,,0,0,0,
MOUCETPOL,PCENAMJ,4,16,1,8,,17,-6,0,
MOUCETPOL,POCETMJ,5,16,1,8,,15,-6,0,
MOUCETPOL,OBJEDMJ,6,16,1,8,,15,-6,0,
MOUCETPOL,SLEVAMJ,7,16,1,8,,17,-6,1,
MOUCETPOL,ZLAVA,8,8,1,4,,6,-2,1,
MOUCETPOL,SADZBADPH,9,8,1,4,,5,-2,0,
MOUCETPOL,DAN0,10,7,1,2,,1,0,1,
MOUCETPOL,VOUCHER,11,14,0,50,50,,0,1,WIN1250
MOUCETPOL,DATOBJED,12,12,0,4,,,0,0,
MOUCETPOL,CISLOOBJED,13,14,0,20,20,,0,1,WIN1250
MOUCETPOL,ORIGCISLO,14,14,0,50,50,,0,1,WIN1250
MOUCETPOL,DATDODANI,15,12,0,4,,,0,0,
MOUCETPOL,IDOBJPRPOL,16,8,0,4,,0,0,0,
MOUCETPOL,IDRPOLR,17,8,0,4,,0,0,0,
MOUCETPOL,POCETMJS,18,16,1,8,,15,-6,1,
MOUZAVERKY,IDR,0,8,0,4,,0,0,1,
MOUZAVERKY,CISPOK,1,7,1,2,,2,0,1,
MOUZAVERKY,PORADI,2,7,1,2,,3,0,1,
MOUZAVERKY,TYP,3,14,0,1,1,,0,1,WIN1250
MOUZAVERKY,DATCAS,4,35,0,8,,,0,0,
MOUZAVERKY,IDPROD,5,8,0,4,,0,0,1,
MOUZAVERKY,POCETPAR,6,8,1,4,,9,0,0,
MOUZAVERKY,TRZBAKAR,7,16,1,8,,15,-2,0,
MOUZAVERKY,TRZBAHOT,8,16,1,8,,15,-2,0,
MOUZAVERKY,ZAKZAKL,9,16,1,8,,15,-2,0,
MOUZAVERKY,DPHZAKL,10,16,1,8,,15,-2,0,
MOUZAVERKY,ZAKSNIZ,11,16,1,8,,15,-2,0,
MOUZAVERKY,DPHSNIZ,12,16,1,8,,15,-2,0,
MOUZAVERKY,ZAKOSVO,13,16,1,8,,15,-2,0,
MOUZAVERKY,ZAKMIMO,14,16,1,8,,15,-2,0,
MOUZAVERKY,SLEVY,15,16,1,8,,15,-2,0,
MOUZAVERKY,STORNA,16,16,1,8,,15,-2,0,
MOUZAVERKY,VROBALY,17,16,1,8,,15,-2,0,
MOVYRCIS,IDR,0,8,0,4,,0,0,1,
MOVYRCIS,IDPOL,1,8,0,4,,0,0,1,
MOVYRCIS,IDSKKUS,2,8,0,4,,0,0,1,
MOVYRCIS,POCETMJ,3,16,1,8,,15,-6,0,
MOZBOZI,IDR,0,8,0,4,,0,0,1,
MOZBOZI,CISPOK,1,7,1,2,,2,0,1,
MOZBOZI,CISKAT,2,8,1,4,,8,0,1,
MOZBOZI,UCISKAT,3,8,1,4,,8,0,0,
MOZBOZI,TYPKAT,4,7,1,2,,1,0,1,
MOZBOZI,POPIS,5,14,0,40,40,,0,1,WIN1250
MOZBOZI,PORADIKAT,6,8,1,4,,8,0,1,
MOZBOZI,IDSKARTA,7,8,0,4,,0,0,0,
MXCINNOST,IDR,0,8,0,4,,0,0,1,
MXCINNOST,CINNOST,1,14,0,40,40,,0,1,WIN1250
MXCINNOST,VYCHOZI,2,14,0,1,1,,0,1,WIN1250
MXCINNOSTDET,IDR,0,8,0,4,,0,0,1,
MXCINNOSTDET,IDR_CIN,1,8,0,4,,0,0,1,
MXCINNOSTDET,ID_MZDC,2,7,1,2,,4,0,0,
MXCINNOSTDET,HODNOTA,3,16,1,8,,15,-2,0,
MXDAVKY,IDR,0,8,0,4,,0,0,1,
MXDAVKY,IDR_PRED,1,8,0,4,,0,0,0,
MXDAVKY,IDR_DRUH,2,8,0,4,,0,0,1,
MXDAVKY,ID_OSOBY,3,8,0,4,,0,0,1,
MXDAVKY,ROKMES,4,8,1,4,,6,0,1,
MXDAVKY,DNI_PRED,5,7,1,2,,4,0,0,
MXDAVKY,PRDNI_PRED,6,7,1,2,,4,0,0,
MXDAVKY,ZACATEK,7,12,0,4,,,0,1,
MXDAVKY,KONEC,8,12,0,4,,,0,0,
MXDAVKY,DOKLAD,9,14,0,20,20,,0,1,WIN1250
MXDAVKY,ID_POMERU,10,8,0,4,,0,0,0,
MXDAVKY,OBD_ZAC,11,12,0,4,,,0,1,
MXDAVKY,OBD_KON,12,12,0,4,,,0,1,
MXDAVKY,ZAKL1,13,16,1,8,,15,-2,0,
MXDAVKY,ZAKL2,14,16,1,8,,15,-2,0,
MXDAVKY,DNI0,15,7,1,2,,4,0,0,
MXDAVKY,DDAV0,16,16,1,8,,15,-2,0,
MXDAVKY,DNI1,17,7,1,2,,4,0,0,
MXDAVKY,DDAV1,18,16,1,8,,15,-2,0,
MXDAVKY,DNI1A,19,7,1,2,,4,0,0,
MXDAVKY,DDAV1A,20,16,1,8,,15,-2,0,
MXDAVKY,DNI1B,21,7,1,2,,4,0,0,
MXDAVKY,DDAV1B,22,16,1,8,,15,-2,0,
MXDAVKY,DNI2,23,7,1,2,,4,0,0,
MXDAVKY,DDAV2,24,16,1,8,,15,-2,0,
MXDAVKY,HOD1,25,8,1,4,,5,-2,0,
MXDAVKY,HODSM,26,8,1,4,,5,-2,0,
MXDAVKY,PR_DNI,27,8,1,4,,6,-2,0,
MXDAVKY,PODP_NE,28,14,0,1,1,,0,1,WIN1250
MXDAVKY,KOREKCE,29,16,1,8,,15,-2,0,
MXDAVKY,KOR_DNI,30,7,1,2,,4,0,0,
MXDAVKY,KRAC_NA50,31,14,0,1,1,,0,1,WIN1250
MXDAVKY,NAHR_ZAK,32,16,1,8,,15,-2,0,
MXDAVKY,NAHR_NAD,33,16,1,8,,15,-2,0,
MXDAVKY,HOD_USEK1,34,8,1,4,,5,-2,0,
MXDAVKY,IZOLPRI_CASTKA,35,16,1,8,,15,-2,0,
MXDAVKY,IZOLPRI_UPLATNIT,36,14,0,1,1,,0,1,WIN1250
MXDAVKY,IZOLPRI_ZAMKNUTO,37,14,0,1,1,,0,1,WIN1250
MXDAVKY,IZOLPRI_TYPVYP,38,7,1,2,,1,0,0,
MXDAVKY,DVZ_HODNOTA,39,16,1,8,,17,-4,0,
MXDAVKY,DVZ_VZ,40,16,1,8,,15,-2,0,
MXDAVKY,DVZ_DNI,41,7,1,2,,4,0,0,
MXDAVKY,PLATNY_DVZ,42,7,1,2,,1,0,0,
MXDAVKY,DVZ_MINULE,43,14,0,1,1,,0,1,WIN1250
MXDAVKY,ZMENA_DAT,44,14,0,5,5,,0,1,WIN1250
MXDAVKY,NAHR0,45,16,1,8,,15,-6,0,
MXDAVKY,NAHR1,46,16,1,8,,15,-6,0,
MXDAVKY,ZRAZ_DNI,47,7,1,2,,4,0,0,
MXDAVKY,ZRAZ_NAHR,48,16,1,8,,15,-6,0,
MXDAVKY,NAHR_SPOLU,49,16,1,8,,15,-2,0,
MXDAVKY,BEZ_EV_ZAC,50,14,0,1,1,,0,1,WIN1250
MXDAVKY,DOPL_ZAC,51,12,0,4,,,0,0,
MXDAVKY,DOPLAT_DNI,52,7,1,2,,2,0,0,
MXDAVKYDRUH,IDR,0,8,0,4,,0,0,1,
MXDAVKYDRUH,PLATI_OD,1,12,0,4,,,0,0,
MXDAVKYDRUH,PLATI_DO,2,12,0,4,,,0,0,
MXDAVKYDRUH,ZKRATKA,3,14,0,5,5,,0,1,WIN1250
MXDAVKYDRUH,NAZEV,4,14,0,60,60,,0,1,WIN1250
MXDAVKYDRUH,PER_D,5,8,1,4,,6,-2,0,
MXDAVKYDRUH,I_DNI1,6,7,1,2,,4,0,0,
MXDAVKYDRUH,PER_D1,7,8,1,4,,6,-2,0,
MXDAVKYDRUH,I_DNI1A,8,7,1,2,,4,0,0,
MXDAVKYDRUH,PER_D1A,9,8,1,4,,6,-2,0,
MXDAVKYDRUH,I_DNI1B,10,7,1,2,,4,0,0,
MXDAVKYDRUH,PER_D1B,11,8,1,4,,6,-2,0,
MXDAVKYDRUH,I_DNI2,12,7,1,2,,4,0,0,
MXDAVKYDRUH,PER_D2,13,8,1,4,,6,-2,0,
MXDAVKYDRUH,PER_L11,14,8,1,4,,6,-2,0,
MXDAVKYDRUH,HRAN11,15,16,1,8,,15,-2,0,
MXDAVKYDRUH,PER_L12,16,8,1,4,,6,-2,0,
MXDAVKYDRUH,HRAN12,17,16,1,8,,15,-2,0,
MXDAVKYDRUH,PER_L21,18,8,1,4,,6,-2,0,
MXDAVKYDRUH,HRAN21,19,16,1,8,,15,-2,0,
MXDAVKYDRUH,PER_L22,20,8,1,4,,6,-2,0,
MXDAVKYDRUH,HRAN22,21,16,1,8,,15,-2,0,
MXDAVKYDRUH,PERN_L1,22,8,1,4,,6,-2,0,
MXDAVKYDRUH,HRAN_L1,23,16,1,8,,15,-2,0,
MXDAVKYDRUH,PERN_L2,24,8,1,4,,6,-2,0,
MXDAVKYDRUH,HRAN_L2,25,16,1,8,,15,-2,0,
MXDAVKYDRUH,PERN_L3,26,8,1,4,,6,-2,0,
MXDAVKYDRUH,HRAN_L3,27,16,1,8,,15,-2,0,
MXDAVKYDRUH,PER_N,28,8,1,4,,6,-2,0,
MXDAVKYDRUH,N_DNI,29,7,1,2,,4,0,0,
MXDAVKYDRUH,PER_N1,30,8,1,4,,6,-2,0,
MXDAVKYDRUH,N_DNI1,31,7,1,2,,4,0,0,
MXDAVKYDRUH,ZPUS_VYPOC,32,7,1,2,,1,0,0,
MXDAVKYDRUH,IDMC_KDNI,33,8,0,4,,0,0,0,
MXDAVKYDRUH,IDMC_PDNI,34,8,0,4,,0,0,0,
MXDAVKYDRUH,IDMC_DAVKA,35,8,0,4,,0,0,0,
MXDAVKYDRUH,IDMC_NAH_Z,36,8,0,4,,0,0,0,
MXDAVKYDRUH,IDMC_NAH_N,37,8,0,4,,0,0,0,
MXDDSZAM,IDR,0,8,0,4,,0,0,1,
MXDDSZAM,IDR_DDS,1,8,0,4,,0,0,1,
MXDDSZAM,ID_POMERU,2,8,0,4,,0,0,1,
MXDDSZAM,IDR_PLATBY,3,8,0,4,,0,0,0,
MXDDSZAM,PLATI_OD,4,12,0,4,,,0,1,
MXDDSZAM,PLATI_DO,5,12,0,4,,,0,0,
MXDDSZAM,JE_ZAMEST_ZMLUVA,6,14,0,1,1,,0,1,WIN1250
MXDDSZAM,JE_UCAST_ZMLUVA,7,14,0,1,1,,0,1,WIN1250
MXDDSZAM,CIS_UCAST_ZMLUVY,8,14,0,20,20,,0,0,WIN1250
MXDDSZAM,VYPOC_ZAM,9,7,1,2,,1,0,0,
MXDDSZAM,SUMA_ZAM,10,16,1,8,,15,-2,0,
MXDDSZAM,PERC_ZAM,11,8,1,4,,5,-2,0,
MXDDSZAM,MAX_PRISP_ZAM,12,16,1,8,,15,-2,0,
MXDDSZAM,VYPOC_ORG,13,7,1,2,,1,0,0,
MXDDSZAM,SUMA_ORG,14,16,1,8,,15,-2,0,
MXDDSZAM,PERC_ORG,15,8,1,4,,5,-2,0,
MXDDSZAM,MAX_PRISP_ORG,16,16,1,8,,15,-2,0,
MXDOCHAZKA,IDR,0,8,0,4,,0,0,1,
MXDOCHAZKA,ID_POMERU,1,8,0,4,,0,0,1,
MXDOCHAZKA,ZACATEK,2,35,0,8,,,0,1,
MXDOCHAZKA,TRVANI,3,7,1,2,,4,0,0,
MXDOCHAZKA,CINNOST,4,14,0,40,40,,0,1,WIN1250
MXDOCHAZKA,UC_DATUM,5,12,0,4,,,0,1,
MXDOCHAZKA,DOCASNY,6,14,0,1,1,,0,0,WIN1250
MXDOCHAZKA,IDR_DAVKY,7,8,0,4,,0,0,0,
MXDOCHDOBY,IDR,0,8,0,4,,0,0,1,
MXDOCHDOBY,ID_POMERU,1,8,0,4,,0,0,1,
MXDOCHDOBY,ID_DOCHCIS,2,8,0,4,,0,0,1,
MXDOCHDOBY,DATUM_OD,3,12,0,4,,,0,1,
MXDOCHDOBY,DATUM_DO,4,12,0,4,,,0,0,
MXDOCHDOBY,SKUT_ZAC,5,12,0,4,,,0,0,
MXDOCHUC,IDR,0,8,0,4,,0,0,1,
MXDOCHUC,IDR_DOCH,1,8,0,4,,0,0,1,
MXDOCHUC,PRIPOCITAT,2,16,1,8,,15,-2,0,
MXDOCHUC,ID_MZDC,3,7,1,2,,4,0,0,
MXDRUHCINOSSZ,DRUH,0,14,0,1,1,,0,1,WIN1250
MXDRUHCINOSSZ,DRUH_OLD,1,14,0,1,1,,0,1,WIN1250
MXDRUHCINOSSZ,TEXT,2,14,0,60,60,,0,1,WIN1250
MXDRUHYPOM,IDR,0,8,0,4,,0,0,1,
MXDRUHYPOM,ZKR,1,14,0,7,7,,0,1,WIN1250
MXDRUHYPOM,NAZEV,2,14,0,100,100,,0,1,WIN1250
MXDRUHYPOM,DOVOLENA,3,14,0,1,1,,0,1,WIN1250
MXDRUHYPOM,DOV_PRUM,4,14,0,1,1,,0,1,WIN1250
MXDRUHYPOM,DOPLMINMZDY,5,14,0,1,1,,0,1,WIN1250
MXELDP,IDR,0,8,0,4,,0,0,1,
MXELDP,ID_POMERU,1,8,0,4,,0,0,1,
MXELDP,DATCAS_VYTV,2,35,0,8,,,0,1,
MXELDP,DATCAS_MODIF,3,35,0,8,,,0,0,
MXELDP,DAT_ODOSL,4,12,0,4,,,0,0,
MXELDPDET,IDR,0,8,0,4,,0,0,1,
MXELDPDET,IDR_ELDP,1,8,0,4,,0,0,1,
MXELDPDET,DATCAS_VYTV,2,35,0,8,,,0,1,
MXELDPDET,DATCAS_MODIF,3,35,0,8,,,0,0,
MXELDPDET,ROK,4,7,1,2,,4,0,1,
MXELDPDET,DATUM_OD,5,12,0,4,,,0,0,
MXELDPDET,DATUM_DO,6,12,0,4,,,0,0,
MXELDPDET,ZNAK_POIST,7,14,0,2,2,,0,0,WIN1250
MXELDPDET,VZ,8,16,1,8,,15,-2,0,
MXELDPDET,VZ_VYLDOB,9,16,1,8,,15,-2,0,
MXELDPDET,DNI_VYLDOB,10,7,1,2,,3,0,0,
MXELDPDET,DNI_VYLROK,11,7,1,2,,3,0,0,
MXELDPDET,POVOD,12,7,1,2,,1,0,0,
MXEVIDSTAV,KOD,0,7,1,2,,1,0,1,
MXEVIDSTAV,TEXT,1,14,0,50,50,,0,1,WIN1250
MXEVIDSTAV,ID_DOCH,2,7,1,2,,2,0,0,
MXEXEK,IDR,0,8,0,4,,0,0,1,
MXEXEK,ID_OSOBY,1,8,0,4,,0,0,1,
MXEXEK,ID_POMERU,2,8,0,4,,0,0,1,
MXEXEK,POPIS,3,14,0,60,60,,0,1,WIN1250
MXEXEK,SML_ZAK,4,14,0,1,1,,0,1,WIN1250
MXEXEK,PRI,5,7,1,2,,1,0,0,
MXEXEK,STAV,6,7,1,2,,1,0,0,
MXEXEK,DAT_ROZH,7,12,0,4,,,0,1,
MXEXEK,PERIODA,8,7,1,2,,2,0,0,
MXEXEK,DAT_ZAC,9,12,0,4,,,0,1,
MXEXEK,DAT_KON,10,12,0,4,,,0,0,
MXEXEK,ZPUSOB,11,7,1,2,,1,0,0,
MXEXEK,HODNOTA,12,16,1,8,,15,-2,0,
MXEXEK,CELKEM,13,16,1,8,,15,-2,0,
MXEXEK,NEDOPLATKY,14,14,0,1,1,,0,1,WIN1250
MXEXEK,ID_MZDC,15,7,1,2,,4,0,1,
MXEXEK,IDR_PLATBY,16,8,0,4,,0,0,0,
MXEXEK,NARIZUJICIORGAN,17,14,0,60,60,,0,1,WIN1250
MXFOTO,IDR,0,8,0,4,,0,0,1,
MXFOTO,FOTO,1,261,0,8,,,0,0,
MXHROZN,IDR,0,8,0,4,,0,0,1,
MXHROZN,KOD_POJ,1,14,0,3,3,,0,1,WIN1250
MXHROZN,KOD_ZM,2,14,0,1,1,,0,1,WIN1250
MXHROZN,CPOJ,3,14,0,10,10,,0,1,WIN1250
MXHROZN,PRIJM,4,14,0,30,30,,0,1,WIN1250
MXHROZN,JMENO,5,14,0,30,30,,0,1,WIN1250
MXHROZN,DAT_ZM,6,12,0,4,,,0,0,
MXHROZN,ULICE,7,14,0,50,50,,0,1,WIN1250
MXHROZN,OBEC,8,14,0,30,30,,0,1,WIN1250
MXHROZN,PSC,9,14,0,5,5,,0,1,WIN1250
MXHROZN,DAT_T,10,12,0,4,,,0,0,
MXICSE,KOD,0,7,1,2,,4,0,1,
MXICSE,POPIS,1,14,0,60,60,,0,1,WIN1250
MXICSE,ISP,2,14,0,1,1,,0,1,WIN1250
MXICSE,ISPVP,3,14,0,1,1,,0,1,WIN1250
MXICSE,ISSPR,4,14,0,1,1,,0,1,WIN1250
MXIDMZDC,IDPOL,0,7,1,2,,4,0,1,
MXIDMZDC,JMENO,1,14,0,30,30,,0,1,WIN1250
MXIDMZDC,PORADI,2,7,1,2,,4,0,1,
MXIDMZDC,ID_VISUAL,3,7,1,2,,4,0,0,
MXIDOSOB,ID_OSOBY,0,8,0,4,,0,0,1,
MXIDPOMERU,ID_POMERU,0,8,0,4,,0,0,1,
MXIDPOMERU,ISP_NEUV,1,14,0,1,1,,0,1,WIN1250
MXIMPDOCHKODY,IDR,0,8,0,4,,0,0,1,
MXIMPDOCHKODY,IMPKOD,1,14,0,5,5,,0,1,WIN1250
MXIMPDOCHKODY,INTIMPKOD,2,8,1,4,,5,0,0,
MXIMPDOCHKODY,IDMZDPOL,3,8,1,4,,5,0,1,
MXIMPDOCHKODY,IDRPRACE,4,8,1,4,,5,0,0,
MXIMPDOCHKODY,ADDSUB,5,14,0,1,1,,0,1,WIN1250
MXISPMZD,EXPOL,0,14,0,20,20,,0,1,WIN1250
MXISPMZD,ID_MZDC,1,7,1,2,,4,0,1,
MXISPMZD,ADDSUB,2,14,0,1,1,,0,1,WIN1250
MXISPMZD,NASOBUVA,3,14,0,1,1,,0,1,WIN1250
MXISPMZD,UZIVDEF,4,14,0,1,1,,0,1,WIN1250
MXISPOLDET,EXPOL,0,14,0,20,20,,0,1,WIN1250
MXISPOLDET,NAZEV,1,14,0,80,80,,0,1,WIN1250
MXISPOLDET,PORADI,2,7,1,2,,3,0,0,
MXISPOLDET,AKRONYM,3,14,0,12,12,,0,1,WIN1250
MXISPOLDET,CISELNIK,4,14,0,20,20,,0,1,WIN1250
MXISPOLDET,TYP,5,14,0,1,1,,0,1,WIN1250
MXISPOLDET,VEL,6,8,1,4,,9,-1,0,
MXISPOLDET,MOD,7,7,1,2,,1,0,0,
MXISPOLDET,TBLFLD,8,14,0,15,15,,0,0,WIN1250
MXISPRUC,EXPOL,0,14,0,20,20,,0,1,WIN1250
MXISPRUC,ID_POMERU,1,8,0,4,,0,0,1,
MXISPRUC,HODNOTA,2,14,0,30,30,,0,0,WIN1250
MXKALVY,DEN,0,12,0,4,,,0,1,
MXKALVY,DRUH,1,14,0,1,1,,0,1,WIN1250
MXKODZAM,KOD,0,8,1,4,,6,0,1,
MXKODZAM,TEXT,1,14,0,140,140,,0,1,WIN1250
MXLAU,LAU1,0,14,0,6,6,,0,1,WIN1250
MXLAU,NAZEV,1,14,0,20,20,,0,1,WIN1250
MXMISTAVYKONU,IDR,0,8,0,4,,0,0,1,
MXMISTAVYKONU,NAZV_MISTO,1,14,0,80,80,,0,1,WIN1250
MXMISTAVYKONU,NAZV_OBEC,2,14,0,80,80,,0,1,WIN1250
MXMISTAVYKONU,KOD_OBEC,3,14,0,80,80,,0,1,WIN1250
MXMISTAVYKONU,NAZV_OKRES,4,14,0,80,80,,0,1,WIN1250
MXMZDCIS,IDR,0,8,0,4,,0,0,1,
MXMZDCIS,IDPOL,1,7,1,2,,4,0,1,
MXMZDCIS,PLATIOD,2,12,0,4,,,0,0,
MXMZDCIS,TYP,3,7,1,2,,2,0,1,
MXMZDCIS,NAZEV,4,14,0,60,60,,0,1,WIN1250
MXMZDCIS,NAZEV_ALT,5,14,0,60,60,,0,1,WIN1250
MXMZDCIS,PLATNA,6,14,0,1,1,,0,1,WIN1250
MXMZDCIS,NA_PASKU,7,14,0,1,1,,0,1,WIN1250
MXMZDCIS,TYPICKA,8,14,0,1,1,,0,1,WIN1250
MXMZDCIS,UCET_ZAM,9,14,0,1,1,,0,1,WIN1250
MXMZDCIS,TYP_ODV,10,14,0,2,2,,0,0,WIN1250
MXMZDCIS,ROD_PRISL,11,14,0,1,1,,0,1,WIN1250
MXMZDCIS,VYRAZ,12,261,1,8,,,0,0,WIN1250
MXMZDCIS,VYRAZ0,13,261,1,8,,,0,0,WIN1250
MXMZDCIS,ZAOK_ZPUS,14,7,1,2,,1,0,0,
MXMZDCIS,ZAOK_JED,15,8,1,4,,9,-4,0,
MXMZDCIS,JEDNOTKA,16,14,0,20,20,,0,0,WIN1250
MXMZDCIS,DO_PRUM_H,17,14,0,1,1,,0,0,WIN1250
MXMZDCIS,POCET_CTV,18,7,1,2,,1,0,0,
MXMZDCIS,DO_MM_MES,19,7,1,2,,1,0,0,
MXMZDCIS,DO_MM_INA,20,7,1,2,,1,0,0,
MXMZDCIS,JE_DEFVZ,21,14,0,1,1,,0,1,WIN1250
MXMZDCIS,JE_INTERNA,22,14,0,1,1,,0,1,WIN1250
MXMZDCIS,JE_VYCHOZI,23,14,0,1,1,,0,1,WIN1250
MXMZDCIS,SPOSOB_ZDAN,24,7,1,2,,1,0,0,
MXMZDCIS,TYP_VYPOCTU,25,7,1,2,,1,0,0,
MXMZDY,IDR,0,8,0,4,,0,0,1,
MXMZDY,ID_POMERU,1,8,0,4,,0,0,1,
MXMZDY,IDR_OBDOBI,2,8,0,4,,0,0,1,
MXMZDY,ROK,3,7,1,2,,4,0,1,
MXMZDY,MES,4,7,1,2,,2,0,1,
MXMZDY,UZAVRENA,5,14,0,1,1,,0,1,WIN1250
MXMZDY,SPOCITANA,6,14,0,1,1,,0,1,WIN1250
MXMZDY,STR_PREHL,7,7,1,2,,1,0,0,
MXMZDY,ROZSAH_SP,8,14,0,8,8,,0,1,WIN1250
MXMZDY,TYPVYP_NEPRPR,9,7,1,2,,1,0,0,
MXMZDYPOL,IDR,0,8,0,4,,0,0,1,
MXMZDYPOL,IDR_MZDY,1,8,0,4,,0,0,1,
MXMZDYPOL,ID_MZDC,2,7,1,2,,4,0,1,
MXMZDYPOL,HODNOTA,3,16,1,8,,17,-4,0,
MXMZDYPOL,NEPOCITAT,4,14,0,1,1,,0,1,WIN1250
MXMZDYPOL,IDR_PLATBY,5,8,0,4,,0,0,0,
MXMZDYPOL,DAT_PLAT,6,12,0,4,,,0,0,
MXMZDYPOL,IDR_ODVOD,7,8,0,4,,0,0,0,
MXMZDYPOL,IDR_RODPRI,8,8,0,4,,0,0,0,
MXMZDYPOL,IDR_EXEK,9,8,0,4,,0,0,0,
MXMZDYPOL,IDR_DDSZAM,10,8,0,4,,0,0,0,
MXNOTIFIKACEPN,IDR,0,8,0,4,,0,0,1,
MXNOTIFIKACEPN,ID_OSOBY,1,8,0,4,,0,0,0,
MXNOTIFIKACEPN,ID_POMERU,2,8,0,4,,0,0,0,
MXNOTIFIKACEPN,IDDATOVEZPRAVY,3,14,0,20,20,,0,1,WIN1250
MXNOTIFIKACEPN,DATUMCASDORUCENIDS,4,35,0,8,,,0,0,
MXNOTIFIKACEPN,DATUMCASIMPORTU,5,35,0,8,,,0,0,
MXNOTIFIKACEPN,TYPNOTIFIKACE,6,7,1,2,,1,0,0,
MXNOTIFIKACEPN,IDNOTIFIKACE,7,14,0,38,38,,0,1,WIN1250
MXNOTIFIKACEPN,CISLOROZHODNUTI,8,14,0,18,18,,0,1,WIN1250
MXNOTIFIKACEPN,IDPRIPADU,9,14,0,38,38,,0,1,WIN1250
MXNOTIFIKACEPN,JMENO,10,14,0,100,100,,0,1,WIN1250
MXNOTIFIKACEPN,PRIJMENI,11,14,0,100,100,,0,1,WIN1250
MXNOTIFIKACEPN,DATUMNAROZENI,12,12,0,4,,,0,0,
MXNOTIFIKACEPN,RODNECISLO,13,14,0,10,10,,0,1,WIN1250
MXNOTIFIKACEPN,DATUMNESCHOPENOD,14,12,0,4,,,0,0,
MXNOTIFIKACEPN,DATUMVYSTAVENIKEDNI,15,12,0,4,,,0,0,
MXNOTIFIKACEPN,DATUMNESCHOPENDO,16,12,0,4,,,0,0,
MXNOTIFIKACEPN,PRACOVNIURAZ,17,14,0,1,1,,0,1,WIN1250
MXNOTIFIKACEPN,URAZJINAOSOBA,18,14,0,1,1,,0,1,WIN1250
MXNOTIFIKACEPN,ALKOHOLOMAMNELATKY,19,14,0,1,1,,0,1,WIN1250
MXNOTIFIKACEPN,DATAXML,20,261,0,8,,,0,0,
MXNOTIFIKACEPN,DATAPDF,21,261,0,8,,,0,0,
MXOBCE,IDR,0,8,1,4,,6,0,1,
MXOBCE,OBEC_KOD,1,14,0,6,6,,0,0,WIN1250
MXOBCE,OBEC_NAZ,2,14,0,50,50,,0,1,WIN1250
MXOBCE,OKRES_KOD,3,14,0,3,3,,0,0,WIN1250
MXOBCE,KRAJ_KOD,4,14,0,2,2,,0,0,WIN1250
MXOBCE,NUTS5_KOD,5,14,0,12,12,,0,0,WIN1250
MXOBDOBI,IDR,0,8,0,4,,0,0,1,
MXOBDOBI,ROK,1,7,1,2,,4,0,1,
MXOBDOBI,MES,2,7,1,2,,2,0,1,
MXOBDOBI,ORGANIZACE,3,14,0,1,1,,0,0,WIN1250
MXOBDOBI,UZAVRENE,4,14,0,1,1,,0,1,WIN1250
MXOBDOBI,DAT_ZAUC,5,12,0,4,,,0,0,
MXOBDOBI,DAT_VYPLAT,6,12,0,4,,,0,0,
MXOBDOBI,UHRN_VZ_SP,7,16,1,8,,15,-2,0,
MXOBDOBI,UHRN_SP_Z,8,16,1,8,,15,-2,0,
MXOBDOBI,SP_ORG,9,16,1,8,,15,-2,0,
MXOBDOBI,UHRN_VZ_DP,10,16,1,8,,15,-2,0,
MXOBDOBI,UHRN_DP_Z,11,16,1,8,,15,-2,0,
MXOBDOBI,DP_ORG,12,16,1,8,,15,-2,0,
MXOBDOBI,PRUM_POC_Z,13,8,1,4,,6,0,0,
MXOBDOBI,NEM_DNI,14,8,1,4,,9,-2,0,
MXOBDOBI,NEM_DAVKA,15,16,1,8,,15,-2,0,
MXOBDOBI,OCR_DNI,16,8,1,4,,9,-2,0,
MXOBDOBI,OCR_DAVKA,17,16,1,8,,15,-2,0,
MXOBDOBI,PPM_NOVYCH,18,7,1,2,,4,0,0,
MXOBDOBI,PPM_DAVKA,19,16,1,8,,15,-2,0,
MXOBDOBI,PTM_POCET,20,7,1,2,,4,0,0,
MXOBDOBI,PTM_DAVKA,21,16,1,8,,15,-2,0,
MXOBDOBI,NAHRADY,22,16,1,8,,15,-2,0,
MXOBDOBI,DUCH_SPOR,23,16,1,8,,15,-2,0,
MXOBDOBI,SNIZ_UHRNU_VZ_SP,24,16,1,8,,15,-2,0,
MXOBDOBI,IZOLACKASLEVA,25,16,1,8,,15,-2,0,
MXOBDOBI,IZOLACKAPOCETZAM,26,8,1,4,,6,0,0,
MXOBDOBI,UHRN_VZ_SP_BEZNI,27,16,1,8,,15,-2,0,
MXOBDOBI,SP_ORG_BEZNI,28,16,1,8,,15,-2,0,
MXOBDOBI,UHRN_VZ_SP_ZACHR,29,16,1,8,,15,-2,0,
MXOBDOBI,SP_ORG_ZACHR,30,16,1,8,,15,-2,0,
MXOBDOBI,SP_POC_ZAM_SLEVA_CASTUVAZ,31,8,1,4,,6,0,0,
MXOBDOBI,UHRN_VZ_SP_SLEVA_CASTUVAZ,32,16,1,8,,15,-2,0,
MXOBDOBI,SP_SLEVA_CASTUVAZ,33,16,1,8,,15,-2,0,
MXOBDOBI,UHRN_PRD,34,16,1,8,,15,-2,0,
MXOBDOBI,UHRN_ZRD,35,16,1,8,,15,-2,0,
MXOBDOBI,SOCPOI,36,16,1,8,,15,-2,0,
MXOBDOBI,SOCPOI2,37,16,1,8,,15,-2,0,
MXOBDOBI,ZDRPOI,38,16,1,8,,15,-2,0,
MXOBDOBI,SOCPOIORG_NEUHR,39,14,0,1,1,,0,1,WIN1250
MXOBDOBI,SCPORG_NEUHR_PP,40,14,0,1,1,,0,1,WIN1250
MXOBDOBI,ODP_DB,41,14,0,1,1,,0,1,WIN1250
MXOBDOBI,ODP_RZD,42,14,0,1,1,,0,1,WIN1250
MXOBDOBI,ODP_RZD_DB,43,14,0,1,1,,0,1,WIN1250
MXOBDOBI,ODP_RZD_ZPR,44,14,0,1,1,,0,1,WIN1250
MXOBDOBI,ODP_RZD_MM,45,14,0,1,1,,0,1,WIN1250
MXOBDOBI,ODP_RZD_DB_MM,46,14,0,1,1,,0,1,WIN1250
MXOBDOBI,ODP_RZD_ZPR_MM,47,14,0,1,1,,0,1,WIN1250
MXOBDOBI,NACIT_RZZP,48,14,0,1,1,,0,1,WIN1250
MXOBDOBI,DAN_MINOBD,49,16,1,8,,15,-2,0,
MXOBDOBI,DAN_PR,50,16,1,8,,15,-2,0,
MXOBDOBI,DAN_ZR,51,16,1,8,,15,-2,0,
MXOBDOBI,RZD_MZD,52,16,1,8,,15,-2,0,
MXOBDOBI,DB_MZD,53,16,1,8,,15,-2,0,
MXOBDOBI,DB_RZD,54,16,1,8,,15,-2,0,
MXOBDOBI,ZPR_MZD,55,16,1,8,,15,-2,0,
MXOBDOBI,DB,56,16,1,8,,15,-2,0,
MXOBDOBI,ZPR,57,16,1,8,,15,-2,0,
MXOBDOBI,RZD,58,16,1,8,,15,-2,0,
MXOBDOBI,RZD_ZNI_DANPR,59,16,1,8,,15,-2,0,
MXOBDOBI,DB_ZNI_DANPR,60,16,1,8,,15,-2,0,
MXOBDOBI,ZPR_ZNI_DANPR,61,16,1,8,,15,-2,0,
MXOBDOBI,DB_ZNI_DANZR,62,16,1,8,,15,-2,0,
MXOBDOBI,ZPR_ZNI_DANZR,63,16,1,8,,15,-2,0,
MXOBDOBI,DAN_PR_U,64,16,1,8,,15,-2,0,
MXOBDOBI,DAN_ZR_U,65,16,1,8,,15,-2,0,
MXOBDOBI,DB_NEV,66,16,1,8,,15,-2,0,
MXOBDOBI,RZD_NEV,67,16,1,8,,15,-2,0,
MXOBDOBI,ZPR_NEV,68,16,1,8,,15,-2,0,
MXOBDOBI,ODP_RZD_DBU,69,14,0,1,1,,0,1,WIN1250
MXOBDOBI,ODP_RZD_DBU_MM,70,14,0,1,1,,0,1,WIN1250
MXOBDOBI,DBU_MZD,71,16,1,8,,15,-2,0,
MXOBDOBI,DBU,72,16,1,8,,15,-2,0,
MXOBDOBI,DBU_ZNI_DANPR,73,16,1,8,,15,-2,0,
MXOBDOBI,DBU_NEV,74,16,1,8,,15,-2,0,
MXODBORZVAZY,KOD,0,14,0,2,2,,0,1,WIN1250
MXODBORZVAZY,POPIS,1,14,0,50,50,,0,1,WIN1250
MXODVETVIA,KOD,0,14,0,2,2,,0,1,WIN1250
MXODVETVIA,POPIS,1,14,0,120,120,,0,1,WIN1250
MXODVODY,IDR,0,8,0,4,,0,0,1,
MXODVODY,TYP_ODV,1,7,1,2,,2,0,0,
MXODVODY,NAZEV,2,14,0,100,100,,0,1,WIN1250
MXODVODY,ZKRATKA,3,14,0,4,4,,0,1,WIN1250
MXODVODY,IDR_PLATBY,4,8,0,4,,0,0,0,
MXODVODY,KOD,5,14,0,3,3,,0,1,WIN1250
MXODVODY,CIS_PLATCE,6,14,0,12,12,,0,1,WIN1250
MXODVODY,DAT_ZAC,7,12,0,4,,,0,0,
MXODVODY,DAT_KON,8,12,0,4,,,0,0,
MXODVODY,CISLO_POB,9,14,0,2,2,,0,1,WIN1250
MXODVODY,ICO,10,14,0,12,12,,0,1,WIN1250
MXOKEC,OKEC,0,8,1,4,,5,0,1,
MXOKEC,NAZEV,1,14,0,120,120,,0,1,WIN1250
MXOKEC,PARENT,2,8,1,4,,5,0,0,
MXOKEC,OKEC6,3,8,1,4,,6,0,0,
MXOKRCSSZ,ID,0,14,0,3,3,,0,1,WIN1250
MXOKRCSSZ,POPIS,1,14,0,25,25,,0,1,WIN1250
MXOKRCSSZ,AKRONYM,2,14,0,2,2,,0,0,WIN1250
MXOKRCSSZ,KRAJ_KOD,3,14,0,2,2,,0,0,WIN1250
MXOKRCSSZ,NUTS4_KOD,4,14,0,6,6,,0,0,WIN1250
MXOSOBY,IDR,0,8,0,4,,0,0,1,
MXOSOBY,ID_OSOBY,1,8,0,4,,0,0,1,
MXOSOBY,PLATIOD,2,12,0,4,,,0,0,
MXOSOBY,PRIJMENI,3,14,0,30,30,,0,1,WIN1250
MXOSOBY,JMENO,4,14,0,30,30,,0,1,WIN1250
MXOSOBY,TITULPRED,5,14,0,15,15,,0,1,WIN1250
MXOSOBY,TITULZA,6,14,0,5,5,,0,1,WIN1250
MXOSOBY,POHLAVI,7,14,0,1,1,,0,1,WIN1250
MXOSOBY,DAT_NAR,8,12,0,4,,,0,0,
MXOSOBY,MISTO_NAR,9,14,0,25,25,,0,1,WIN1250
MXOSOBY,RODNECISLO,10,14,0,11,11,,0,1,WIN1250
MXOSOBY,NARODNOST,11,14,0,20,20,,0,1,WIN1250
MXOSOBY,STATPRISL,12,14,0,2,2,,0,1,WIN1250
MXOSOBY,RODINNYSTAV,13,7,1,2,,1,0,1,
MXOSOBY,POC_VYZ_OSOB,14,7,1,2,,2,0,0,
MXOSOBY,RODNEJMENO,15,14,0,20,20,,0,1,WIN1250
MXOSOBY,PREDCHPRIJMENI,16,14,0,60,60,,0,1,WIN1250
MXOSOBY,VZDELANI,17,7,1,2,,2,0,1,
MXOSOBY,VZDEL_JINE,18,14,0,30,30,,0,1,WIN1250
MXOSOBY,JAZYKY,19,14,0,30,30,,0,1,WIN1250
MXOSOBY,CIS_OP,20,14,0,11,11,,0,1,WIN1250
MXOSOBY,CIS_PAS,21,14,0,11,11,,0,1,WIN1250
MXOSOBY,TRVULICE,22,14,0,50,50,,0,1,WIN1250
MXOSOBY,TRVPSC,23,14,0,6,6,,0,1,WIN1250
MXOSOBY,TRVMESTO,24,14,0,25,25,,0,1,WIN1250
MXOSOBY,TRVSTAT,25,14,0,2,2,,0,1,WIN1250
MXOSOBY,PREULICE,26,14,0,50,50,,0,1,WIN1250
MXOSOBY,PREPSC,27,14,0,6,6,,0,1,WIN1250
MXOSOBY,PREMESTO,28,14,0,25,25,,0,1,WIN1250
MXOSOBY,TELEFON,29,14,0,16,16,,0,1,WIN1250
MXOSOBY,EMAIL,30,14,0,40,40,,0,1,WIN1250
MXOSOBY,JINY_KONTAKT,31,14,0,40,40,,0,1,WIN1250
MXOSOBY,POZNAMKA,32,261,1,8,,,0,0,WIN1250
MXOSOBY,ID_FOTO,33,8,0,4,,0,0,0,
MXOSOBY,DAT_DUCH_STA,34,12,0,4,,,0,0,
MXOSOBY,DAT_DUCH_PIN,35,12,0,4,,,0,0,
MXOSOBY,DAT_DUCH_CIN,36,12,0,4,,,0,0,
MXOSOBY,DAT_DUCH_VDO,37,12,0,4,,,0,0,
MXOSOBY,DAT_DUCH_SIR,38,12,0,4,,,0,0,
MXOSOBY,TYP_DOCHODKU,39,7,1,2,,2,0,0,
MXOSOBY,UC_2_PILIR,40,14,0,1,1,,0,1,WIN1250
MXOSOBY,C_SML_2P,41,14,0,10,10,,0,0,WIN1250
MXOSOBY,EXEK4PLUS,42,14,0,1,1,,0,1,WIN1250
MXOSOBY,RODCIS_SP,43,14,0,10,10,,0,0,WIN1250
MXOSOBY,RODCIS_ZP,44,14,0,10,10,,0,0,WIN1250
MXOSOBY,CISPOVPOB,45,14,0,10,10,,0,0,WIN1250
MXOSOBY,DIC_DOMA,46,14,0,20,20,,0,0,WIN1250
MXOSOBY,STATDANREZ,47,14,0,2,2,,0,1,WIN1250
MXOSOBY,TYP_DIC,48,14,0,1,1,,0,1,WIN1250
MXOSOBY,NEREZDOKLAD,49,14,0,16,16,,0,1,WIN1250
MXOSOBY,NEREZTYPDOK,50,14,0,1,1,,0,1,WIN1250
MXOSOBY,NEREZSTATDOK,51,14,0,2,2,,0,1,WIN1250
MXOSOBY,PERC_ZTP,52,7,1,2,,3,0,0,
MXOSOBY,MA_PREUK_ZTP,53,14,0,1,1,,0,1,WIN1250
MXOSOBY,JE_ZNIZ_ZP,54,14,0,1,1,,0,1,WIN1250
MXOSOBY,KOV,55,14,0,20,20,,0,0,WIN1250
MXOSOBY,KOD_UZEM_BYDL,56,7,1,2,,3,0,0,
MXOSOBY,EMAILPWD,57,14,0,34,34,,0,1,WIN1250
MXPLATBY,IDR,0,8,0,4,,0,0,1,
MXPLATBY,KODBANKY,1,14,0,4,4,,0,0,WIN1250
MXPLATBY,UCET,2,14,0,18,18,,0,1,WIN1250
MXPLATBY,IBAN,3,14,0,34,34,,0,1,WIN1250
MXPLATBY,SWIFTCODE,4,14,0,12,12,,0,1,WIN1250
MXPLATBY,ID_OSOBY,5,8,0,4,,0,0,0,
MXPLATBY,TEXT,6,14,0,60,60,,0,1,WIN1250
MXPLATBY,VARI_SYMB,7,14,0,10,10,,0,1,WIN1250
MXPLATBY,SPEC_SYMB,8,14,0,10,10,,0,1,WIN1250
MXPLATBY,KONS_SYMB,9,14,0,8,8,,0,1,WIN1250
MXPLATBY,SPL_DNI_PO,10,7,1,2,,3,0,0,
MXPLATBY,NAZEV_UCTU,11,14,0,35,35,,0,1,WIN1250
MXPLATBY,AVIZO,12,14,0,140,140,,0,1,WIN1250
MXPOMERPOL,IDR,0,8,0,4,,0,0,1,
MXPOMERPOL,ID_POMERU,1,8,0,4,,0,0,1,
MXPOMERPOL,ID_MZDC,2,7,1,2,,4,0,1,
MXPOMERPOL,ID_POLOZKY,3,8,0,4,,0,0,1,
MXPOMERPOL,PLATIOD,4,12,0,4,,,0,0,
MXPOMERPOL,VKLADAT,5,14,0,1,1,,0,1,WIN1250
MXPOMERPOL,HODNOTA,6,16,1,8,,15,-2,0,
MXPOMERPOL,NEPOCITAT,7,14,0,1,1,,0,1,WIN1250
MXPOMERPOL,IDR_PLATBY,8,8,0,4,,0,0,0,
MXPOMERPOL,IDR_ODVOD,9,8,0,4,,0,0,0,
MXPOMERPOL,IDR_RODPRI,10,8,0,4,,0,0,0,
MXPOMERY,IDR,0,8,0,4,,0,0,1,
MXPOMERY,ID_POMERU,1,8,0,4,,0,0,1,
MXPOMERY,PLATIOD,2,12,0,4,,,0,0,
MXPOMERY,ID_OSOBY,3,8,0,4,,0,0,1,
MXPOMERY,OSCISLO,4,8,1,4,,9,0,1,
MXPOMERY,STREDISKO,5,14,0,6,6,,0,1,WIN1250
MXPOMERY,I_ZAKAZKA,6,8,0,4,,0,0,0,
MXPOMERY,DAT_PRIJ,7,12,0,4,,,0,1,
MXPOMERY,DAT_ZAC_PRACE,8,12,0,4,,,0,0,
MXPOMERY,DAT_UKON,9,12,0,4,,,0,0,
MXPOMERY,DRUH_POM,10,8,0,4,,0,0,1,
MXPOMERY,DRUH_CIN,11,14,0,1,1,,0,0,WIN1250
MXPOMERY,SOC_DUCH_POJ,12,7,1,2,,1,0,0,
MXPOMERY,TYP_SMLOUVY,13,7,1,2,,1,0,0,
MXPOMERY,FUNKCE,14,14,0,40,40,,0,1,WIN1250
MXPOMERY,PRAC_KAL,15,7,1,2,,2,0,0,
MXPOMERY,TYD_UVAZEK,16,8,1,4,,6,-2,0,
MXPOMERY,TYD_SMEN,17,8,1,4,,5,-2,0,
MXPOMERY,DEN_UVAZEK,18,8,1,4,,6,-2,0,
MXPOMERY,PLT_UVAZEK,19,8,1,4,,6,-2,0,
MXPOMERY,KOEFMINMZDY,20,8,1,4,,5,-2,0,
MXPOMERY,DOPLMINMZDY,21,14,0,1,1,,0,1,WIN1250
MXPOMERY,KUVBEZZNIZ,22,14,0,1,1,,0,1,WIN1250
MXPOMERY,UPL_NEZD_C,23,14,0,1,1,,0,1,WIN1250
MXPOMERY,KODZDANENI,24,7,1,2,,1,0,0,
MXPOMERY,ID_PP_ZDAN,25,8,0,4,,0,0,0,
MXPOMERY,DANI_SAM,26,14,0,1,1,,0,1,WIN1250
MXPOMERY,ZP_STAT,27,14,0,1,1,,0,1,WIN1250
MXPOMERY,POUZ_MIN_VZ,28,14,0,1,1,,0,1,WIN1250
MXPOMERY,NAV_VZ_NEPR,29,14,0,1,1,,0,1,WIN1250
MXPOMERY,DOV_NOVA,30,7,1,2,,4,-1,0,
MXPOMERY,DOV_STARA,31,7,1,2,,4,-1,0,
MXPOMERY,KOD_EVID_ST,32,7,1,2,,1,0,0,
MXPOMERY,IDR_ZDRP,33,8,0,4,,0,0,0,
MXPOMERY,IDR_INFO_ZDRP,34,8,0,4,,0,0,0,
MXPOMERY,IDR_ZAUC_SA,35,8,0,4,,0,0,0,
MXPOMERY,IDR_VYCHOZI,36,8,0,4,,0,0,0,
MXPOMERY,SVATKY_ZP,37,7,1,2,,1,0,0,
MXPOMERY,SICKDAYS,38,7,1,2,,4,-1,0,
MXPOMERY,KODZAM,39,8,1,4,,6,0,0,
MXPOMERY,DOV_NOV_HOD,40,8,1,4,,6,-2,0,
MXPOMERY,DOV_STAR_HOD,41,8,1,4,,6,-2,0,
MXPOMERY,DOV_NAROK_HOD,42,7,1,2,,3,0,0,
MXPOMERY,DOV_VYM_TYD,43,8,1,4,,5,-2,0,
MXPOMERY,VYPOCET_ZAK_POJ,44,14,0,1,1,,0,1,WIN1250
MXPOMERY,SNIZ_DUCH_VEK,45,14,0,1,1,,0,1,WIN1250
MXPOMERY,SOCPOJ_SLEVA_DUVOD,46,14,0,30,30,,0,1,WIN1250
MXPOMERY,PRAC_SLUZ_POMER,47,14,0,1,1,,0,1,WIN1250
MXPOMERY,ID_MISTA_VYKONU,48,8,0,4,,0,0,0,
MXPOMERY,ZDAN_BENFT_ZDE,49,14,0,1,1,,0,1,WIN1250
MXPOMERY,ZVYH_DBPS,50,14,0,1,1,,0,1,WIN1250
MXPOMERY,ZVYH_DOHODYDOCH,51,14,0,1,1,,0,1,WIN1250
MXPOMERY,DLHO_NEZAM,52,14,0,1,1,,0,1,WIN1250
MXPOMERY,DLHO_NEZAM_ZP,53,14,0,1,1,,0,1,WIN1250
MXPOMERY,ODPPOL_ZP,54,14,0,1,1,,0,1,WIN1250
MXPOMERY,NEUPLMINDOPL_ZP,55,14,0,1,1,,0,1,WIN1250
MXPOMERY,VYK_DOH_ZP,56,7,1,2,,1,0,0,
MXPOMERY,DRUH_MZDY,57,7,1,2,,1,0,0,
MXPOMERY,SUMA_MZDA,58,16,1,8,,15,-4,0,
MXPOMERY,NP_PLATI,59,14,0,1,1,,0,1,WIN1250
MXPOMERY,SP_PLATI,60,14,0,1,1,,0,1,WIN1250
MXPOMERY,IP_PLATI,61,14,0,1,1,,0,1,WIN1250
MXPOMERY,PVN_PLATI,62,14,0,1,1,,0,1,WIN1250
MXPOMERY,GP_PLATI,63,14,0,1,1,,0,1,WIN1250
MXPOMERY,UP_PLATI,64,14,0,1,1,,0,1,WIN1250
MXPOMERY,RFS_PLATI,65,14,0,1,1,,0,1,WIN1250
MXPOMERY,PFP_PLATI,66,14,0,1,1,,0,1,WIN1250
MXPOMERY,VYLDOBA_OD,67,12,0,4,,,0,0,
MXPOMERY,VYLDOBA_DO,68,12,0,4,,,0,0,
MXPOMERY,SF_PLATI,69,14,0,1,1,,0,1,WIN1250
MXPOMERY,ZDR_KAT,70,7,1,2,,1,0,0,
MXPOMERY,JE_ZVYH_SONE,71,14,0,1,1,,0,1,WIN1250
MXPOMERY,JE_ZVYH_NOC,72,14,0,1,1,,0,1,WIN1250
MXPOMERY,JE_ZVYH_SVIA,73,14,0,1,1,,0,1,WIN1250
MXPOMERY,UCAST_MAJ_50P,74,14,0,1,1,,0,1,WIN1250
MXPOMERY,PAR70_ODS2,75,14,0,1,1,,0,1,WIN1250
MXPOMERY,KOD_UZEM_PRAC,76,7,1,2,,3,0,0,
MXPOMERY,STUPEN_NAR,77,7,1,2,,1,0,0,
MXPOMERY,PRAC_MIESTO,78,7,1,2,,1,0,0,
MXPOMERY,SKISCO08,79,14,0,7,7,,0,0,WIN1250
MXPOMERY,NAR_DOV_TYZ,80,7,1,2,,2,0,0,
MXPOMERY,ICPV,81,14,0,12,12,,0,1,WIN1250
MXPOMERY,DAT_ZMLUVY,82,35,0,8,,,0,0,
MXPOMERY,MIESTO_VYK_PRACE,83,14,0,6,6,,0,0,WIN1250
MXPRACE,IDR,0,8,0,4,,0,0,1,
MXPRACE,CINNOST,1,14,0,60,60,,0,1,WIN1250
MXPRACE,MER_JED,2,14,0,20,20,,0,0,WIN1250
MXPRACE,SAZBA,3,16,1,8,,12,-3,0,
MXPRACE,NORMA,4,16,1,8,,12,-3,0,
MXPRACKAL,KOD,0,7,1,2,,2,0,1,
MXPRACKAL,NAZEV,1,14,0,50,50,,0,1,WIN1250
MXPRACKAL,CYK_TYD,2,7,1,2,,2,0,1,
MXPRACKAL,CYK_ZAC,3,12,0,4,,,0,1,
MXPRACKAL,I_SVATKY,4,14,0,1,1,,0,1,WIN1250
MXPRACKDET,IDR,0,8,0,4,,0,0,1,
MXPRACKDET,KOD_KAL,1,7,1,2,,2,0,1,
MXPRACKDET,CYK_DEN,2,7,1,2,,3,0,1,
MXPRACKDET,KOD_SM,3,14,0,2,2,,0,1,WIN1250
MXPRAVFOR,KOD,0,7,1,2,,3,0,1,
MXPRAVFOR,POPIS,1,14,0,100,100,,0,1,WIN1250
MXREGLISTY,IDR,0,8,0,4,,0,0,1,
MXREGLISTY,ID_POMERU,1,8,0,4,,0,0,1,
MXREGLISTY,LIST_KU_DNU,2,12,0,4,,,0,0,
MXREGLISTY,DATCAS_VYTV,3,35,0,8,,,0,1,
MXREGLISTY,DATCAS_MODIF,4,35,0,8,,,0,0,
MXREGLISTY,DAT_ODOSL,5,12,0,4,,,0,0,
MXREGLISTY,TYP_RL,6,7,1,2,,1,0,1,
MXREGLISTY,TYP_ZEC,7,7,1,2,,2,0,1,
MXREGLISTY,DAT_ZACIATOK,8,12,0,4,,,0,0,
MXREGLISTY,DAT_KONIEC,9,12,0,4,,,0,0,
MXREGLISTY,DAT_VZN_PV,10,12,0,4,,,0,0,
MXREGLISTY,DAT_ZMENY,11,12,0,4,,,0,0,
MXREGLISTY,DAT_ZACMD,12,12,0,4,,,0,0,
MXREGLISTY,DAT_KONMD,13,12,0,4,,,0,0,
MXREGLISTY,TYP_PRERUS,14,7,1,2,,2,0,0,
MXREGLISTY,UCAST_MAJ_50P,15,14,0,1,1,,0,1,WIN1250
MXREGLISTY,PAR70_ODS2,16,14,0,1,1,,0,1,WIN1250
MXREGLISTY,STAT_VYK_PR,17,14,0,2,2,,0,0,WIN1250
MXREGLISTY,ZMENY_RL,18,14,0,30,30,,0,0,WIN1250
MXREGLISTY,ZMENA_IDR_OSOBY,19,8,0,4,,0,0,0,
MXREGLISTY,ZMENA_IDR_POMERU,20,8,0,4,,0,0,0,
MXREGLISTY,DAT_ZAC_OOP_SP,21,12,0,4,,,0,0,
MXREGLISTY,DAT_KON_OOP_SP,22,12,0,4,,,0,0,
MXREGLISTY,MIESTO_VYK_PRACE,23,14,0,6,6,,0,0,WIN1250
MXREGLISTY,DRUH_VYK_PRACE,24,14,0,7,7,,0,0,WIN1250
MXREGLISTY,ROZSAH_PRAC_CASU,25,8,1,4,,6,-2,0,
MXRODPRISL,IDR,0,8,0,4,,0,0,1,
MXRODPRISL,ID_OSOBY,1,8,0,4,,0,0,1,
MXRODPRISL,RODVZTAH,2,7,1,2,,1,0,1,
MXRODPRISL,JMENO,3,14,0,30,30,,0,1,WIN1250
MXRODPRISL,PRIJMENI,4,14,0,30,30,,0,1,WIN1250
MXRODPRISL,DAT_NAR,5,12,0,4,,,0,1,
MXRODPRISL,RODNECISLO,6,14,0,11,11,,0,1,WIN1250
MXRODPRISL,DAT_OD,7,12,0,4,,,0,0,
MXRODPRISL,DAT_DO,8,12,0,4,,,0,0,
MXRODPRISL,POZNAMKA,9,261,1,8,,,0,0,WIN1250
MXRODPRISL,JE_DOT_STRAVA,10,14,0,1,1,,0,1,WIN1250
MXRODSTAV,ID,0,7,1,2,,1,0,1,
MXRODSTAV,TEXT,1,14,0,16,16,,0,1,WIN1250
MXRODSTAV,ZK1,2,14,0,1,1,,0,1,WIN1250
MXRODSTAV,ZK2,3,14,0,1,1,,0,1,WIN1250
MXSADYMC,IDR,0,8,0,4,,0,0,1,
MXSADYMC,NAZEV,1,14,0,60,60,,0,1,WIN1250
MXSADYMCPOL,IDR_SADY,0,8,0,4,,0,0,1,
MXSADYMCPOL,ID_MZDC,1,7,1,2,,4,0,1,
MXSMENY,KOD,0,14,0,2,2,,0,1,WIN1250
MXSMENY,NAZEV,1,14,0,30,30,,0,1,WIN1250
MXSMENY,TYP,2,14,0,1,1,,0,1,WIN1250
MXSMENY,CAS_ZAC,3,14,0,5,5,,0,1,WIN1250
MXSMENY,TRVANI,4,7,1,2,,4,0,1,
MXSMENY,PRESTAV,5,7,1,2,,4,0,0,
MXSMENY,ZAC_PRE,6,14,0,5,5,,0,1,WIN1250
MXSMENY,ZAC_PR2,7,14,0,5,5,,0,1,WIN1250
MXSTATVYKDEFPOL,IDR,0,8,0,4,,0,0,1,
MXSTATVYKDEFPOL,ID_VYKAZU,1,8,0,4,,0,0,1,
MXSTATVYKDEFPOL,MENO_POLA,2,14,0,30,30,,0,1,WIN1250
MXSTATVYKDEFPOL,DEF_VYP_POLA,3,261,1,8,,,0,0,WIN1250
MXTESTYCOVID,IDR,0,8,0,4,,0,0,1,
MXTESTYCOVID,DATUM_TESTU,1,12,0,4,,,0,0,
MXTESTYCOVID,ID_OSOBY,2,8,0,4,,0,0,1,
MXTESTYCOVID,CISLO_POJISTENCE,3,14,0,11,11,,0,1,WIN1250
MXTESTYCOVID,IDR_ZDRP,4,8,0,4,,0,0,0,
MXTESTYCOVID,VYSLEDEK,5,7,1,2,,1,0,0,
MXTESTYCOVID,CENA_TESTU,6,8,1,4,,6,-2,0,
MXTESTYCOVID,POZNAMKA,7,14,0,50,50,,0,1,WIN1250
MXTESTYCOVID,EXPORTOVAT,8,14,0,1,1,,0,1,WIN1250
MXTYPSML,TYP,0,7,1,2,,1,0,1,
MXTYPSML,TEXT,1,14,0,50,50,,0,1,WIN1250
MXUZAVDET,IDR,0,8,0,4,,0,0,1,
MXUZAVDET,IDR_OBDOBI,1,8,0,4,,0,0,1,
MXUZAVDET,IDR_ODV,2,8,0,4,,0,0,1,
MXUZAVDET,POCET,3,8,1,4,,9,-2,0,
MXUZAVDET,UHRN_ZAKL,4,16,1,8,,15,-2,0,
MXUZAVDET,CASTKA_POV,5,16,1,8,,15,-2,0,
MXUZAVDET,CASTKA_ODV,6,16,1,8,,15,-2,0,
MXUZAVDET,DAT_PLAT,7,12,0,4,,,0,0,
MXUZAVPOI,IDR,0,8,0,4,,0,0,1,
MXUZAVPOI,IDR_OBDOBI,1,8,0,4,,0,0,1,
MXUZAVPOI,TYP_POISTNE,2,7,1,2,,2,0,1,
MXUZAVPOI,IDR_ZDRP,3,8,0,4,,0,0,0,
MXUZAVPOI,POCET,4,8,1,4,,6,0,0,
MXUZAVPOI,POCET_EV,5,8,1,4,,6,0,0,
MXUZAVPOI,VZ_ZAM,6,16,1,8,,15,-2,0,
MXUZAVPOI,VZ_ORG,7,16,1,8,,15,-2,0,
MXUZAVPOI,POIZAM,8,16,1,8,,15,-2,0,
MXUZAVPOI,POIORG,9,16,1,8,,15,-2,0,
MXUZAVPOI,JE_ZTP,10,14,0,1,1,,0,1,WIN1250
MXUZIVDOCH,IDR,0,8,0,4,,0,0,1,
MXUZIVDOCH,CINNOST,1,14,0,40,40,,0,1,WIN1250
MXUZIVDOCH,SKUPINA,2,14,0,40,40,,0,1,WIN1250
MXUZIVDOCH,PORADI,3,7,1,2,,4,0,0,
MXUZIVDOCH,SKRYT,4,14,0,1,1,,0,1,WIN1250
MXUZIVDOCH,MINULY,5,7,1,2,,1,0,0,
MXUZIVDOCH,XPRAC_SM,6,14,0,1,1,,0,1,WIN1250
MXUZIVDOCH,XVOLN_SM,7,14,0,1,1,,0,1,WIN1250
MXUZIVDOCH,XSVAT_SM,8,14,0,1,1,,0,1,WIN1250
MXUZIVDOCH,XPRAC_NS,9,14,0,1,1,,0,1,WIN1250
MXUZIVDOCH,XVOLN_NS,10,14,0,1,1,,0,1,WIN1250
MXUZIVDOCH,XSVAT_NS,11,14,0,1,1,,0,1,WIN1250
MXUZIVDOCH,TRV_TYP,12,14,0,1,1,,0,1,WIN1250
MXUZIVDOCH,CAS_ZAC,13,14,0,5,5,,0,1,WIN1250
MXUZIVDOCH,TRVANI,14,7,1,2,,4,0,0,
MXUZIVDOCHDET,IDR,0,8,0,4,,0,0,1,
MXUZIVDOCHDET,IDR_MASTER,1,8,0,4,,0,0,1,
MXUZIVDOCHDET,ID_MZDC,2,7,1,2,,4,0,1,
MXUZIVDOCHDET,XPRAC_SM,3,14,0,1,1,,0,1,WIN1250
MXUZIVDOCHDET,XVOLN_SM,4,14,0,1,1,,0,1,WIN1250
MXUZIVDOCHDET,XSVAT_SM,5,14,0,1,1,,0,1,WIN1250
MXUZIVDOCHDET,XPRAC_NS,6,14,0,1,1,,0,1,WIN1250
MXUZIVDOCHDET,XVOLN_NS,7,14,0,1,1,,0,1,WIN1250
MXUZIVDOCHDET,XSVAT_NS,8,14,0,1,1,,0,1,WIN1250
MXUZIVDOCHDET,HODNOTA,9,7,1,2,,1,0,0,
MXUZIVDOCHDET,HODNOTA0,10,16,1,8,,15,-2,0,
MXUZIVNAST,USERID,0,7,1,2,,3,0,1,
MXUZIVNAST,OBR_PP,1,261,0,8,,,0,0,
MXVYCHOZI,IDR,0,8,0,4,,0,0,1,
MXVYCHOZI,NAZEV,1,14,0,60,60,,0,1,WIN1250
MXVYCHOZI,ID_INST,2,7,1,2,,2,0,0,
MXVYCHPOL,IDR,0,8,0,4,,0,0,1,
MXVYCHPOL,IDR_SADY,1,8,0,4,,0,0,1,
MXVYCHPOL,ID_MZDC,2,7,1,2,,4,0,1,
MXVYCHPOL,HODNOTA,3,16,1,8,,15,-2,0,
MXVYCHPOL,IDR_ODVOD,4,8,0,4,,0,0,0,
MXVYKONY,IDR,0,8,0,4,,0,0,1,
MXVYKONY,ID_POMERU,1,8,0,4,,0,0,1,
MXVYKONY,IDR_OBDOBI,2,8,0,4,,0,0,1,
MXVYKONY,IDR_PRACE,3,8,0,4,,0,0,1,
MXVYKONY,STREDISKO,4,14,0,6,6,,0,0,WIN1250
MXVYKONY,I_ZAKAZKA,5,8,0,4,,0,0,0,
MXVYKONY,ZACATEK,6,35,0,8,,,0,1,
MXVYKONY,MINUT,7,8,1,4,,6,0,0,
MXVYKONY,MNOZSTVI,8,16,1,8,,12,-3,0,
MXVYKONY,KOREKCE,9,16,1,8,,15,-2,0,
MXVYKONY,POZNAMKA,10,14,0,128,128,,0,0,WIN1250
MXVZDELANI,ID,0,7,1,2,,2,0,1,
MXVZDELANI,TEXT,1,14,0,60,60,,0,1,WIN1250
MXVZDELANI,ZK1,2,14,0,5,5,,0,1,WIN1250
MXVZDELANI,ZK2,3,14,0,2,2,,0,1,WIN1250
MXVZNEPRPRIJ,IDR,0,8,0,4,,0,0,1,
MXVZNEPRPRIJ,IDR_MZDY,1,8,0,4,,0,0,1,
MXVZNEPRPRIJ,TYP_POISTNE,2,7,1,2,,2,0,1,
MXVZNEPRPRIJ,ZA_ROK,3,7,1,2,,4,0,1,
MXVZNEPRPRIJ,ZA_MESIAC,4,7,1,2,,2,0,1,
MXVZNEPRPRIJ,ODMENA,5,16,1,8,,17,-4,0,
MXVZNEPRPRIJ,ROZP_ODMENA,6,16,1,8,,17,-4,0,
MXVZNEPRPRIJ,SKUTVZ_MINUL,7,16,1,8,,15,-2,0,
MXVZNEPRPRIJ,VZ_MINUL,8,16,1,8,,15,-2,0,
MXVZNEPRPRIJ,VZ_MINUL_PP,9,16,1,8,,15,-2,0,
MXVZNEPRPRIJ,VZ_MAX_INDE,10,16,1,8,,15,-2,0,
MXVZNEPRPRIJ,VZ_ZAM_INDE,11,16,1,8,,15,-2,0,
MXVZNEPRPRIJ,DO_VZ,12,16,1,8,,15,-2,0,
MXVZNEPRPRIJ,DO_VZORG,13,16,1,8,,15,-2,0,
MXVZNEPRPRIJ,SPOLU_VZ,14,16,1,8,,15,-2,0,
MXVZNEPRPRIJ,EVID_VZ_MAX,15,16,1,8,,15,-2,0,
MXVZNEPRPRIJ,POIZAM,16,16,1,8,,15,-2,0,
MXVZNEPRPRIJ,POIORG,17,16,1,8,,15,-2,0,
MXVZNEPRPRIJ,KALDNIPOI,18,7,1,2,,2,0,0,
MXVZNEPRPRIJ,POCET_HODIN,19,8,1,4,,6,-2,0,
MXVZNEPRPRIJ,ZVYH_STUD,20,16,1,8,,15,-2,0,
MXVZNEPRPRIJ,ZVYH_DOCH,21,16,1,8,,15,-2,0,
MXVZNEPRPRIJ,UPL_ZVYH,22,16,1,8,,15,-2,0,
MXVZNEPRPRIJ,UZ_UPL_ZVYH,23,16,1,8,,15,-2,0,
MXVZNEPRPRIJ,ZMENY_NP,24,14,0,30,30,,0,0,WIN1250
MXZAUCDET,IDR,0,8,0,4,,0,0,1,
MXZAUCDET,IDR_SAB,1,8,0,4,,0,0,1,
MXZAUCDET,ID_MZDC,2,7,1,2,,4,0,1,
MXZAUCDET,IDR_ODVOD,3,8,0,4,,0,0,0,
MXZAUCDET,PODIL_PROC,4,7,1,2,,3,0,0,
MXZAUCDET,MINUSEM,5,14,0,1,1,,0,1,WIN1250
MXZAUCDET,MADATS,6,14,0,3,3,,0,0,WIN1250
MXZAUCDET,MADATA,7,14,0,3,3,,0,0,WIN1250
MXZAUCDET,DALS,8,14,0,3,3,,0,0,WIN1250
MXZAUCDET,DALA,9,14,0,3,3,,0,0,WIN1250
MXZAUCDET,STREDISKO,10,14,0,6,6,,0,0,WIN1250
MXZAUCDET,I_ZAKAZKA,11,8,0,4,,0,0,0,
MXZAUCDET,UCT_DNI_PO,12,7,1,2,,3,0,0,
MXZAUCSAB,IDR,0,8,0,4,,0,0,1,
MXZAUCSAB,ID_POMERU,1,8,0,4,,0,0,0,
MXZAUCSAB,NAZEV,2,14,0,40,40,,0,1,WIN1250
MXZMPLATZPOI,IDR,0,8,0,4,,0,0,1,
MXZMPLATZPOI,ID_OSOBY,1,8,0,4,,0,0,1,
MXZMPLATZPOI,DATCAS_VYTV,2,35,0,8,,,0,1,
MXZMPLATZPOI,DATCAS_MODIF,3,35,0,8,,,0,0,
MXZMPLATZPOI,DAT_ODOSL,4,12,0,4,,,0,0,
MXZMPLATZPOI,KOD_POI,5,14,0,2,2,,0,1,WIN1250
MXZMPLATZPOI,KOD_ZMENY,6,14,0,2,2,,0,0,WIN1250
MXZMPLATZPOI,PLATNOST,7,7,1,2,,1,0,0,
MXZMPLATZPOI,DAT_ZMENY,8,12,0,4,,,0,0,
MXZMPLATZPOI,PORADIE,9,7,1,2,,2,0,0,
OBAL,IDOBAL,0,8,0,4,,0,0,1,
OBAL,NAZOV,1,14,0,35,35,,0,1,WIN1250
OBAL,KOD,2,14,0,14,14,,0,1,WIN1250
OBAL,POUZITI,3,8,0,4,,0,0,1,
OBAL,ODMENY,4,8,0,4,,0,0,1,
OBAL,TYPOBALU,5,8,0,4,,0,0,1,
OBAL,PUVOD,6,8,0,4,,0,0,0,
OBAL,VYRAZENI,7,8,0,4,,0,0,0,
OBAL,OBSAH,8,8,0,4,,0,0,0,
OBAL,SPEC_EV,9,8,0,4,,0,0,0,
OBAL,POCETMJ,10,16,1,8,,12,-3,1,
OBAL,POCETMJ_DEL,11,7,1,2,,2,0,1,
OBAL,POZNAMKA,12,261,1,8,,,0,0,WIN1250
OBAL,HMOTNOST,13,16,1,8,,15,-6,1,
OBAL,UPDCNT,14,8,0,4,,0,0,1,
OBALPOL,IDOBALPOL,0,8,0,4,,0,0,1,
OBALPOL,IDOBAL,1,8,0,4,,0,0,1,
OBALPOL,POPIS,2,14,0,20,20,,0,1,WIN1250
OBALPOL,OBJEM,3,8,0,4,,0,0,0,
OBALPOL,KOMPOZIT,4,8,0,4,,0,0,0,
OBALPOL,MATERIAL,5,8,0,4,,0,0,1,
OBALPOL,PLASTY,6,8,0,4,,0,0,0,
OBALPOL,SUROVINA,7,8,0,4,,0,0,0,
OBALPOL,BARVA,8,8,0,4,,0,0,0,
OBALPOL,KOVY,9,8,0,4,,0,0,0,
OBALPOL,VAHA,10,16,1,8,,16,-3,1,
OBALPOL,JEDNOTKA,11,16,1,8,,15,-6,1,
OBALPOL,UPDCNT,12,8,0,4,,0,0,1,
OBALVYKAZ,VYKAZID,0,8,0,4,,0,0,1,
OBALVYKAZ,POPIS,1,14,0,50,50,,0,1,WIN1250
OBALVYKAZ,STATUS,2,7,1,2,,1,0,1,
OBALVYKAZ,KVARTAL,3,7,1,2,,1,0,1,
OBALVYKAZ,ROK,4,7,1,2,,4,0,1,
OBALVYKAZP,REFID,0,8,0,4,,0,0,1,
OBALVYKAZP,ITEMNAME,1,14,0,30,30,,0,1,WIN1250
OBALVYKAZP,PARTNO,2,7,1,2,,3,0,1,
OBALVYKAZP,ITEMVALUE,3,14,0,30,30,,0,1,WIN1250
OBDOBI,IDR,0,8,0,4,,0,0,1,
OBDOBI,NAZEV,1,14,0,30,30,,0,1,WIN1250
OBDOBI,DATUMOD,2,12,0,4,,,0,1,
OBDOBI,DATUMDO,3,12,0,4,,,0,1,
OBDOBI,UZAV_UD,4,7,1,2,,1,0,1,
OBDOBI,UZAV_FV,5,7,1,2,,1,0,1,
OBDOBI,UZAV_FP,6,7,1,2,,1,0,1,
OBDOBI,UZAV_PH,7,7,1,2,,1,0,1,
OBDOBI,UZAV_ZV,8,7,1,2,,1,0,1,
OBDOBI,UZAV_PK,9,7,1,2,,1,0,1,
OBDOBI,UZAV_ID,10,7,1,2,,1,0,1,
OBDOBI,UZAV_SK,11,7,1,2,,1,0,1,
OBDOBI,UZAV_OB,12,7,1,2,,1,0,1,
OBDOBI,UZAV_ZK,13,7,1,2,,1,0,1,
OBDOBI,UZAV_XX,14,7,1,2,,1,0,1,
OBJPR,IDOBJ,0,8,0,4,,0,0,1,
OBJPR,CISLO,1,14,0,10,10,,0,1,WIN1250
OBJPR,ORIGCISLO,2,14,0,50,50,,0,1,WIN1250
OBJPR,ORIGDATUM,3,12,0,4,,,0,0,
OBJPR,ICO,4,14,0,12,12,,0,0,WIN1250
OBJPR,TYPDPH,5,7,1,2,,2,0,1,
OBJPR,NABIDKA,6,14,0,1,1,,0,1,WIN1250
OBJPR,ZAKL0,7,16,1,8,,15,-2,1,
OBJPR,ZAKL1,8,16,1,8,,15,-2,1,
OBJPR,ZAKL2,9,16,1,8,,15,-2,1,
OBJPR,MIMODPH,10,16,1,8,,15,-2,1,
OBJPR,DPH1,11,16,1,8,,15,-2,1,
OBJPR,DPH2,12,16,1,8,,15,-2,1,
OBJPR,DATUM,13,12,0,4,,,0,0,
OBJPR,DODLEHOTA,14,12,0,4,,,0,0,
OBJPR,VYBAVENE,15,7,1,2,,1,0,0,
OBJPR,REZNASKLAD,16,14,0,1,1,,0,1,WIN1250
OBJPR,CISLOSKL,17,7,1,2,,3,0,0,
OBJPR,FORMAUHRAD,18,14,0,10,10,,0,1,WIN1250
OBJPR,SPOSOBDOPR,19,14,0,10,10,,0,1,WIN1250
OBJPR,VARSYMB,20,14,0,10,10,,0,1,WIN1250
OBJPR,STREDISKO,21,14,0,6,6,,0,1,WIN1250
OBJPR,CISLO_ZAK,22,14,0,15,15,,0,1,WIN1250
OBJPR,IDKONTAKT,23,8,0,4,,0,0,0,
OBJPR,POZNAMKA,24,261,1,8,,,0,0,WIN1250
OBJPR,ICOPRIJ,25,14,0,12,12,,0,0,WIN1250
OBJPR,CENYSDPH,26,14,0,1,1,,0,1,WIN1250
OBJPR,HMOTNOST,27,16,1,8,,15,-6,1,
OBJPR,MENA,28,14,0,3,3,,0,1,WIN1250
OBJPR,KURZ_ZAHR,29,16,1,8,,13,-6,1,
OBJPR,KURZ_SK,30,16,1,8,,13,-6,1,
OBJPR,KURZ_EUR,31,16,1,8,,13,-6,1,
OBJPR,KURZ_EUR_P,32,16,1,8,,13,-6,1,
OBJPR,CELK_ZAHR,33,16,1,8,,15,-2,0,
OBJPR,FIXCENA,34,14,0,1,1,,0,1,WIN1250
OBJPR,FIXACECST,35,14,0,1,1,,0,1,WIN1250
OBJPR,DATODESLANI,36,12,0,4,,,0,0,
OBJPR,UPDCNT,37,8,0,4,,0,0,1,
OBJPR,LOG_DATE,38,35,0,8,,,0,1,
OBJPR,LOG_USER,39,14,0,31,31,,0,1,WIN1250
OBJPR,USRLOCK,40,14,0,31,31,,0,0,WIN1250
OBJPR,CALCPARAM,41,14,0,200,200,,0,1,WIN1250
OBJPR,USRFLD1,42,14,0,40,40,,0,1,WIN1250
OBJPR,USRFLD2,43,14,0,40,40,,0,1,WIN1250
OBJPR,USRFLD3,44,14,0,40,40,,0,1,WIN1250
OBJPR,USRFLD4,45,14,0,40,40,,0,1,WIN1250
OBJPR,USRFLD5,46,14,0,40,40,,0,1,WIN1250
OBJPR,REZIM_DPH,47,7,1,2,,1,0,1,
OBJPR,STAT_DPH,48,14,0,2,2,,0,1,WIN1250
OBJPR,VATNUMBER,49,14,0,17,17,,0,0,WIN1250
OBJPR,CELKOM,50,16,1,8,,16,-2,0,
OBJPR,REZ_ST_VAT,51,14,0,20,20,,0,0,WIN1250
OBJPRPOL,IDR,0,8,0,4,,0,0,1,
OBJPRPOL,IDOBJ,1,8,0,4,,0,0,1,
OBJPRPOL,TEXT,2,14,0,100,100,,0,1,WIN1250
OBJPRPOL,MJ,3,14,0,3,3,,0,1,WIN1250
OBJPRPOL,POCETMJ,4,16,1,8,,15,-6,1,
OBJPRPOL,CENAMJ,5,16,1,8,,17,-6,1,
OBJPRPOL,DPH,6,16,1,8,,17,-6,1,
OBJPRPOL,SLEVAMJ,7,16,1,8,,17,-6,1,
OBJPRPOL,SADZBADPH,8,8,1,4,,5,-2,1,
OBJPRPOL,ZLAVA,9,8,1,4,,6,-2,1,
OBJPRPOL,VYBAVENE,10,7,1,2,,1,0,1,
OBJPRPOL,IDRKAR,11,8,0,4,,0,0,0,
OBJPRPOL,CISLOSKL,12,7,1,2,,3,0,0,
OBJPRPOL,POCREZMJ,13,16,1,8,,15,-6,1,
OBJPRPOL,VYBAVIT,14,16,1,8,,15,-6,1,
OBJPRPOL,UZVYBMJ,15,16,1,8,,15,-6,1,
OBJPRPOL,VYBAVREZ,16,16,1,8,,15,-6,1,
OBJPRPOL,UZVYBMJREZ,17,16,1,8,,15,-6,1,
OBJPRPOL,STREDISKO,18,14,0,6,6,,0,1,WIN1250
OBJPRPOL,CISLO_ZAK,19,14,0,15,15,,0,1,WIN1250
OBJPRPOL,RIADOK,20,8,1,4,,9,0,1,
OBJPRPOL,TYP_POL,21,14,0,10,10,,0,0,WIN1250
OBJPRPOL,TYP_RADKU,22,7,1,2,,3,0,1,
OBJPRPOL,HMOTNOST,23,16,1,8,,15,-6,1,
OBJPRPOL,FIXCENA,24,14,0,1,1,,0,1,WIN1250
OBJPRPOL,DOTRIGGER,25,14,0,1,1,,0,1,WIN1250
OBJPRPOL,IDRPOLR,26,8,0,4,,0,0,0,
OBJPRPOL,POCETMJS,27,16,1,8,,15,-6,1,
OBJPRPOL,IDOBJVYPOL,28,8,0,4,,0,0,0,
OBJPRPOL,NABIDKA,29,14,0,1,1,,0,1,WIN1250
OBJPRPOL,IDNABPOL,30,8,0,4,,0,0,0,
OBJPRPOL,VYBAVITCEL,31,16,1,8,,15,-2,1,
OBJPRPOL,EDI_LINE,32,8,1,4,,6,0,1,
OBJPRPOL,POZNPOL,33,14,0,20,20,,0,1,WIN1250
OBJPRPOL,UPDCNT,34,8,0,4,,0,0,1,
OBJPRPOL,LOG_DATE,35,35,0,8,,,0,1,
OBJPRPOL,LOG_USER,36,14,0,31,31,,0,1,WIN1250
OBJPRTOTAL,IDR,0,8,0,4,,0,0,1,
OBJPRTOTAL,IDMR,1,8,0,4,,0,0,1,
OBJPRTOTAL,TYPDPH,2,7,1,2,,2,0,1,
OBJPRTOTAL,TYPSAZBY,3,7,1,2,,1,0,1,
OBJPRTOTAL,SAZBADPH,4,8,1,4,,5,-2,1,
OBJPRTOTAL,MENA,5,14,0,3,3,,0,1,WIN1250
OBJPRTOTAL,ZAKLAD,6,16,1,8,,15,-2,1,
OBJPRTOTAL,DPH,7,16,1,8,,15,-2,1,
OBJPRTOTAL,DZAKLAD,8,16,1,8,,15,-2,1,
OBJPRTOTAL,DDPH,9,16,1,8,,15,-2,1,
OBJPRTOTAL,DOPOCZAKL,10,16,1,8,,15,-2,1,
OBJPRTOTAL,DOPOCDPH,11,16,1,8,,15,-2,1,
OBJPRTOTAL,DDOPOCZAKL,12,16,1,8,,15,-2,1,
OBJPRTOTAL,DDOPOCDPH,13,16,1,8,,15,-2,1,
OBJPRTOTAL,ODPOCETDPH,14,16,1,8,,15,-2,1,
OBJVY,IDOBJ,0,8,0,4,,0,0,1,
OBJVY,CISLO,1,14,0,10,10,,0,1,WIN1250
OBJVY,ORIGCISLO,2,14,0,50,50,,0,1,WIN1250
OBJVY,ORIGDATUM,3,12,0,4,,,0,0,
OBJVY,ICO,4,14,0,12,12,,0,0,WIN1250
OBJVY,TYPDPH,5,7,1,2,,2,0,1,
OBJVY,POPTAVKA,6,14,0,1,1,,0,1,WIN1250
OBJVY,ZAKL0,7,16,1,8,,15,-2,1,
OBJVY,ZAKL1,8,16,1,8,,15,-2,1,
OBJVY,ZAKL2,9,16,1,8,,15,-2,1,
OBJVY,MIMODPH,10,16,1,8,,15,-2,1,
OBJVY,DPH1,11,16,1,8,,15,-2,1,
OBJVY,DPH2,12,16,1,8,,15,-2,1,
OBJVY,DATUM,13,12,0,4,,,0,0,
OBJVY,DODLEHOTA,14,12,0,4,,,0,0,
OBJVY,VYBAVENE,15,7,1,2,,1,0,0,
OBJVY,CISLOSKL,16,7,1,2,,3,0,0,
OBJVY,FORMAUHRAD,17,14,0,10,10,,0,1,WIN1250
OBJVY,SPOSOBDOPR,18,14,0,10,10,,0,1,WIN1250
OBJVY,VARSYMB,19,14,0,10,10,,0,1,WIN1250
OBJVY,STREDISKO,20,14,0,6,6,,0,1,WIN1250
OBJVY,CISLO_ZAK,21,14,0,15,15,,0,1,WIN1250
OBJVY,IDKONTAKT,22,8,0,4,,0,0,0,
OBJVY,POZNAMKA,23,261,1,8,,,0,0,WIN1250
OBJVY,ICOPRIJ,24,14,0,12,12,,0,0,WIN1250
OBJVY,CENYSDPH,25,14,0,1,1,,0,1,WIN1250
OBJVY,HMOTNOST,26,16,1,8,,15,-6,1,
OBJVY,MENA,27,14,0,3,3,,0,1,WIN1250
OBJVY,KURZ_ZAHR,28,16,1,8,,13,-6,1,
OBJVY,KURZ_SK,29,16,1,8,,13,-6,1,
OBJVY,KURZ_EUR,30,16,1,8,,13,-6,1,
OBJVY,KURZ_EUR_P,31,16,1,8,,13,-6,1,
OBJVY,CELK_ZAHR,32,16,1,8,,15,-2,0,
OBJVY,FIXCENA,33,14,0,1,1,,0,1,WIN1250
OBJVY,FIXACECST,34,14,0,1,1,,0,1,WIN1250
OBJVY,DATODESLANI,35,12,0,4,,,0,0,
OBJVY,UPDCNT,36,8,0,4,,0,0,1,
OBJVY,LOG_DATE,37,35,0,8,,,0,1,
OBJVY,LOG_USER,38,14,0,31,31,,0,1,WIN1250
OBJVY,USRLOCK,39,14,0,31,31,,0,0,WIN1250
OBJVY,CALCPARAM,40,14,0,200,200,,0,1,WIN1250
OBJVY,USRFLD1,41,14,0,40,40,,0,1,WIN1250
OBJVY,USRFLD2,42,14,0,40,40,,0,1,WIN1250
OBJVY,USRFLD3,43,14,0,40,40,,0,1,WIN1250
OBJVY,USRFLD4,44,14,0,40,40,,0,1,WIN1250
OBJVY,USRFLD5,45,14,0,40,40,,0,1,WIN1250
OBJVY,REZIM_DPH,46,7,1,2,,1,0,1,
OBJVY,STAT_DPH,47,14,0,2,2,,0,1,WIN1250
OBJVY,VATNUMBER,48,14,0,17,17,,0,0,WIN1250
OBJVY,CELKOM,49,16,1,8,,16,-2,0,
OBJVY,REZ_ST_VAT,50,14,0,20,20,,0,0,WIN1250
OBJVYPOL,IDR,0,8,0,4,,0,0,1,
OBJVYPOL,IDOBJ,1,8,0,4,,0,0,1,
OBJVYPOL,TEXT,2,14,0,100,100,,0,1,WIN1250
OBJVYPOL,MJ,3,14,0,3,3,,0,1,WIN1250
OBJVYPOL,POCETMJ,4,16,1,8,,15,-6,1,
OBJVYPOL,CENAMJ,5,16,1,8,,17,-6,1,
OBJVYPOL,DPH,6,16,1,8,,17,-6,1,
OBJVYPOL,SLEVAMJ,7,16,1,8,,17,-6,1,
OBJVYPOL,SADZBADPH,8,8,1,4,,5,-2,1,
OBJVYPOL,ZLAVA,9,8,1,4,,6,-2,1,
OBJVYPOL,VYBAVENE,10,7,1,2,,1,0,0,
OBJVYPOL,IDRKAR,11,8,0,4,,0,0,0,
OBJVYPOL,CISLOSKL,12,7,1,2,,3,0,0,
OBJVYPOL,VYBAVIT,13,16,1,8,,15,-6,1,
OBJVYPOL,UZVYBMJ,14,16,1,8,,15,-6,1,
OBJVYPOL,STREDISKO,15,14,0,6,6,,0,1,WIN1250
OBJVYPOL,CISLO_ZAK,16,14,0,15,15,,0,1,WIN1250
OBJVYPOL,RIADOK,17,8,1,4,,9,0,1,
OBJVYPOL,TYP_POL,18,14,0,10,10,,0,0,WIN1250
OBJVYPOL,TYP_RADKU,19,7,1,2,,3,0,1,
OBJVYPOL,HMOTNOST,20,16,1,8,,15,-6,1,
OBJVYPOL,FIXCENA,21,14,0,1,1,,0,1,WIN1250
OBJVYPOL,DOTRIGGER,22,14,0,1,1,,0,1,WIN1250
OBJVYPOL,IDRPOLR,23,8,0,4,,0,0,0,
OBJVYPOL,POCETMJS,24,16,1,8,,15,-6,1,
OBJVYPOL,VYBAVITCEL,25,16,1,8,,15,-2,1,
OBJVYPOL,POZNPOL,26,14,0,20,20,,0,1,WIN1250
OBJVYPOL,EDI_LINE,27,8,1,4,,6,0,1,
OBJVYPOL,POPTAVKA,28,14,0,1,1,,0,1,WIN1250
OBJVYPOL,IDPOPPOL,29,8,0,4,,0,0,0,
OBJVYPOL,UPDCNT,30,8,0,4,,0,0,1,
OBJVYPOL,LOG_DATE,31,35,0,8,,,0,1,
OBJVYPOL,LOG_USER,32,14,0,31,31,,0,1,WIN1250
OBJVYTOTAL,IDR,0,8,0,4,,0,0,1,
OBJVYTOTAL,IDMR,1,8,0,4,,0,0,1,
OBJVYTOTAL,TYPDPH,2,7,1,2,,2,0,1,
OBJVYTOTAL,TYPSAZBY,3,7,1,2,,1,0,1,
OBJVYTOTAL,SAZBADPH,4,8,1,4,,5,-2,1,
OBJVYTOTAL,MENA,5,14,0,3,3,,0,1,WIN1250
OBJVYTOTAL,ZAKLAD,6,16,1,8,,15,-2,1,
OBJVYTOTAL,DPH,7,16,1,8,,15,-2,1,
OBJVYTOTAL,DZAKLAD,8,16,1,8,,15,-2,1,
OBJVYTOTAL,DDPH,9,16,1,8,,15,-2,1,
OBJVYTOTAL,DOPOCZAKL,10,16,1,8,,15,-2,1,
OBJVYTOTAL,DOPOCDPH,11,16,1,8,,15,-2,1,
OBJVYTOTAL,DDOPOCZAKL,12,16,1,8,,15,-2,1,
OBJVYTOTAL,DDOPOCDPH,13,16,1,8,,15,-2,1,
OBJVYTOTAL,ODPOCETDPH,14,16,1,8,,15,-2,1,
OPRAVTOTAL,IDR,0,8,0,4,,0,0,1,
OPRAVTOTAL,IDMR,1,8,0,4,,0,0,1,
OPRAVTOTAL,TYPDPH,2,7,1,2,,2,0,1,
OPRAVTOTAL,TYPSAZBY,3,7,1,2,,1,0,1,
OPRAVTOTAL,SAZBADPH,4,8,1,4,,5,-2,1,
OPRAVTOTAL,MENA,5,14,0,3,3,,0,1,WIN1250
OPRAVTOTAL,ZAKLAD,6,16,1,8,,15,-2,1,
OPRAVTOTAL,DPH,7,16,1,8,,15,-2,1,
OPRAVTOTAL,DZAKLAD,8,16,1,8,,15,-2,1,
OPRAVTOTAL,DDPH,9,16,1,8,,15,-2,1,
OPRAVTOTAL,DOPOCZAKL,10,16,1,8,,15,-2,1,
OPRAVTOTAL,DOPOCDPH,11,16,1,8,,15,-2,1,
OPRAVTOTAL,DDOPOCZAKL,12,16,1,8,,15,-2,1,
OPRAVTOTAL,DDOPOCDPH,13,16,1,8,,15,-2,1,
OPRAVTOTAL,ODPOCETDPH,14,16,1,8,,15,-2,1,
OPRAVY,IDOPR,0,8,0,4,,0,0,1,
OPRAVY,CISLO,1,14,0,10,10,,0,1,WIN1250
OPRAVY,ICO,2,14,0,12,12,,0,0,WIN1250
OPRAVY,DATUMPRIJ,3,12,0,4,,,0,1,
OPRAVY,DATUM,4,12,0,4,,,0,1,
OPRAVY,PRIJAL,5,14,0,40,40,,0,1,WIN1250
OPRAVY,ZARUKA,6,14,0,1,1,,0,1,WIN1250
OPRAVY,ZAR_AKCEPT,7,14,0,1,1,,0,1,WIN1250
OPRAVY,RESENI,8,7,1,2,,2,0,1,
OPRAVY,RESENIPOP,9,261,1,8,,,0,0,WIN1250
OPRAVY,PREDCENA,10,16,1,8,,15,-2,1,
OPRAVY,DATUMVYR,11,12,0,4,,,0,1,
OPRAVY,DATUMVYK,12,12,0,4,,,0,0,
OPRAVY,DATUMVYD,13,12,0,4,,,0,0,
OPRAVY,VYDAL,14,14,0,40,40,,0,1,WIN1250
OPRAVY,STAV,15,7,1,2,,2,0,1,
OPRAVY,NAZEV,16,14,0,100,100,,0,1,WIN1250
OPRAVY,PRISL,17,14,0,100,100,,0,1,WIN1250
OPRAVY,SERNUMB,18,14,0,30,30,,0,1,WIN1250
OPRAVY,IDRKAR,19,8,0,4,,0,0,0,
OPRAVY,ICODOD,20,14,0,12,12,,0,0,WIN1250
OPRAVY,ZAKZAVADA,21,261,1,8,,,0,0,WIN1250
OPRAVY,TYPDOK,22,14,0,20,20,,0,1,WIN1250
OPRAVY,CISDOK,23,14,0,20,20,,0,1,WIN1250
OPRAVY,DATDOK,24,12,0,4,,,0,0,
OPRAVY,TYPDOKDOD,25,14,0,20,20,,0,1,WIN1250
OPRAVY,CISDOKDOD,26,14,0,20,20,,0,1,WIN1250
OPRAVY,DATDOKDOD,27,12,0,4,,,0,0,
OPRAVY,TYPDPH,28,7,1,2,,2,0,1,
OPRAVY,FIXACECST,29,14,0,1,1,,0,1,WIN1250
OPRAVY,ZAKL0,30,16,1,8,,15,-2,1,
OPRAVY,ZAKL1,31,16,1,8,,15,-2,1,
OPRAVY,ZAKL2,32,16,1,8,,15,-2,1,
OPRAVY,MIMODPH,33,16,1,8,,15,-2,1,
OPRAVY,DPH1,34,16,1,8,,15,-2,1,
OPRAVY,DPH2,35,16,1,8,,15,-2,1,
OPRAVY,SERZAVADA,36,261,1,8,,,0,0,WIN1250
OPRAVY,CISLOFAK,37,14,0,10,10,,0,1,WIN1250
OPRAVY,IDFAKPR,38,8,0,4,,0,0,0,
OPRAVY,IDFAKVY,39,8,0,4,,0,0,0,
OPRAVY,IDOSPOH,40,8,0,4,,0,0,0,
OPRAVY,IDOSZAV,41,8,0,4,,0,0,0,
OPRAVY,IDPOKDOK,42,8,0,4,,0,0,0,
OPRAVY,PODCISLO,43,14,0,20,20,,0,1,WIN1250
OPRAVY,IDPZASILKY,44,8,0,4,,0,0,0,
OPRAVY,STREDISKO,45,14,0,6,6,,0,1,WIN1250
OPRAVY,CISLO_ZAK,46,14,0,15,15,,0,1,WIN1250
OPRAVY,IDKONTAKT,47,8,0,4,,0,0,0,
OPRAVY,POZNAMKA,48,261,1,8,,,0,0,WIN1250
OPRAVY,ICOPRIJ,49,14,0,12,12,,0,0,WIN1250
OPRAVY,CENYSDPH,50,14,0,1,1,,0,1,WIN1250
OPRAVY,HMOTNOST,51,16,1,8,,15,-6,1,
OPRAVY,MENA,52,14,0,3,3,,0,1,WIN1250
OPRAVY,KURZ_ZAHR,53,16,1,8,,13,-6,1,
OPRAVY,KURZ_SK,54,16,1,8,,13,-6,1,
OPRAVY,KURZ_EUR,55,16,1,8,,13,-6,1,
OPRAVY,KURZ_EUR_P,56,16,1,8,,13,-6,1,
OPRAVY,CELK_ZAHR,57,16,1,8,,15,-2,0,
OPRAVY,UPDCNT,58,8,0,4,,0,0,1,
OPRAVY,LOG_DATE,59,35,0,8,,,0,1,
OPRAVY,LOG_USER,60,14,0,31,31,,0,1,WIN1250
OPRAVY,USRLOCK,61,14,0,31,31,,0,0,WIN1250
OPRAVY,CALCPARAM,62,14,0,200,200,,0,1,WIN1250
OPRAVY,USRFLD1,63,14,0,40,40,,0,1,WIN1250
OPRAVY,USRFLD2,64,14,0,40,40,,0,1,WIN1250
OPRAVY,USRFLD3,65,14,0,40,40,,0,1,WIN1250
OPRAVY,USRFLD4,66,14,0,40,40,,0,1,WIN1250
OPRAVY,USRFLD5,67,14,0,40,40,,0,1,WIN1250
OPRAVY,REZIM_DPH,68,7,1,2,,1,0,1,
OPRAVY,STAT_DPH,69,14,0,2,2,,0,1,WIN1250
OPRAVY,VATNUMBER,70,14,0,17,17,,0,0,WIN1250
OPRAVY,VYBAVENE,71,7,1,2,,1,0,0,
OPRAVY,CELKOM,72,16,1,8,,16,-2,0,
OPRAVY,REZ_ST_VAT,73,14,0,20,20,,0,0,WIN1250
OPRAVYACT,IDR,0,8,0,4,,0,0,1,
OPRAVYACT,IDOPR,1,8,0,4,,0,0,1,
OPRAVYACT,DATUM,2,35,0,8,,,0,1,
OPRAVYACT,KOD,3,7,1,2,,3,0,1,
OPRAVYACT,TECHNIK,4,14,0,40,40,,0,1,WIN1250
OPRAVYACT,POZNAMKA,5,261,1,8,,,0,0,WIN1250
OPRAVYACT,UPDCNT,6,8,0,4,,0,0,1,
OPRAVYACT,LOG_DATE,7,35,0,8,,,0,1,
OPRAVYACT,LOG_USER,8,14,0,31,31,,0,1,WIN1250
OPRAVYMAT,IDR,0,8,0,4,,0,0,1,
OPRAVYMAT,IDOPR,1,8,0,4,,0,0,1,
OPRAVYMAT,RIADOK,2,8,1,4,,9,0,1,
OPRAVYMAT,TYP_RADKU,3,7,1,2,,3,0,1,
OPRAVYMAT,TEXT,4,14,0,100,100,,0,1,WIN1250
OPRAVYMAT,MJ,5,14,0,3,3,,0,1,WIN1250
OPRAVYMAT,POCETMJ,6,16,1,8,,15,-6,1,
OPRAVYMAT,CENAMJ,7,16,1,8,,17,-6,1,
OPRAVYMAT,SADZBADPH,8,8,1,4,,5,-2,1,
OPRAVYMAT,DPH,9,16,1,8,,17,-6,1,
OPRAVYMAT,ZLAVA,10,8,1,4,,6,-2,1,
OPRAVYMAT,SLEVAMJ,11,16,1,8,,17,-6,1,
OPRAVYMAT,VYBAVENE,12,7,1,2,,1,0,0,
OPRAVYMAT,VYBAVIT,13,16,1,8,,15,-6,1,
OPRAVYMAT,UZVYBMJ,14,16,1,8,,15,-6,1,
OPRAVYMAT,DOTRIGGER,15,14,0,1,1,,0,1,WIN1250
OPRAVYMAT,IDRKAR,16,8,0,4,,0,0,0,
OPRAVYMAT,CISLOSKL,17,7,1,2,,3,0,0,
OPRAVYMAT,TYP_POL,18,14,0,10,10,,0,0,WIN1250
OPRAVYMAT,HMOTNOST,19,16,1,8,,15,-6,1,
OPRAVYMAT,STREDISKO,20,14,0,6,6,,0,1,WIN1250
OPRAVYMAT,CISLO_ZAK,21,14,0,15,15,,0,1,WIN1250
OPRAVYMAT,POZNPOL,22,14,0,20,20,,0,1,WIN1250
OPRAVYMAT,UPDCNT,23,8,0,4,,0,0,1,
OPRAVYMAT,LOG_DATE,24,35,0,8,,,0,1,
OPRAVYMAT,LOG_USER,25,14,0,31,31,,0,1,WIN1250
OPRCISACT,IDR,0,8,0,4,,0,0,1,
OPRCISACT,KOD,1,7,1,2,,3,0,1,
OPRCISACT,POPIS,2,14,0,35,35,,0,1,WIN1250
OPRCISOSB,IDR,0,8,0,4,,0,0,1,
OPRCISOSB,PRIJMENI,1,14,0,40,40,,0,1,WIN1250
OPRCISOSB,JMENO,2,14,0,40,40,,0,1,WIN1250
OPRCISOSB,OSOBAUNQ,3,14,0,80,80,,0,1,WIN1250
OPRCISOSB,OS_PRIJ,4,14,0,1,1,,0,1,WIN1250
OPRCISOSB,OS_VYD,5,14,0,1,1,,0,1,WIN1250
OPRCISOSB,OS_TECH,6,14,0,1,1,,0,1,WIN1250
OPRCISOSB,UPDCNT,7,8,0,4,,0,0,1,
OPRCISOSB,LOG_DATE,8,35,0,8,,,0,1,
OPRCISOSB,LOG_USER,9,14,0,31,31,,0,1,WIN1250
OPRZARDOKL,CISLO,0,7,1,2,,2,0,1,
OPRZARDOKL,ZARDOKLAD,1,14,0,20,20,,0,1,WIN1250
OSNOVA,IDR,0,8,0,4,,0,0,1,
OSNOVA,UPDCNT,1,8,0,4,,0,0,1,
OSNOVA,SYNTET,2,14,0,3,3,,0,1,WIN1250
OSNOVA,ANALYT,3,14,0,3,3,,0,1,WIN1250
OSNOVA,TEXT,4,14,0,50,50,,0,1,WIN1250
OSNOVA,TEXT2,5,14,0,50,50,,0,1,WIN1250
OSNOVA,TEXT3,6,14,0,50,50,,0,1,WIN1250
OSNOVA,TEXT4,7,14,0,50,50,,0,1,WIN1250
OSNOVA,TEXT5,8,14,0,50,50,,0,1,WIN1250
OSNOVA,DRUH,9,14,0,1,1,,0,1,WIN1250
OSNOVA,CIASTKA,10,16,1,8,,15,-2,0,
OSNOVA,DEVIZ,11,16,1,8,,15,-2,0,
OSNOVA,MENA,12,14,0,3,3,,0,1,WIN1250
OSNOVA,MIMODAN,13,14,0,1,1,,0,1,WIN1250
OSNOVA,SALDO,14,14,0,1,1,,0,1,WIN1250
OSNOVA,SLEDUJ_ZAK,15,14,0,1,1,,0,1,WIN1250
OSNOVA,HOSPC,16,14,0,1,1,,0,1,WIN1250
OSPOH,IDPZ,0,8,0,4,,0,0,1,
OSPOH,UPDCNT,1,8,0,4,,0,0,1,
OSPOH,UUID,2,14,0,36,36,,0,1,WIN1250
OSPOH,DOTRIGGER,3,7,1,2,,1,0,0,
OSPOH,CISLO,4,14,0,10,10,,0,1,WIN1250
OSPOH,ORIGCISDOK,5,14,0,50,50,,0,1,WIN1250
OSPOH,ORIGCIS2,6,14,0,50,50,,0,1,WIN1250
OSPOH,FIXACECST,7,14,0,1,1,,0,1,WIN1250
OSPOH,CENYSDPH,8,14,0,1,1,,0,1,WIN1250
OSPOH,HMOTNOST,9,16,1,8,,15,-6,1,
OSPOH,DOBROPIS_PRO,10,14,0,10,10,,0,1,WIN1250
OSPOH,VRUBOPIS_PRO,11,14,0,10,10,,0,1,WIN1250
OSPOH,KODPLNENI,12,14,0,1,1,,0,0,WIN1250
OSPOH,VARSYMB,13,14,0,10,10,,0,1,WIN1250
OSPOH,KONSTSYMB,14,14,0,8,8,,0,1,WIN1250
OSPOH,IDKONTAKT,15,8,0,4,,0,0,0,
OSPOH,ZLAVA,16,8,1,4,,6,-2,1,
OSPOH,ICO,17,14,0,12,12,,0,0,WIN1250
OSPOH,TYP,18,14,0,10,10,,0,1,WIN1250
OSPOH,TYPDPH,19,7,1,2,,2,0,1,
OSPOH,REZIM_DPH,20,7,1,2,,1,0,1,
OSPOH,STAT_DPH,21,14,0,2,2,,0,1,WIN1250
OSPOH,VATNUMBER,22,14,0,17,17,,0,0,WIN1250
OSPOH,KH_LEASING,23,14,0,1,1,,0,1,WIN1250
OSPOH,EET_STAV,24,7,1,2,,1,0,1,
OSPOH,TEXT,25,14,0,30,30,,0,1,WIN1250
OSPOH,DATVYSTAVE,26,12,0,4,,,0,0,
OSPOH,DATSPLATNO,27,12,0,4,,,0,0,
OSPOH,DATZDANPLN,28,12,0,4,,,0,0,
OSPOH,DATDODANI,29,12,0,4,,,0,0,
OSPOH,ZAKL0,30,16,1,8,,15,-2,1,
OSPOH,ZAKL1,31,16,1,8,,15,-2,1,
OSPOH,ZAKL2,32,16,1,8,,15,-2,1,
OSPOH,MIMODPH,33,16,1,8,,15,-2,1,
OSPOH,DPH1,34,16,1,8,,15,-2,1,
OSPOH,DPH2,35,16,1,8,,15,-2,1,
OSPOH,CELKEM,36,16,1,8,,16,-2,0,
OSPOH,CELK_ZAHR,37,16,1,8,,15,-2,0,
OSPOH,MENA,38,14,0,3,3,,0,1,WIN1250
OSPOH,KURZ_ZAHR,39,16,1,8,,13,-6,1,
OSPOH,KURZ_SK,40,16,1,8,,13,-6,1,
OSPOH,KURZ_EUR,41,16,1,8,,13,-6,1,
OSPOH,KURZ_EUR_P,42,16,1,8,,13,-6,1,
OSPOH,POZNAMKA_1,43,14,0,30,30,,0,1,WIN1250
OSPOH,POZNAMKA_2,44,14,0,30,30,,0,1,WIN1250
OSPOH,POZNAMKA_3,45,14,0,30,30,,0,1,WIN1250
OSPOH,STREDISKO,46,14,0,6,6,,0,1,WIN1250
OSPOH,CISLO_ZAK,47,14,0,15,15,,0,1,WIN1250
OSPOH,PLATKAR,48,7,1,2,,3,0,0,
OSPOH,CISPLATKAR,49,14,0,20,20,,0,1,WIN1250
OSPOH,TYP_DOKL,50,14,0,2,2,,0,1,WIN1250
OSPOH,TYP_POL,51,14,0,10,10,,0,0,WIN1250
OSPOH,UDPREDKONT,52,8,1,4,,7,-3,0,
OSPOH,PDSYNTET,53,7,1,2,,2,0,0,
OSPOH,PDANALYT,54,7,1,2,,3,0,0,
OSPOH,POZNAMKA,55,261,1,8,,,0,0,WIN1250
OSPOH,LOG_DATE,56,35,0,8,,,0,1,
OSPOH,LOG_USER,57,14,0,31,31,,0,1,WIN1250
OSPOH,CALCPARAM,58,14,0,200,200,,0,1,WIN1250
OSPOH,USRFLD1,59,14,0,40,40,,0,1,WIN1250
OSPOH,USRFLD2,60,14,0,40,40,,0,1,WIN1250
OSPOH,USRFLD3,61,14,0,40,40,,0,1,WIN1250
OSPOH,USRFLD4,62,14,0,40,40,,0,1,WIN1250
OSPOH,USRFLD5,63,14,0,40,40,,0,1,WIN1250
OSPOHPOL,IDR,0,8,0,4,,0,0,1,
OSPOHPOL,IDPZ,1,8,0,4,,0,0,1,
OSPOHPOL,UPDCNT,2,8,0,4,,0,0,1,
OSPOHPOL,IDSKPOH,3,8,0,4,,0,0,0,
OSPOHPOL,IDSKPOHPOL,4,8,0,4,,0,0,0,
OSPOHPOL,IDOBJPOL,5,8,0,4,,0,0,0,
OSPOHPOL,IDOPR,6,8,0,4,,0,0,0,
OSPOHPOL,IDOPRMAT,7,8,0,4,,0,0,0,
OSPOHPOL,TYP_RADKU,8,7,1,2,,3,0,1,
OSPOHPOL,TYP_SUM,9,7,1,2,,3,0,1,
OSPOHPOL,TYPDPH,10,7,1,2,,2,0,0,
OSPOHPOL,TEXT,11,14,0,100,100,,0,1,WIN1250
OSPOHPOL,MJ,12,14,0,3,3,,0,1,WIN1250
OSPOHPOL,POCETMJ,13,16,1,8,,15,-6,0,
OSPOHPOL,CENAMJ,14,16,1,8,,17,-6,1,
OSPOHPOL,SLEVAMJ,15,16,1,8,,17,-6,1,
OSPOHPOL,DPH,16,16,1,8,,17,-6,1,
OSPOHPOL,SADZBADPH,17,8,1,4,,5,-2,1,
OSPOHPOL,ZLAVA,18,8,1,4,,6,-2,1,
OSPOHPOL,RIADOK,19,8,1,4,,9,0,1,
OSPOHPOL,CISLOKAR,20,16,1,8,,10,-2,0,
OSPOHPOL,STREDISKO,21,14,0,6,6,,0,1,WIN1250
OSPOHPOL,CISLO_ZAK,22,14,0,15,15,,0,1,WIN1250
OSPOHPOL,TYP_POL,23,14,0,10,10,,0,0,WIN1250
OSPOHPOL,HMOTNOST,24,16,1,8,,15,-6,1,
OSPOHPOL,LOG_DATE,25,35,0,8,,,0,1,
OSPOHPOL,LOG_USER,26,14,0,31,31,,0,1,WIN1250
OSPOHSPL,IDR,0,8,0,4,,0,0,1,
OSPOHSPL,UPDCNT,1,8,0,4,,0,0,1,
OSPOHSPL,IDPZ,2,8,0,4,,0,0,1,
OSPOHSPL,IDBANKY,3,8,0,4,,0,0,0,
OSPOHSPL,DATUM,4,12,0,4,,,0,1,
OSPOHSPL,CSTMENADOK,5,16,1,8,,15,-2,1,
OSPOHSPL,FORMAUHRAD,6,14,0,10,10,,0,1,WIN1250
OSPOHSPL,VARSYMB,7,14,0,10,10,,0,1,WIN1250
OSPOHSPL,KONSTSYMB,8,14,0,8,8,,0,1,WIN1250
OSPOHSPL,SPECISYMB,9,14,0,10,10,,0,1,WIN1250
OSPOHSPL,POZNAMKA,10,14,0,100,100,,0,1,WIN1250
OSPOHSPL,LOG_DATE,11,35,0,8,,,0,1,
OSPOHSPL,LOG_USER,12,14,0,31,31,,0,1,WIN1250
OSPOHTOTAL,IDR,0,8,0,4,,0,0,1,
OSPOHTOTAL,IDMR,1,8,0,4,,0,0,1,
OSPOHTOTAL,TYPDPH,2,7,1,2,,2,0,1,
OSPOHTOTAL,TYPSAZBY,3,7,1,2,,1,0,1,
OSPOHTOTAL,SAZBADPH,4,8,1,4,,5,-2,1,
OSPOHTOTAL,MENA,5,14,0,3,3,,0,1,WIN1250
OSPOHTOTAL,ZAKLAD,6,16,1,8,,15,-2,1,
OSPOHTOTAL,DPH,7,16,1,8,,15,-2,1,
OSPOHTOTAL,DZAKLAD,8,16,1,8,,15,-2,1,
OSPOHTOTAL,DDPH,9,16,1,8,,15,-2,1,
OSPOHTOTAL,DOPOCZAKL,10,16,1,8,,15,-2,1,
OSPOHTOTAL,DOPOCDPH,11,16,1,8,,15,-2,1,
OSPOHTOTAL,DDOPOCZAKL,12,16,1,8,,15,-2,1,
OSPOHTOTAL,DDOPOCDPH,13,16,1,8,,15,-2,1,
OSPOHTOTAL,ODPOCETDPH,14,16,1,8,,15,-2,1,
OSPOHUHR,IDR,0,8,0,4,,0,0,1,
OSPOHUHR,UPDCNT,1,8,0,4,,0,0,1,
OSPOHUHR,IDPZ,2,8,0,4,,0,0,1,
OSPOHUHR,IDPOKDOK,3,8,0,4,,0,0,0,
OSPOHUHR,IDINTDOK,4,8,0,4,,0,0,0,
OSPOHUHR,IDBANOBRAT,5,8,0,4,,0,0,0,
OSPOHUHR,IDZAPOCPOL,6,8,0,4,,0,0,0,
OSPOHUHR,IDPOKL,7,8,0,4,,0,0,0,
OSPOHUHR,IDBANKY,8,8,0,4,,0,0,0,
OSPOHUHR,ZPUSOBUHR,9,7,1,2,,1,0,1,
OSPOHUHR,DATUM,10,12,0,4,,,0,1,
OSPOHUHR,CIASTKA,11,16,1,8,,15,-2,1,
OSPOHUHR,DOKLAD,12,14,0,10,10,,0,1,WIN1250
OSPOHUHR,MENA,13,14,0,3,3,,0,0,WIN1250
OSPOHUHR,KURZ,14,16,1,8,,13,-6,1,
OSPOHUHR,KURZ_POCJEDN,15,16,1,8,,13,-6,1,
OSPOHUHR,CSTMENA,16,16,1,8,,15,-2,1,
OSPOHUHR,CSTMENAFA,17,16,1,8,,15,-2,1,
OSPOHUHR,LOG_DATE,18,35,0,8,,,0,1,
OSPOHUHR,LOG_USER,19,14,0,31,31,,0,1,WIN1250
OSZAV,IDPZ,0,8,0,4,,0,0,1,
OSZAV,UPDCNT,1,8,0,4,,0,0,1,
OSZAV,UUID,2,14,0,36,36,,0,1,WIN1250
OSZAV,DOTRIGGER,3,7,1,2,,1,0,0,
OSZAV,CISLO,4,14,0,10,10,,0,1,WIN1250
OSZAV,ORIGCISDOK,5,14,0,50,50,,0,1,WIN1250
OSZAV,ORIGCIS2,6,14,0,50,50,,0,1,WIN1250
OSZAV,EKASA_UID,7,14,0,44,44,,0,1,WIN1250
OSZAV,FIXACECST,8,14,0,1,1,,0,1,WIN1250
OSZAV,CENYSDPH,9,14,0,1,1,,0,1,WIN1250
OSZAV,HMOTNOST,10,16,1,8,,15,-6,1,
OSZAV,DOBROPIS_PRO,11,14,0,10,10,,0,1,WIN1250
OSZAV,VRUBOPIS_PRO,12,14,0,10,10,,0,1,WIN1250
OSZAV,ICO,13,14,0,12,12,,0,0,WIN1250
OSZAV,IDADRBAN,14,8,0,4,,0,0,0,
OSZAV,TYP,15,14,0,10,10,,0,1,WIN1250
OSZAV,TYPDPH,16,7,1,2,,2,0,1,
OSZAV,REZIM_DPH,17,7,1,2,,1,0,1,
OSZAV,STAT_DPH,18,14,0,2,2,,0,1,WIN1250
OSZAV,VATNUMBER,19,14,0,17,17,,0,0,WIN1250
OSZAV,KH_LEASING,20,14,0,1,1,,0,1,WIN1250
OSZAV,TEXT,21,14,0,30,30,,0,1,WIN1250
OSZAV,DATVYSTAVE,22,12,0,4,,,0,0,
OSZAV,DATSPLATNO,23,12,0,4,,,0,0,
OSZAV,DATZDANPLN,24,12,0,4,,,0,0,
OSZAV,DATDANPOV,25,12,0,4,,,0,0,
OSZAV,DATDODANI,26,12,0,4,,,0,0,
OSZAV,ZAKL0,27,16,1,8,,15,-2,1,
OSZAV,ZAKL1,28,16,1,8,,15,-2,1,
OSZAV,ZAKL2,29,16,1,8,,15,-2,1,
OSZAV,MIMODPH,30,16,1,8,,15,-2,1,
OSZAV,DPH1,31,16,1,8,,15,-2,1,
OSZAV,DPH2,32,16,1,8,,15,-2,1,
OSZAV,CELKEM,33,16,1,8,,16,-2,0,
OSZAV,COLZAKL1,34,16,1,8,,15,-2,1,
OSZAV,COLZAKL2,35,16,1,8,,15,-2,1,
OSZAV,COLDPH1,36,16,1,8,,15,-2,1,
OSZAV,COLDPH2,37,16,1,8,,15,-2,1,
OSZAV,DZAKL0,38,16,1,8,,15,-2,1,
OSZAV,DZAKL1,39,16,1,8,,15,-2,1,
OSZAV,DZAKL2,40,16,1,8,,15,-2,1,
OSZAV,DMIMODPH,41,16,1,8,,15,-2,1,
OSZAV,DDPH1,42,16,1,8,,15,-2,1,
OSZAV,DDPH2,43,16,1,8,,15,-2,1,
OSZAV,DCOLZAKL1,44,16,1,8,,15,-2,1,
OSZAV,DCOLZAKL2,45,16,1,8,,15,-2,1,
OSZAV,DCOLDPH1,46,16,1,8,,15,-2,1,
OSZAV,DCOLDPH2,47,16,1,8,,15,-2,1,
OSZAV,CELK_ZAHR,48,16,1,8,,15,-2,0,
OSZAV,MENA,49,14,0,3,3,,0,1,WIN1250
OSZAV,KURZ_ZAHR,50,16,1,8,,13,-6,1,
OSZAV,KURZ_SK,51,16,1,8,,13,-6,1,
OSZAV,DKURZ_ZAHR,52,16,1,8,,13,-6,0,
OSZAV,DKURZ_SK,53,16,1,8,,13,-6,0,
OSZAV,KURZ_EUR,54,16,1,8,,13,-6,1,
OSZAV,KURZ_EUR_P,55,16,1,8,,13,-6,1,
OSZAV,POZNAMKA_1,56,14,0,30,30,,0,1,WIN1250
OSZAV,POZNAMKA_2,57,14,0,30,30,,0,1,WIN1250
OSZAV,POZNAMKA_3,58,14,0,30,30,,0,1,WIN1250
OSZAV,STREDISKO,59,14,0,6,6,,0,1,WIN1250
OSZAV,CISLO_ZAK,60,14,0,15,15,,0,1,WIN1250
OSZAV,PLATKAR,61,7,1,2,,3,0,0,
OSZAV,CISPLATKAR,62,14,0,20,20,,0,1,WIN1250
OSZAV,TYP_DOKL,63,14,0,2,2,,0,1,WIN1250
OSZAV,POZNAMKA,64,261,1,8,,,0,0,WIN1250
OSZAV,VARSYMB,65,14,0,10,10,,0,1,WIN1250
OSZAV,KONSTSYMB,66,14,0,8,8,,0,1,WIN1250
OSZAV,PRIKAZKUHR,67,7,1,2,,1,0,1,
OSZAV,TYP_POL,68,14,0,10,10,,0,0,WIN1250
OSZAV,UDPREDKONT,69,8,1,4,,7,-3,0,
OSZAV,PDSYNTET,70,7,1,2,,2,0,0,
OSZAV,PDANALYT,71,7,1,2,,3,0,0,
OSZAV,LOG_DATE,72,35,0,8,,,0,1,
OSZAV,LOG_USER,73,14,0,31,31,,0,1,WIN1250
OSZAV,CALCPARAM,74,14,0,200,200,,0,1,WIN1250
OSZAV,USRFLD1,75,14,0,40,40,,0,1,WIN1250
OSZAV,USRFLD2,76,14,0,40,40,,0,1,WIN1250
OSZAV,USRFLD3,77,14,0,40,40,,0,1,WIN1250
OSZAV,USRFLD4,78,14,0,40,40,,0,1,WIN1250
OSZAV,USRFLD5,79,14,0,40,40,,0,1,WIN1250
OSZAVPOL,IDR,0,8,0,4,,0,0,1,
OSZAVPOL,IDPZ,1,8,0,4,,0,0,1,
OSZAVPOL,UPDCNT,2,8,0,4,,0,0,1,
OSZAVPOL,IDSKPOH,3,8,0,4,,0,0,0,
OSZAVPOL,IDSKPOHPOL,4,8,0,4,,0,0,0,
OSZAVPOL,IDOBJPOL,5,8,0,4,,0,0,0,
OSZAVPOL,IDOPR,6,8,0,4,,0,0,0,
OSZAVPOL,IDOPRMAT,7,8,0,4,,0,0,0,
OSZAVPOL,TYP_RADKU,8,7,1,2,,3,0,1,
OSZAVPOL,TYP_SUM,9,7,1,2,,3,0,1,
OSZAVPOL,TYPDPH,10,7,1,2,,2,0,0,
OSZAVPOL,TEXT,11,14,0,100,100,,0,1,WIN1250
OSZAVPOL,MJ,12,14,0,3,3,,0,1,WIN1250
OSZAVPOL,POCETMJ,13,16,1,8,,15,-6,0,
OSZAVPOL,CENAMJ,14,16,1,8,,17,-6,1,
OSZAVPOL,SLEVAMJ,15,16,1,8,,17,-6,1,
OSZAVPOL,DPH,16,16,1,8,,17,-6,1,
OSZAVPOL,SADZBADPH,17,8,1,4,,5,-2,1,
OSZAVPOL,ZLAVA,18,8,1,4,,6,-2,1,
OSZAVPOL,RIADOK,19,8,1,4,,9,0,1,
OSZAVPOL,CISLOKAR,20,16,1,8,,10,-2,0,
OSZAVPOL,STREDISKO,21,14,0,6,6,,0,1,WIN1250
OSZAVPOL,CISLO_ZAK,22,14,0,15,15,,0,1,WIN1250
OSZAVPOL,TYP_POL,23,14,0,10,10,,0,0,WIN1250
OSZAVPOL,HMOTNOST,24,16,1,8,,15,-6,1,
OSZAVPOL,LOG_DATE,25,35,0,8,,,0,1,
OSZAVPOL,LOG_USER,26,14,0,31,31,,0,1,WIN1250
OSZAVSPL,IDR,0,8,0,4,,0,0,1,
OSZAVSPL,UPDCNT,1,8,0,4,,0,0,1,
OSZAVSPL,IDPZ,2,8,0,4,,0,0,1,
OSZAVSPL,IDBANKY,3,8,0,4,,0,0,0,
OSZAVSPL,IDADRBAN,4,8,0,4,,0,0,0,
OSZAVSPL,DATUM,5,12,0,4,,,0,1,
OSZAVSPL,CSTMENADOK,6,16,1,8,,15,-2,1,
OSZAVSPL,FORMAUHRAD,7,14,0,10,10,,0,1,WIN1250
OSZAVSPL,VARSYMB,8,14,0,10,10,,0,1,WIN1250
OSZAVSPL,KONSTSYMB,9,14,0,8,8,,0,1,WIN1250
OSZAVSPL,SPECISYMB,10,14,0,10,10,,0,1,WIN1250
OSZAVSPL,POZNAMKA,11,14,0,100,100,,0,1,WIN1250
OSZAVSPL,LOG_DATE,12,35,0,8,,,0,1,
OSZAVSPL,LOG_USER,13,14,0,31,31,,0,1,WIN1250
OSZAVTOTAL,IDR,0,8,0,4,,0,0,1,
OSZAVTOTAL,IDMR,1,8,0,4,,0,0,1,
OSZAVTOTAL,TYPDPH,2,7,1,2,,2,0,1,
OSZAVTOTAL,TYPSAZBY,3,7,1,2,,1,0,1,
OSZAVTOTAL,SAZBADPH,4,8,1,4,,5,-2,1,
OSZAVTOTAL,MENA,5,14,0,3,3,,0,1,WIN1250
OSZAVTOTAL,ZAKLAD,6,16,1,8,,15,-2,1,
OSZAVTOTAL,DPH,7,16,1,8,,15,-2,1,
OSZAVTOTAL,DZAKLAD,8,16,1,8,,15,-2,1,
OSZAVTOTAL,DDPH,9,16,1,8,,15,-2,1,
OSZAVTOTAL,DOPOCZAKL,10,16,1,8,,15,-2,1,
OSZAVTOTAL,DOPOCDPH,11,16,1,8,,15,-2,1,
OSZAVTOTAL,DDOPOCZAKL,12,16,1,8,,15,-2,1,
OSZAVTOTAL,DDOPOCDPH,13,16,1,8,,15,-2,1,
OSZAVTOTAL,ODPOCETDPH,14,16,1,8,,15,-2,1,
OSZAVUHR,IDR,0,8,0,4,,0,0,1,
OSZAVUHR,UPDCNT,1,8,0,4,,0,0,1,
OSZAVUHR,IDPZ,2,8,0,4,,0,0,1,
OSZAVUHR,IDPOKDOK,3,8,0,4,,0,0,0,
OSZAVUHR,IDINTDOK,4,8,0,4,,0,0,0,
OSZAVUHR,IDBANOBRAT,5,8,0,4,,0,0,0,
OSZAVUHR,IDZAPOCPOL,6,8,0,4,,0,0,0,
OSZAVUHR,IDPOKL,7,8,0,4,,0,0,0,
OSZAVUHR,IDBANKY,8,8,0,4,,0,0,0,
OSZAVUHR,ZPUSOBUHR,9,7,1,2,,1,0,1,
OSZAVUHR,DATUM,10,12,0,4,,,0,1,
OSZAVUHR,CIASTKA,11,16,1,8,,15,-2,1,
OSZAVUHR,DOKLAD,12,14,0,10,10,,0,1,WIN1250
OSZAVUHR,MENA,13,14,0,3,3,,0,0,WIN1250
OSZAVUHR,KURZ,14,16,1,8,,13,-6,1,
OSZAVUHR,KURZ_POCJEDN,15,16,1,8,,13,-6,1,
OSZAVUHR,CSTMENA,16,16,1,8,,15,-2,1,
OSZAVUHR,CSTMENAFA,17,16,1,8,,15,-2,1,
OSZAVUHR,LOG_DATE,18,35,0,8,,,0,1,
OSZAVUHR,LOG_USER,19,14,0,31,31,,0,1,WIN1250
O_BARVA,CISLO,0,8,0,4,,0,0,1,
O_BARVA,NAZOV,1,14,0,25,25,,0,1,WIN1250
O_BARVA,INDEXGRP,2,8,0,4,,0,0,1,
O_CENY,CISLO,0,8,0,4,,0,0,1,
O_CENY,DATUMOD,1,12,0,4,,,0,1,
O_CENY,POUZITI,2,8,0,4,,0,0,1,
O_CENY,TYPOBALU,3,8,0,4,,0,0,1,
O_CENY,MATERIAL,4,8,0,4,,0,0,1,
O_CENY,PLASTY,5,8,0,4,,0,0,0,
O_CENY,KOVY,6,8,0,4,,0,0,0,
O_CENY,CENA,7,16,1,8,,12,-2,1,
O_JEDNOTKY,CISLO,0,8,0,4,,0,0,1,
O_JEDNOTKY,KOEFIC,1,16,1,8,,15,-6,1,
O_JEDNOTKY,NAZOV,2,14,0,2,2,,0,1,WIN1250
O_KOMPOZIT,CISLO,0,8,0,4,,0,0,1,
O_KOMPOZIT,NAZOV,1,14,0,25,25,,0,1,WIN1250
O_KOMPOZIT,INDEXGRP,2,8,0,4,,0,0,1,
O_KOVY,CISLO,0,8,0,4,,0,0,1,
O_KOVY,NAZOV,1,14,0,25,25,,0,1,WIN1250
O_KOVY,INDEXGRP,2,7,1,2,,3,0,1,
O_MATERIAL,CISLO,0,8,0,4,,0,0,1,
O_MATERIAL,NAZOV,1,14,0,25,25,,0,1,WIN1250
O_MATERIAL,INDEXGRP,2,7,1,2,,3,0,1,
O_OBJEM,CISLO,0,8,0,4,,0,0,1,
O_OBJEM,NAZOV,1,14,0,25,25,,0,1,WIN1250
O_OBJEM,INDEXGRP,2,8,0,4,,0,0,1,
O_OBSAH,CISLO,0,8,0,4,,0,0,1,
O_OBSAH,NAZOV,1,14,0,25,25,,0,1,WIN1250
O_OBSAH,INDEXGRP,2,8,0,4,,0,0,1,
O_ODMENY,CISLO,0,8,0,4,,0,0,1,
O_ODMENY,NAZOV,1,14,0,25,25,,0,1,WIN1250
O_ODMENY,INDEXGRP,2,7,1,2,,3,0,1,
O_PLASTY,CISLO,0,8,0,4,,0,0,1,
O_PLASTY,NAZOV,1,14,0,25,25,,0,1,WIN1250
O_PLASTY,INDEXGRP,2,7,1,2,,3,0,1,
O_POUZITI,CISLO,0,8,0,4,,0,0,1,
O_POUZITI,NAZOV,1,14,0,25,25,,0,1,WIN1250
O_POUZITI,INDEXGRP,2,7,1,2,,3,0,1,
O_PUVOD,CISLO,0,8,0,4,,0,0,1,
O_PUVOD,NAZOV,1,14,0,35,35,,0,1,WIN1250
O_PUVOD,INDEXGRP,2,7,1,2,,3,0,1,
O_SPEC_EV,CISLO,0,8,0,4,,0,0,1,
O_SPEC_EV,NAZOV,1,14,0,35,35,,0,1,WIN1250
O_SPEC_EV,INDEXGRP,2,7,1,2,,3,0,1,
O_SUROVINA,CISLO,0,8,0,4,,0,0,1,
O_SUROVINA,NAZOV,1,14,0,25,25,,0,1,WIN1250
O_SUROVINA,INDEXGRP,2,8,0,4,,0,0,1,
O_TYPOBALU,CISLO,0,8,0,4,,0,0,1,
O_TYPOBALU,NAZOV,1,14,0,25,25,,0,1,WIN1250
O_TYPOBALU,INDEXGRP,2,7,1,2,,3,0,1,
O_VYRAZENI,CISLO,0,8,0,4,,0,0,1,
O_VYRAZENI,NAZOV,1,14,0,25,25,,0,1,WIN1250
O_VYRAZENI,INDEXGRP,2,7,1,2,,3,0,1,
PALIVA,ODDATA,0,12,0,4,,,0,1,
PALIVA,DODATA,1,12,0,4,,,0,0,
PALIVA,DRUH,2,14,0,10,10,,0,1,WIN1250
PALIVA,CENA,3,8,1,4,,7,-3,1,
PALIVA,UPDCNT,4,8,0,4,,0,0,1,
PAYTITLE,IDR,0,8,0,4,,0,0,1,
PAYTITLE,KOD,1,14,0,3,3,,0,1,WIN1250
PAYTITLE,POPIS,2,14,0,65,65,,0,1,WIN1250
PAYTITLE,AKTIVNI,3,14,0,1,1,,0,1,WIN1250
PCARKODY,IDKOD,0,14,0,5,5,,0,1,WIN1250
PCARKODY,STRUKOD,1,14,0,20,20,,0,1,WIN1250
PDPOCSTAVY,IDR,0,8,0,4,,0,0,1,
PDPOCSTAVY,UPDCNT,1,8,0,4,,0,0,1,
PDPOCSTAVY,IDTYP,2,8,0,4,,0,0,1,
PDPOCSTAVY,STREDISKO,3,14,0,6,6,,0,1,WIN1250
PDPOCSTAVY,POCSTAV,4,16,1,8,,15,-2,1,
PDPOHYBY,IDR,0,8,0,4,,0,0,1,
PDPOHYBY,SYNTET,1,7,1,2,,3,0,1,
PDPOHYBY,ANALYT,2,7,1,2,,3,0,1,
PDPOHYBY,PDPRIJEM,3,14,0,1,1,,0,1,WIN1250
PDPOHYBY,DANOVY,4,14,0,1,1,,0,1,WIN1250
PDPOHYBY,ZUCTDPH,5,14,0,1,1,,0,1,WIN1250
PDPOHYBY,TEXT,6,14,0,50,50,,0,1,WIN1250
PDPOHYBY,PLATNOSTOD,7,12,0,4,,,0,0,
PDPOHYBY,PLATNOSTDO,8,12,0,4,,,0,0,
PDPREDKONT,IDR,0,8,0,4,,0,0,1,
PDPREDKONT,UPDCNT,1,8,0,4,,0,0,1,
PDPREDKONT,CISLO,2,8,1,4,,7,-3,1,
PDPREDKONT,TEXT,3,14,0,100,100,,0,1,WIN1250
PDPREDKONT,SYNTET,4,7,1,2,,2,0,1,
PDPREDKONT,ANALYT,5,7,1,2,,3,0,1,
PDPREDKONT,CIASTKA,6,16,1,8,,15,-2,0,
PDPREDKONT,SADZBADPH,7,8,1,4,,5,-2,0,
PDPREDKONT,DPH,8,16,1,8,,15,-2,0,
PDPREDKONT,STREDISKO,9,14,0,6,6,,0,1,WIN1250
PDPREDKONT,CISLO_ZAK,10,14,0,15,15,,0,1,WIN1250
PDTYPYPS,IDR,0,8,0,4,,0,0,1,
PDTYPYPS,POPIS,1,14,0,20,20,,0,1,WIN1250
PDTYPYPS,TYP,2,7,1,2,,2,0,1,
PDVYKAZY,IDR,0,8,0,4,,0,0,1,
PDVYKAZY,TYP,1,7,1,2,,2,0,1,
PDVYKAZY,UZAVRENO,2,14,0,1,1,,0,1,WIN1250
PDVYKAZY,REPORTNAME,3,14,0,20,20,,0,1,WIN1250
PDVYKAZY,POPIS,4,14,0,100,100,,0,1,WIN1250
PDVYKAZY,DATUMOD,5,12,0,4,,,0,1,
PDVYKAZY,DATUMDO,6,12,0,4,,,0,1,
PDVYKAZYP,REFID,0,8,0,4,,0,0,1,
PDVYKAZYP,ITEMNAME,1,14,0,20,20,,0,1,WIN1250
PDVYKAZYP,PARTNO,2,7,1,2,,3,0,1,
PDVYKAZYP,ITEMVALUE,3,14,0,30,30,,0,1,WIN1250
PDVYKAZYPV,IDR,0,8,0,4,,0,0,1,
PDVYKAZYPV,TYP,1,7,1,2,,2,0,1,
PDVYKAZYPV,UZAVRENO,2,14,0,1,1,,0,1,WIN1250
PDVYKAZYPV,REPORTNAME,3,14,0,20,20,,0,1,WIN1250
PDVYKAZYPV,POPIS,4,14,0,100,100,,0,1,WIN1250
PDVYKAZYPV,DATUMOD,5,12,0,4,,,0,1,
PDVYKAZYPV,DATUMDO,6,12,0,4,,,0,1,
PDVYKAZYUZ,IDR,0,8,0,4,,0,0,1,
PDVYKAZYUZ,TYP,1,7,1,2,,2,0,1,
PDVYKAZYUZ,UZAVRENO,2,14,0,1,1,,0,1,WIN1250
PDVYKAZYUZ,REPORTNAME,3,14,0,20,20,,0,1,WIN1250
PDVYKAZYUZ,POPIS,4,14,0,100,100,,0,1,WIN1250
PDVYKAZYUZ,DATUMOD,5,12,0,4,,,0,1,
PDVYKAZYUZ,DATUMDO,6,12,0,4,,,0,1,
PDVYKPVP,REFID,0,8,0,4,,0,0,1,
PDVYKPVP,ITEMNAME,1,14,0,20,20,,0,1,WIN1250
PDVYKPVP,PARTNO,2,7,1,2,,3,0,1,
PDVYKPVP,ITEMVALUE,3,14,0,30,30,,0,1,WIN1250
PDVYKUZP,REFID,0,8,0,4,,0,0,1,
PDVYKUZP,ITEMNAME,1,14,0,20,20,,0,1,WIN1250
PDVYKUZP,PARTNO,2,7,1,2,,3,0,1,
PDVYKUZP,ITEMVALUE,3,14,0,30,30,,0,1,WIN1250
PENDE,IDPD,0,8,0,4,,0,0,1,
PENDE,UPDCNT,1,8,0,4,,0,0,1,
PENDE,IDPDX,2,8,0,4,,0,0,0,
PENDE,IDPOKL,3,8,0,4,,0,0,0,
PENDE,IDBANKY,4,8,0,4,,0,0,0,
PENDE,IDUHR_FV,5,8,0,4,,0,0,0,
PENDE,IDUHR_FP,6,8,0,4,,0,0,0,
PENDE,IDUHR_PH,7,8,0,4,,0,0,0,
PENDE,IDUHR_ZV,8,8,0,4,,0,0,0,
PENDE,IDPOKDOK,9,8,0,4,,0,0,0,
PENDE,IDINTDOK,10,8,0,4,,0,0,0,
PENDE,IDBANOBRAT,11,8,0,4,,0,0,0,
PENDE,CISLO,12,8,1,4,,6,0,1,
PENDE,CISLOARCH,13,8,0,4,,0,0,1,
PENDE,ZDROJ,14,14,0,16,16,,0,1,WIN1250
PENDE,DOKLAD,15,14,0,10,10,,0,1,WIN1250
PENDE,TEXT,16,14,0,50,50,,0,1,WIN1250
PENDE,DATUM,17,12,0,4,,,0,1,
PENDE,MENA,18,14,0,3,3,,0,1,WIN1250
PENDE,KURZ_ZAHR,19,16,1,8,,13,-6,1,
PENDE,KURZ_SK,20,16,1,8,,13,-6,1,
PENDE,POZNAMKA,21,261,1,8,,,0,0,WIN1250
PENDEPOL,IDR,0,8,0,4,,0,0,1,
PENDEPOL,IDPD,1,8,0,4,,0,0,1,
PENDEPOL,UPDCNT,2,8,0,4,,0,0,1,
PENDEPOL,POHYB,3,7,1,2,,2,0,1,
PENDEPOL,ANALYTIKA,4,7,1,2,,3,0,1,
PENDEPOL,STREDISKO,5,14,0,6,6,,0,1,WIN1250
PENDEPOL,CISLO_ZAK,6,14,0,15,15,,0,1,WIN1250
PENDEPOL,TEXT,7,14,0,100,100,,0,1,WIN1250
PENDEPOL,PARSYMBOL,8,14,0,16,16,,0,1,WIN1250
PENDEPOL,CIASTKA,9,16,1,8,,15,-2,1,
PENDEPOL,DPH,10,16,1,8,,15,-2,1,
PENDEPOL,SADZBADPH,11,8,1,4,,5,-2,1,
PENDEPOL,SUMA_ZAHR,12,16,1,8,,15,-2,1,
PENDEPOL,PODPISZAZ1,13,14,0,31,31,,0,1,WIN1250
PENDEPOL,DATUMZAZ1,14,35,0,8,,,0,1,
PENDEPOL,PODPISZAZ2,15,14,0,31,31,,0,1,WIN1250
PENDEPOL,DATUMZAZ2,16,35,0,8,,,0,0,
PENDEPOL,LOG_DATE,17,35,0,8,,,0,1,
PENDEPOL,LOG_USER,18,14,0,31,31,,0,1,WIN1250
PEVIDLISTKY,ID_PEVIDLISTKY,0,8,0,4,,0,0,1,
PEVIDLISTKY,PORADCISLO,1,14,0,5,5,,0,1,WIN1250
PEVIDLISTKY,DATUM,2,12,0,4,,,0,1,
PEVIDLISTKY,POCETZASI,3,8,1,4,,7,0,1,
PEVIDLISTKY,UHRN,4,8,1,4,,9,-2,1,
PEVIDLISTKY,DATUMOD,5,12,0,4,,,0,1,
PEVIDLISTKY,DATUMDO,6,12,0,4,,,0,1,
PEVIDPOLOZKY,ID_PEVIDPOLOZKY,0,8,0,4,,0,0,1,
PEVIDPOLOZKY,ID_PEVIDLISTKY,1,8,0,4,,0,0,1,
PEVIDPOLOZKY,POPISSKUP,2,14,0,50,50,,0,1,WIN1250
PEVIDPOLOZKY,POCETKUSU,3,8,1,4,,7,0,0,
PEVIDPOLOZKY,KUSCENA,4,8,1,4,,9,-2,0,
PEVIDPOLOZKY,CELKCENA,5,8,1,4,,9,-2,0,
PEVIDPOLOZKY,POZNAMKA,6,14,0,100,100,,0,1,WIN1250
PGEIS_DOPR,IDR,0,8,0,4,,0,0,1,
PGEIS_DOPR,ID_TRASA,1,14,0,4,4,,0,1,WIN1250
PGEIS_DOPR,ID_DEPO,2,8,0,4,,0,0,1,
PGEIS_DOPR,PSCOD,3,14,0,6,6,,0,1,WIN1250
PGEIS_DOPR,PSCDO,4,14,0,6,6,,0,1,WIN1250
PGEIS_DOPR,NAZEV,5,14,0,70,70,,0,1,WIN1250
PGEIS_DOPR,ADRESA,6,14,0,70,70,,0,1,WIN1250
PGEIS_DOPR,TELEFON,7,14,0,17,17,,0,1,WIN1250
PGEIS_DOPR,FAX,8,14,0,17,17,,0,1,WIN1250
PGEIS_DOPR,STATKOD,9,14,0,2,2,,0,1,WIN1250
PGEIS_DOPR,TYPPOS,10,14,0,10,10,,0,1,WIN1250
PHM,DRUH,0,14,0,10,10,,0,1,WIN1250
PHM,MJ,1,14,0,5,5,,0,1,WIN1250
PLATIDLA,IDR,0,8,0,4,,0,0,1,
PLATIDLA,MENA,1,14,0,3,3,,0,1,WIN1250
PLATIDLA,NOMINAL,2,16,1,8,,15,-6,1,
PLATIDLA,MINCE,3,14,0,1,1,,0,1,WIN1250
PLATIDLA,UPDCNT,4,8,0,4,,0,0,1,
PLKARTY,CISLO,0,7,1,2,,3,0,1,
PLKARTY,NAZOV,1,14,0,20,20,,0,1,WIN1250
POCZOS,IDR,0,8,0,4,,0,0,1,
POCZOS,UPDCNT,1,8,0,4,,0,0,1,
POCZOS,SYNTET,2,14,0,3,3,,0,1,WIN1250
POCZOS,ANALYT,3,14,0,3,3,,0,1,WIN1250
POCZOS,STREDISKO,4,14,0,6,6,,0,1,WIN1250
POCZOS,CIASTKA,5,16,1,8,,15,-2,1,
POCZOS,DEVIZ,6,16,1,8,,15,-2,1,
POCZOS,ROZPOCET,7,16,1,8,,15,-2,1,
POKL,IDPOKDOK,0,8,0,4,,0,0,1,
POKL,IDPOKL,1,8,0,4,,0,0,1,
POKL,UUID,2,14,0,36,36,,0,1,WIN1250
POKL,DOTRIGGER,3,7,1,2,,1,0,0,
POKL,IDUHR_FV,4,8,0,4,,0,0,0,
POKL,IDUHR_FP,5,8,0,4,,0,0,0,
POKL,IDUHR_PH,6,8,0,4,,0,0,0,
POKL,IDUHR_ZV,7,8,0,4,,0,0,0,
POKL,DRUH,8,14,0,1,1,,0,1,WIN1250
POKL,TYPPD,9,7,1,2,,1,0,0,
POKL,CISLO,10,14,0,10,10,,0,1,WIN1250
POKL,ZDROJ,11,14,0,16,16,,0,1,WIN1250
POKL,ORIGCISDOK,12,14,0,50,50,,0,1,WIN1250
POKL,ORIGCIS2,13,14,0,50,50,,0,1,WIN1250
POKL,EKASA_UID,14,14,0,44,44,,0,1,WIN1250
POKL,ICO,15,14,0,12,12,,0,0,WIN1250
POKL,TYPDPH,16,7,1,2,,2,0,1,
POKL,REZIM_DPH,17,7,1,2,,1,0,1,
POKL,STAT_DPH,18,14,0,2,2,,0,1,WIN1250
POKL,VATNUMBER,19,14,0,17,17,,0,0,WIN1250
POKL,KH_LEASING,20,14,0,1,1,,0,1,WIN1250
POKL,EET_STAV,21,7,1,2,,1,0,1,
POKL,TYP_DOKL,22,14,0,2,2,,0,1,WIN1250
POKL,KODPLNENI,23,14,0,1,1,,0,0,WIN1250
POKL,TYP_POL,24,14,0,10,10,,0,0,WIN1250
POKL,UDPREDKONT,25,8,1,4,,7,-3,0,
POKL,PDSYNTET,26,7,1,2,,2,0,0,
POKL,PDANALYT,27,7,1,2,,3,0,0,
POKL,POPIS,28,14,0,50,50,,0,1,WIN1250
POKL,ZAKL0,29,16,1,8,,15,-2,1,
POKL,ZAKL1,30,16,1,8,,15,-2,1,
POKL,ZAKL2,31,16,1,8,,15,-2,1,
POKL,MIMODPH,32,16,1,8,,15,-2,1,
POKL,DPH1,33,16,1,8,,15,-2,1,
POKL,DPH2,34,16,1,8,,15,-2,1,
POKL,CELKEM,35,16,1,8,,16,-2,0,
POKL,DOPOCDPH1,36,16,1,8,,15,-2,1,
POKL,DOPOCDPH2,37,16,1,8,,15,-2,1,
POKL,DATVYSTAVE,38,12,0,4,,,0,0,
POKL,DATZDANPLN,39,12,0,4,,,0,0,
POKL,DATDANPOV,40,12,0,4,,,0,0,
POKL,DATDODANI,41,12,0,4,,,0,0,
POKL,MENA,42,14,0,3,3,,0,1,WIN1250
POKL,KURZ,43,16,1,8,,13,-6,1,
POKL,KURZ_POCJEDN,44,16,1,8,,13,-6,1,
POKL,KURZ_EUR,45,16,1,8,,13,-6,1,
POKL,KURZ_EUR_P,46,16,1,8,,13,-6,1,
POKL,CELK_ZAHR,47,16,1,8,,15,-2,0,
POKL,FIXACECST,48,14,0,1,1,,0,1,WIN1250
POKL,CENYSDPH,49,14,0,1,1,,0,1,WIN1250
POKL,UPDCNT,50,8,0,4,,0,0,1,
POKL,STREDISKO,51,14,0,6,6,,0,1,WIN1250
POKL,CISLO_ZAK,52,14,0,15,15,,0,1,WIN1250
POKL,HMOTNOST,53,16,1,8,,15,-6,1,
POKL,POZNAMKA,54,261,1,8,,,0,0,WIN1250
POKL,LOG_DATE,55,35,0,8,,,0,1,
POKL,LOG_USER,56,14,0,31,31,,0,1,WIN1250
POKL,CALCPARAM,57,14,0,200,200,,0,1,WIN1250
POKL,USRFLD1,58,14,0,40,40,,0,1,WIN1250
POKL,USRFLD2,59,14,0,40,40,,0,1,WIN1250
POKL,USRFLD3,60,14,0,40,40,,0,1,WIN1250
POKL,USRFLD4,61,14,0,40,40,,0,1,WIN1250
POKL,USRFLD5,62,14,0,40,40,,0,1,WIN1250
POKLPOL,IDR,0,8,0,4,,0,0,1,
POKLPOL,IDPOKDOK,1,8,0,4,,0,0,1,
POKLPOL,UPDCNT,2,8,0,4,,0,0,1,
POKLPOL,IDSKPOH,3,8,0,4,,0,0,0,
POKLPOL,IDSKPOHPOL,4,8,0,4,,0,0,0,
POKLPOL,IDOBJPOL,5,8,0,4,,0,0,0,
POKLPOL,IDOPR,6,8,0,4,,0,0,0,
POKLPOL,IDOPRMAT,7,8,0,4,,0,0,0,
POKLPOL,TYP_RADKU,8,7,1,2,,3,0,1,
POKLPOL,TYP_SUM,9,7,1,2,,3,0,1,
POKLPOL,TYPDPH,10,7,1,2,,2,0,0,
POKLPOL,TEXT,11,14,0,100,100,,0,1,WIN1250
POKLPOL,DOKLAD,12,14,0,10,10,,0,1,WIN1250
POKLPOL,MJ,13,14,0,3,3,,0,1,WIN1250
POKLPOL,POCETMJ,14,16,1,8,,15,-6,0,
POKLPOL,CENAMJ,15,16,1,8,,17,-6,1,
POKLPOL,SLEVAMJ,16,16,1,8,,17,-6,1,
POKLPOL,DPH,17,16,1,8,,17,-6,1,
POKLPOL,SADZBADPH,18,8,1,4,,5,-2,1,
POKLPOL,ZLAVA,19,8,1,4,,6,-2,1,
POKLPOL,RIADOK,20,8,1,4,,9,0,1,
POKLPOL,CISLOKAR,21,16,1,8,,10,-2,0,
POKLPOL,STREDISKO,22,14,0,6,6,,0,1,WIN1250
POKLPOL,CISLO_ZAK,23,14,0,15,15,,0,1,WIN1250
POKLPOL,TYP_POL,24,14,0,10,10,,0,0,WIN1250
POKLPOL,HMOTNOST,25,16,1,8,,15,-6,1,
POKLPOL,LOG_DATE,26,35,0,8,,,0,1,
POKLPOL,LOG_USER,27,14,0,31,31,,0,1,WIN1250
POKLTOTAL,IDR,0,8,0,4,,0,0,1,
POKLTOTAL,IDMR,1,8,0,4,,0,0,1,
POKLTOTAL,TYPDPH,2,7,1,2,,2,0,1,
POKLTOTAL,TYPSAZBY,3,7,1,2,,1,0,1,
POKLTOTAL,SAZBADPH,4,8,1,4,,5,-2,1,
POKLTOTAL,MENA,5,14,0,3,3,,0,1,WIN1250
POKLTOTAL,ZAKLAD,6,16,1,8,,15,-2,1,
POKLTOTAL,DPH,7,16,1,8,,15,-2,1,
POKLTOTAL,DZAKLAD,8,16,1,8,,15,-2,1,
POKLTOTAL,DDPH,9,16,1,8,,15,-2,1,
POKLTOTAL,DOPOCZAKL,10,16,1,8,,15,-2,1,
POKLTOTAL,DOPOCDPH,11,16,1,8,,15,-2,1,
POKLTOTAL,DDOPOCZAKL,12,16,1,8,,15,-2,1,
POKLTOTAL,DDOPOCDPH,13,16,1,8,,15,-2,1,
POKLTOTAL,ODPOCETDPH,14,16,1,8,,15,-2,1,
POLFAK,IDR,0,8,0,4,,0,0,1,
POLFAK,UPDCNT,1,8,0,4,,0,0,1,
POLFAK,CISLO,2,16,1,8,,10,-3,1,
POLFAK,TYP_RADKU,3,7,1,2,,3,0,1,
POLFAK,TYPDPH,4,7,1,2,,2,0,0,
POLFAK,TEXT,5,14,0,100,100,,0,1,WIN1250
POLFAK,MJ,6,14,0,3,3,,0,1,WIN1250
POLFAK,POCETMJ,7,16,1,8,,15,-6,0,
POLFAK,CENAMJ,8,16,1,8,,17,-6,0,
POLFAK,SLEVAMJ,9,16,1,8,,17,-6,0,
POLFAK,DPH,10,16,1,8,,17,-6,0,
POLFAK,SADZBADPH,11,8,1,4,,5,-2,0,
POLFAK,TYPSAZBY,12,7,1,2,,1,0,1,
POLFAK,ZLAVA,13,8,1,4,,6,-2,0,
POLFAK,TYP_POL,14,14,0,10,10,,0,0,WIN1250
POLFAK,HMOTNOST,15,16,1,8,,15,-6,1,
POLFAK,STREDISKO,16,14,0,6,6,,0,0,WIN1250
POLFAK,CISLO_ZAK,17,14,0,15,15,,0,0,WIN1250
POLUCDE,IDR,0,8,0,4,,0,0,1,
POLUCDE,UPDCNT,1,8,0,4,,0,0,1,
POLUCDE,CISLO,2,8,1,4,,7,-3,1,
POLUCDE,TYP,3,7,1,2,,2,0,1,
POLUCDE,TEXT,4,14,0,100,100,,0,1,WIN1250
POLUCDE,DOKLAD,5,14,0,10,10,,0,1,WIN1250
POLUCDE,MADATS,6,14,0,3,3,,0,1,WIN1250
POLUCDE,DALS,7,14,0,3,3,,0,1,WIN1250
POLUCDE,MADATA,8,14,0,3,3,,0,1,WIN1250
POLUCDE,DALA,9,14,0,3,3,,0,1,WIN1250
POLUCDE,CIASTKA,10,16,1,8,,15,-2,0,
POLUCDE,STREDISKO,11,14,0,6,6,,0,1,WIN1250
POLUCDE,CISLO_ZAK,12,14,0,15,15,,0,1,WIN1250
POLUCDE,CINNOST,13,14,0,20,20,,0,0,WIN1250
POSINFO,MAINID,0,14,0,15,15,,0,1,WIN1250
POSINFO,SUBID,1,14,0,5,5,,0,1,WIN1250
POSINFO,PREFIX,2,14,0,20,20,,0,1,WIN1250
POSINFO,POSVALUE,3,14,0,20,20,,0,1,WIN1250
POSINFO,TEXT,4,14,0,40,40,,0,1,WIN1250
POSTCFG,IDR,0,8,0,4,,0,0,1,
POSTCFG,UPDCNT,1,8,0,4,,0,0,1,
POSTCFG,POPIS,2,14,0,50,50,,0,1,WIN1250
POSTCFG,TYPPOUKAZ,3,14,0,5,5,,0,0,WIN1250
POSTCFG,TYPZASIL,4,14,0,5,5,,0,0,WIN1250
POSTCFG,DOBIRKA,5,14,0,1,1,,0,1,WIN1250
POSTCFG,UDANACENA,6,14,0,1,1,,0,1,WIN1250
POSTCFG,ZARADPOUKAZ,7,14,0,1,1,,0,1,WIN1250
POSTCFG,ZARADZASIL,8,14,0,1,1,,0,1,WIN1250
POSTCFG,ZARADOBAL,9,14,0,1,1,,0,1,WIN1250
POSTCFG,TYPOBAL,10,14,0,5,5,,0,0,WIN1250
POSTCFG,POZADSLUZB,11,14,0,15,15,,0,0,WIN1250
POSTCFG,POSEMAIL,12,14,0,1,1,,0,1,WIN1250
POSTCFG,STREDISKO,13,14,0,6,6,,0,1,WIN1250
POSTCFG,STREDPRENOS,14,14,0,1,1,,0,1,WIN1250
POSTCFG,POCETKUSU,15,8,1,4,,7,0,1,
POSTCFG,HMOTPRENOS,16,14,0,1,1,,0,1,WIN1250
POSTCFG,PODCISDOPLN,17,14,0,1,1,,0,1,WIN1250
POSTCFG,ZOBRVYST,18,14,0,1,1,,0,1,WIN1250
POSTCFG,LOKMENA,19,14,0,1,1,,0,1,WIN1250
POSTCFG,ID_PREPRAVCI,20,8,0,4,,0,0,0,
POSTCFG,ROZMERY,21,14,0,9,9,,0,1,WIN1250
POSTCFG,POZNPRENOS,22,14,0,1,1,,0,1,WIN1250
PPOUKAZKY,ID_PPOUKAZKY,0,8,0,4,,0,0,1,
PPOUKAZKY,ID_PTYPYPOUKAZ,1,8,0,4,,0,0,1,
PPOUKAZKY,DATUM,2,12,0,4,,,0,1,
PPOUKAZKY,ID_ADRODES,3,8,0,4,,0,0,0,
PPOUKAZKY,ID_ADRPRIJ,4,8,0,4,,0,0,1,
PPOUKAZKY,STREDISKO,5,14,0,6,6,,0,1,WIN1250
PPOUKAZKY,CASTKA,6,8,1,4,,9,-2,0,
PPOUKAZKY,SYMBOLVARI,7,14,0,10,10,,0,1,WIN1250
PPOUKAZKY,SYMBOLKONST,8,14,0,8,8,,0,1,WIN1250
PPOUKAZKY,SYMBOLSPEC,9,14,0,4,4,,0,1,WIN1250
PPOUKAZKY,OZNACENO,10,14,0,1,1,,0,1,WIN1250
PPOUKAZKY,LHUTAVYPL,11,7,1,2,,2,0,1,
PPOUKAZKY,NEVYPLPRED,12,12,0,4,,,0,0,
PPOUKAZKY,DOVLASTRUKOU,13,14,0,1,1,,0,1,WIN1250
PPOUKAZKY,DODEJKA,14,14,0,1,1,,0,1,WIN1250
PPOUKAZKY,NEUKLADAT,15,14,0,1,1,,0,1,WIN1250
PPOUKAZKY,TEXTZPRAVA,16,14,0,30,30,,0,1,WIN1250
PPOUKAZKY,ID_ADRBANPRIJ,17,8,0,4,,0,0,0,
PPOUKAZKY,ID_ADRBANODES,18,8,0,4,,0,0,0,
PPOUKSAZBA,ID_PPOUKSAZBA,0,8,0,4,,0,0,1,
PPOUKSAZBA,ID_PTYPYPOUKAZ,1,8,0,4,,0,0,1,
PPOUKSAZBA,CASTKAOD,2,8,1,4,,9,-2,0,
PPOUKSAZBA,CASTKADO,3,8,1,4,,9,-2,0,
PPOUKSAZBA,POUKSAZBA,4,8,1,4,,9,-2,0,
PPOZADSLUZBY,ID_PPOZADSLUZBY,0,8,0,4,,0,0,1,
PPOZADSLUZBY,ID_PTYPYZASIL,1,8,0,4,,0,0,1,
PPOZADSLUZBY,ID_PSEZSLUZEB,2,8,0,4,,0,0,1,
PPREPRAVCI,ID_PPREPRAVCI,0,8,0,4,,0,0,1,
PPREPRAVCI,ZKRATKA,1,14,0,10,10,,0,1,WIN1250
PPREPRAVCI,NAZEVPREP,2,14,0,50,50,,0,1,WIN1250
PPREPRAVCI,NAZEVSOUB,3,14,0,30,30,,0,1,WIN1250
PPREPRAVCI,CESTAKSOUB,4,14,0,200,200,,0,1,WIN1250
PPREPRAVCI,PRIPONASOUB,5,14,0,5,5,,0,1,WIN1250
PPREPRAVCI,ODKAZ,6,14,0,100,100,,0,1,WIN1250
PPREPRAVCI,DORUCZPRAVA,7,14,0,100,100,,0,1,WIN1250
PPRIJPOSTA,ID_PPRIJPOSTA,0,8,0,4,,0,0,1,
PPRIJPOSTA,ID_PTYPYPRIJPOSTY,1,8,0,4,,0,0,1,
PPRIJPOSTA,DATUMPRIJ,2,12,0,4,,,0,1,
PPRIJPOSTA,PREDMET,3,14,0,50,50,,0,1,WIN1250
PPRIJPOSTA,JEDNCISPRIJ,4,14,0,20,20,,0,1,WIN1250
PPRIJPOSTA,JEDNCISODES,5,14,0,20,20,,0,1,WIN1250
PPRIJPOSTA,ID_ADRESY,6,8,0,4,,0,0,1,
PPRIJPOSTA,STREDISKO,7,14,0,6,6,,0,1,WIN1250
PPRIJPOSTA,POPIS,8,261,0,8,,,0,0,
PPRIJPOSTA,ID_PVYRIZOVATELE,9,8,0,4,,0,0,1,
PPRIJPOSTA,POZDATVYRIZ,10,12,0,4,,,0,0,
PPRIJPOSTA,DATUMVYRIZ,11,12,0,4,,,0,0,
PPRIJPOSTA,VYTISTENO,12,14,0,1,1,,0,1,WIN1250
PPRIJPOSTA,SPISZNACKA,13,14,0,50,50,,0,1,WIN1250
PPRIJPOSTPRIL,ID_PPRIJPOSTPRIL,0,8,0,4,,0,0,1,
PPRIJPOSTPRIL,ID_PPRIJPOSTA,1,8,0,4,,0,0,1,
PPRIJPOSTPRIL,POPIS,2,14,0,100,100,,0,1,WIN1250
PPRIJPOSTPRIL,NAZEVSOUBORU,3,14,0,200,200,,0,1,WIN1250
PPRIJPOSTPRIL,OBSAHSOUBORU,4,261,0,8,,,0,0,
PRACZARAZ,IDR,0,8,0,4,,0,0,1,
PRACZARAZ,POPIS,1,14,0,50,50,,0,1,WIN1250
PRIKUHR,IDR,0,8,0,4,,0,0,1,
PRIKUHR,TYPVETY,1,14,0,1,1,,0,1,WIN1250
PRIKUHR,DRUHPRIK,2,14,0,1,1,,0,1,WIN1250
PRIKUHR,H_KOMU1,3,14,0,100,100,,0,1,WIN1250
PRIKUHR,H_KOMU2,4,14,0,100,100,,0,1,WIN1250
PRIKUHR,H_MESTO,5,14,0,20,20,,0,1,WIN1250
PRIKUHR,H_KDY,6,12,0,4,,,0,0,
PRIKUHR,H_DATCREAT,7,12,0,4,,,0,0,
PRIKUHR,H_DATSPLAT,8,12,0,4,,,0,0,
PRIKUHR,H_IUCET,9,14,0,17,17,,0,1,WIN1250
PRIKUHR,H_IKODBAN,10,14,0,4,4,,0,1,WIN1250
PRIKUHR,H_MENA,11,14,0,3,3,,0,1,WIN1250
PRIKUHR,H_KONSYMB,12,14,0,4,4,,0,1,WIN1250
PRIKUHR,H_UDAJPRI,13,14,0,30,30,,0,1,WIN1250
PRIKUHR,H_POZNAMKA,14,14,0,50,50,,0,1,WIN1250
PRIKUHR,H_VYSTUP,15,14,0,1,1,,0,1,WIN1250
PRIKUHR,H_IBAN,16,14,0,34,34,,0,1,WIN1250
PRIKUHR,H_SWIFTCODE,17,14,0,12,12,,0,1,WIN1250
PRIKUHR,UPDCNT,18,8,0,4,,0,0,1,
PRIKUHR,TYPEXP,19,7,1,2,,2,0,1,
PRIKUHRPOL,IDR,0,8,0,4,,0,0,1,
PRIKUHRPOL,IDHEAD,1,8,0,4,,0,0,1,
PRIKUHRPOL,INKASO,2,14,0,1,1,,0,1,WIN1250
PRIKUHRPOL,IDFAK,3,8,0,4,,0,0,0,
PRIKUHRPOL,IDSTPL,4,8,0,4,,0,0,0,
PRIKUHRPOL,IDZV,5,8,0,4,,0,0,0,
PRIKUHRPOL,IDMZOD,6,8,0,4,,0,0,0,
PRIKUHRPOL,IDMZPL,7,8,0,4,,0,0,0,
PRIKUHRPOL,IDFV,8,8,0,4,,0,0,0,
PRIKUHRPOL,IDPH,9,8,0,4,,0,0,0,
PRIKUHRPOL,STAT,10,14,0,2,2,,0,1,WIN1250
PRIKUHRPOL,EXTNAZEV,11,14,0,35,35,,0,1,WIN1250
PRIKUHRPOL,EXTUCET,12,14,0,17,17,,0,1,WIN1250
PRIKUHRPOL,EXTIBAN,13,14,0,34,34,,0,1,WIN1250
PRIKUHRPOL,EXTBANKA,14,14,0,35,35,,0,1,WIN1250
PRIKUHRPOL,EXTKODBAN,15,14,0,4,4,,0,1,WIN1250
PRIKUHRPOL,EXTSWIFTCODE,16,14,0,12,12,,0,1,WIN1250
PRIKUHRPOL,CASTKA,17,16,1,8,,15,-2,0,
PRIKUHRPOL,MENA,18,14,0,3,3,,0,1,WIN1250
PRIKUHRPOL,VARSYMB,19,14,0,10,10,,0,1,WIN1250
PRIKUHRPOL,ZVLDISP,20,14,0,6,6,,0,1,WIN1250
PRIKUHRPOL,KONSYMB,21,14,0,4,4,,0,1,WIN1250
PRIKUHRPOL,SPESYMB,22,14,0,10,10,,0,1,WIN1250
PRIKUHRPOL,UDAJPRI,23,14,0,30,30,,0,1,WIN1250
PRIKUHRPOL,AVIZO,24,14,0,140,140,,0,1,WIN1250
PRIKUHRPOL,DATSPLAT,25,12,0,4,,,0,0,
PRIKUHRPOL,IDPOPL,26,8,0,4,,0,0,0,
PRIKUHRPOL,RIADOK,27,8,1,4,,9,0,1,
PRIKUHRPOL,IDRM,28,8,0,4,,0,0,0,
PRIKUHRPOL,UPDCNT,29,8,0,4,,0,0,1,
PRIKUHRPOLZ,IDR,0,8,0,4,,0,0,1,
PRIKUHRPOLZ,IDHEAD,1,8,0,4,,0,0,1,
PRIKUHRPOLZ,IDPOL,2,8,0,4,,0,0,1,
PRIKUHRPOLZ,POPLATKY,3,14,0,3,3,,0,1,WIN1250
PRIKUHRPOLZ,EXPRES,4,14,0,1,1,,0,1,WIN1250
PRIKUHRPOLZ,POZN1,5,14,0,35,35,,0,1,WIN1250
PRIKUHRPOLZ,POZN2,6,14,0,35,35,,0,1,WIN1250
PRIKUHRPOLZ,POZN3,7,14,0,35,35,,0,1,WIN1250
PRIKUHRPOLZ,POZN4,8,14,0,35,35,,0,1,WIN1250
PRIKUHRPOLZ,PLATCE1,9,14,0,35,35,,0,1,WIN1250
PRIKUHRPOLZ,PLATCE2,10,14,0,35,35,,0,1,WIN1250
PRIKUHRPOLZ,PLATCE3,11,14,0,35,35,,0,1,WIN1250
PRIKUHRPOLZ,PLATCE4,12,14,0,35,35,,0,1,WIN1250
PRIKUHRPOLZ,DUVOD1,13,14,0,35,35,,0,1,WIN1250
PRIKUHRPOLZ,DUVOD2,14,14,0,35,35,,0,1,WIN1250
PRIKUHRPOLZ,DUVOD3,15,14,0,35,35,,0,1,WIN1250
PRIKUHRPOLZ,DUVOD4,16,14,0,35,35,,0,1,WIN1250
PRIKUHRPOLZ,PRIJEMCE1,17,14,0,35,35,,0,1,WIN1250
PRIKUHRPOLZ,PRIJEMCE2,18,14,0,35,35,,0,1,WIN1250
PRIKUHRPOLZ,PRIJEMCE3,19,14,0,35,35,,0,1,WIN1250
PRIKUHRPOLZ,PRIJEMCE4,20,14,0,35,35,,0,1,WIN1250
PRIKUHRPOLZ,EXTBANK1,21,14,0,35,35,,0,1,WIN1250
PRIKUHRPOLZ,EXTBANK2,22,14,0,35,35,,0,1,WIN1250
PRIKUHRPOLZ,EXTBANK3,23,14,0,35,35,,0,1,WIN1250
PRIKUHRPOLZ,EXTBANK4,24,14,0,35,35,,0,1,WIN1250
PRIKUHRPOLZ,UPDCNT,25,8,0,4,,0,0,1,
PROFILY,IDR,0,8,0,4,,0,0,1,
PROFILY,USERID,1,7,1,2,,3,0,0,
PROFILY,TYP,2,7,1,2,,3,0,0,
PROFILY,SUBTYP,3,14,0,10,10,,0,1,WIN1250
PROFILY,POPIS,4,14,0,50,50,,0,1,WIN1250
PROFILY,KOD,5,14,0,10,10,,0,1,WIN1250
PROFILYP,REFID,0,8,0,4,,0,0,1,
PROFILYP,ITEMNAME,1,14,0,20,20,,0,1,WIN1250
PROFILYP,PARTNO,2,7,1,2,,3,0,1,
PROFILYP,ITEMVALUE,3,14,0,30,30,,0,1,WIN1250
PROJEKTKON,IDR,0,8,0,4,,0,0,1,
PROJEKTKON,IDRM,1,8,0,4,,0,0,1,
PROJEKTKON,IDRKON,2,8,0,4,,0,0,1,
PROJEKTUSR,IDR,0,8,0,4,,0,0,1,
PROJEKTUSR,IDRM,1,8,0,4,,0,0,1,
PROJEKTUSR,USERID,2,7,1,2,,3,0,1,
PROJEKTUSR,UPDCNT,3,8,0,4,,0,0,1,
PROJEKTUSR,DATZACATEK,4,35,0,8,,,0,1,
PROJEKTUSR,DATKONEC,5,35,0,8,,,0,0,
PROJEKTUSR,POPIS,6,14,0,100,100,,0,1,WIN1250
PROJEKTUSR,LOG_DATE,7,35,0,8,,,0,1,
PROJEKTUSR,LOG_USER,8,14,0,31,31,,0,1,WIN1250
PROJEKTY,IDRM,0,8,0,4,,0,0,1,
PROJEKTY,UPDCNT,1,8,0,4,,0,0,1,
PROJEKTY,CISLO,2,14,0,10,10,,0,1,WIN1250
PROJEKTY,POPIS,3,14,0,100,100,,0,1,WIN1250
PROJEKTY,TYPPROJ,4,14,0,20,20,,0,1,WIN1250
PROJEKTY,ICO,5,14,0,12,12,,0,0,WIN1250
PROJEKTY,ROZPRAC,6,7,1,2,,3,0,1,
PROJEKTY,PRIORITA,7,7,1,2,,1,0,1,
PROJEKTY,STREDISKO,8,14,0,6,6,,0,1,WIN1250
PROJEKTY,CISLO_ZAK,9,14,0,15,15,,0,1,WIN1250
PROJEKTY,DATVYSTAVE,10,12,0,4,,,0,0,
PROJEKTY,DATZACATEK,11,35,0,8,,,0,1,
PROJEKTY,DATKONEC,12,35,0,8,,,0,0,
PROJEKTY,DATPLANKON,13,35,0,8,,,0,0,
PROJEKTY,VYNOSY,14,16,1,8,,15,-2,0,
PROJEKTY,NAKLADY,15,16,1,8,,15,-2,0,
PROJEKTY,VYNOSYZ,16,16,1,8,,15,-2,0,
PROJEKTY,NAKLADYZ,17,16,1,8,,15,-2,0,
PROJEKTY,MENA,18,14,0,3,3,,0,1,WIN1250
PROJEKTY,KURZ_ZAHR,19,16,1,8,,13,-6,1,
PROJEKTY,KURZ_SK,20,16,1,8,,13,-6,1,
PROJEKTY,USRFLD1,21,14,0,40,40,,0,1,WIN1250
PROJEKTY,USRFLD2,22,14,0,40,40,,0,1,WIN1250
PROJEKTY,USRFLD3,23,14,0,40,40,,0,1,WIN1250
PROJEKTY,USRFLD4,24,14,0,40,40,,0,1,WIN1250
PROJEKTY,USRFLD5,25,14,0,40,40,,0,1,WIN1250
PROJEKTY,POZNAMKA,26,261,1,8,,,0,0,WIN1250
PROJEKTY,LOG_DATE,27,35,0,8,,,0,1,
PROJEKTY,LOG_USER,28,14,0,31,31,,0,1,WIN1250
PSC,IDR,0,8,0,4,,0,0,1,
PSC,KOD,1,14,0,5,5,,0,1,WIN1250
PSC,POPIS,2,14,0,64,64,,0,1,WIN1250
PSC,AKTIVNI,3,14,0,1,1,,0,1,WIN1250
PSEZSLUZEB,ID_PSEZSLUZEB,0,8,0,4,,0,0,1,
PSEZSLUZEB,POPISSLUZBY,1,14,0,50,50,,0,1,WIN1250
PSEZSLUZEB,SAZBASLUZBY,2,8,1,4,,9,-2,1,
PSKUPINYZASIL,ID_PSKUPINYZASIL,0,8,0,4,,0,0,1,
PSKUPINYZASIL,POPISSKUP,1,14,0,50,50,,0,1,WIN1250
PSKUPINYZASIL,TYPYZASILEK,2,14,0,100,100,,0,1,WIN1250
PSKUPINYZASIL,KUSCENA,3,8,1,4,,9,-2,0,
PSKUPINYZASIL,POZNAMKA,4,14,0,100,100,,0,1,WIN1250
PSKUPINYZASIL,TISKVZDY,5,14,0,1,1,,0,1,WIN1250
PTYPUDCENY,ID_PTYPUDCENY,0,8,0,4,,0,0,1,
PTYPUDCENY,POPIS,1,14,0,50,50,,0,1,WIN1250
PTYPUDCENY,ID_PPREPRAVCI,2,8,0,4,,0,0,1,
PTYPYOBALEK,ID_PTYPYOBALEK,0,8,0,4,,0,0,1,
PTYPYOBALEK,TYPOBALKY,1,14,0,10,10,,0,1,WIN1250
PTYPYOBALEK,POPIS,2,14,0,50,50,,0,1,WIN1250
PTYPYOBALEK,DELKA,3,16,1,8,,12,-2,1,
PTYPYOBALEK,SIRKA,4,16,1,8,,12,-2,1,
PTYPYOBALEK,VYSKA,5,16,1,8,,12,-2,1,
PTYPYPOUKAZ,ID_PTYPYPOUKAZ,0,8,0,4,,0,0,1,
PTYPYPOUKAZ,TYPPOUKAZ,1,14,0,5,5,,0,1,WIN1250
PTYPYPOUKAZ,POPISPOUKAZ,2,14,0,50,50,,0,1,WIN1250
PTYPYPOUKAZ,KODTRANS,3,14,0,3,3,,0,1,WIN1250
PTYPYPOUKAZ,KODPROD,4,14,0,2,2,,0,1,WIN1250
PTYPYPOUKAZ,KODSLUZ,5,14,0,2,2,,0,1,WIN1250
PTYPYPOUKAZ,KODZPRAC,6,14,0,2,2,,0,1,WIN1250
PTYPYPOUKAZ,REFCISLO,7,14,0,9,9,,0,1,WIN1250
PTYPYPRIJPOSTY,ID_PTYPYPRIJPOSTY,0,8,0,4,,0,0,1,
PTYPYPRIJPOSTY,TYP,1,14,0,10,10,,0,1,WIN1250
PTYPYPRIJPOSTY,POPIS,2,14,0,30,30,,0,1,WIN1250
PTYPYZASIL,ID_PTYPYZASIL,0,8,0,4,,0,0,1,
PTYPYZASIL,TYPZASILKY,1,14,0,5,5,,0,1,WIN1250
PTYPYZASIL,POPISTYPU,2,14,0,50,50,,0,1,WIN1250
PTYPYZASIL,ID_PZASILCENIK,3,8,0,4,,0,0,0,
PTYPYZASIL,ID_PTYPYPOUKAZ,4,8,0,4,,0,0,0,
PTYPYZASIL,ID_PTYPUDCENY,5,8,0,4,,0,0,0,
PTYPYZASIL,PODCISLOTYP,6,7,1,2,,1,0,1,
PTYPYZASIL,PORADITISK,7,7,1,2,,2,0,1,
PTYPYZASIL,POMPORTISK,8,7,1,2,,4,0,1,
PTYPYZASIL,ODSTRANKOVAT,9,14,0,1,1,,0,1,WIN1250
PTYPYZASIL,POCETVYTISKU,10,7,1,2,,1,0,1,
PTYPYZASIL,MAXHMOTNOST,11,8,1,4,,7,-3,1,
PTYPYZASIL,SPOLRADTYP,12,8,0,4,,0,0,0,
PTYPYZASIL,EMAILSUBJ,13,14,0,50,50,,0,1,WIN1250
PTYPYZASIL,EMAILTEXT,14,261,1,8,,,0,0,WIN1250
PTYPYZASIL,ZOBRARCH,15,14,0,1,1,,0,1,WIN1250
PTYPYZASIL,KODSLEVY,16,14,0,10,10,,0,1,WIN1250
PTYPYZASIL,POZSLUZEXP,17,14,0,30,30,,0,1,WIN1250
PTYPYZASIL,XSPOSSPRAC,18,7,1,2,,2,0,1,
PTYPYZASIL,XSPOSUHDOB,19,7,1,2,,2,0,1,
PTYPYZASIL,XDRUHZAS,20,7,1,2,,2,0,1,
PTYPYZASIL,XSLUZBY,21,14,0,30,30,,0,1,WIN1250
PTYPYZASIL,XZPUSUHR,22,7,1,2,,2,0,1,
PTYPYZASIL,XTOVAR,23,14,0,2,2,,0,1,WIN1250
PTYPYZASIL,TRIDA,24,7,1,2,,2,0,1,
PTYPYZASIL,ID_PPREPRAVCI,25,8,0,4,,0,0,0,
PTYPYZASIL,CISRADAOD,26,16,1,8,,11,0,1,
PUDANACENA,ID_PUDANACENA,0,8,0,4,,0,0,1,
PUDANACENA,ID_PTYPUDCENY,1,8,0,4,,0,0,1,
PUDANACENA,UDCENAOD,2,8,1,4,,9,-2,1,
PUDANACENA,UDCENADO,3,8,1,4,,9,-2,1,
PUDANACENA,SAZBA,4,8,1,4,,9,-2,1,
PVYRIZOVATELE,ID_PVYRIZOVATELE,0,8,0,4,,0,0,1,
PVYRIZOVATELE,JMENOVYRIZ,1,14,0,50,50,,0,1,WIN1250
PVYRIZOVATELE,TELEFONVYRIZ,2,14,0,50,50,,0,1,WIN1250
PVYRIZOVATELE,KODVYRIZ,3,14,0,6,6,,0,1,WIN1250
PZAKKARTY,IDRPZK,0,8,0,4,,0,0,1,
PZAKKARTY,IDKOD,1,14,0,10,10,,0,1,WIN1250
PZAKKARTY,STRUKOD,2,14,0,20,20,,0,1,WIN1250
PZAKKARTY,ALTSTRUKOD,3,14,0,20,20,,0,1,WIN1250
PZAKKARTY,POZNAMKA,4,14,0,30,30,,0,1,WIN1250
PZAKKARTY,DATUMDO,5,12,0,4,,,0,1,
PZAKKARTY,AKTIVNI,6,14,0,1,1,,0,1,WIN1250
PZAKKARTY,ZLAVA,7,8,1,4,,6,-2,1,
PZAKKARTY,CENSKUP,8,7,1,2,,4,0,0,
PZAKKARTY,EANKODTYP,9,7,1,2,,4,0,1,
PZAKKARTYP,IDR,0,8,0,4,,0,0,1,
PZAKKARTYP,IDRPZK,1,8,0,4,,0,0,1,
PZAKKARTYP,ZAKKARKOD,2,14,0,20,20,,0,1,WIN1250
PZASILCENIK,ID_PZASILCENIK,0,8,0,4,,0,0,1,
PZASILCENIK,CISLOCENIKU,1,7,1,2,,2,0,0,
PZASILCENIK,POPISCENIKU,2,14,0,50,50,,0,1,WIN1250
PZASILCENIK,DLEHMOTN,3,14,0,1,1,,0,1,WIN1250
PZASILKY,ID_PZASILKY,0,8,0,4,,0,0,1,
PZASILKY,ID_HLAVNI,1,8,0,4,,0,0,0,
PZASILKY,ZASILDATUM,2,12,0,4,,,0,1,
PZASILKY,PODCISLO,3,14,0,20,20,,0,1,WIN1250
PZASILKY,ID_ADRESY,4,8,0,4,,0,0,1,
PZASILKY,DOBIRKA,5,8,1,4,,9,-2,1,
PZASILKY,MENA,6,14,0,3,3,,0,1,WIN1250
PZASILKY,HMOTNOST,7,8,1,4,,7,-3,1,
PZASILKY,DATUMVAZENI,8,35,0,8,,,0,0,
PZASILKY,DATUMVAZENIC,9,12,0,4,,,0,0,
PZASILKY,UDANACENA,10,8,1,4,,9,-2,1,
PZASILKY,VYPLATNE,11,8,1,4,,9,-2,1,
PZASILKY,PREPRAVACENA,12,8,1,4,,9,-2,1,
PZASILKY,LOG_DATE,13,35,0,8,,,0,1,
PZASILKY,LOG_USER,14,14,0,31,31,,0,1,WIN1250
PZASILKY,ROZMERY,15,14,0,9,9,,0,1,WIN1250
PZASILKY,SIRKA,16,16,1,8,,12,-2,1,
PZASILKY,HLOUBKA,17,16,1,8,,12,-2,1,
PZASILKY,VYSKA,18,16,1,8,,12,-2,1,
PZASILKY,SYMBOLVARI,19,14,0,10,10,,0,1,WIN1250
PZASILKY,ID_PTYPYZASIL,20,8,0,4,,0,0,1,
PZASILKY,ID_BANKY,21,8,0,4,,0,0,1,
PZASILKY,OZNACZASIL,22,14,0,1,1,,0,1,WIN1250
PZASILKY,EMAIL,23,14,0,256,256,,0,1,WIN1250
PZASILKY,POSEMAIL,24,14,0,1,1,,0,1,WIN1250
PZASILKY,ODEEMAIL,25,14,0,1,1,,0,1,WIN1250
PZASILKY,ID_PTYPYOBALEK,26,8,0,4,,0,0,0,
PZASILKY,ID_PPRIJPOSTA,27,8,0,4,,0,0,0,
PZASILKY,POCETKUSU,28,8,1,4,,7,0,1,
PZASILKY,STREDISKO,29,14,0,6,6,,0,1,WIN1250
PZASILKY,PICKUPPOINT,30,14,0,20,20,,0,1,WIN1250
PZASILKY,SPISZNACKA,31,14,0,50,50,,0,1,WIN1250
PZASILKY,SYMBOLKONST,32,14,0,8,8,,0,1,WIN1250
PZASILKY,POZNAMKA,33,261,1,8,,,0,0,WIN1250
PZASILKY,ZASILPARAM,34,14,0,200,200,,0,1,WIN1250
PZASILKY,ARCHIVNI,35,14,0,1,1,,0,1,WIN1250
PZASILKY,DORUCENO,36,14,0,1,1,,0,1,WIN1250
PZASILKY,EXPORTOVANO,37,14,0,1,1,,0,1,WIN1250
PZASILSAZBY,ID_PZASILSAZBY,0,8,0,4,,0,0,1,
PZASILSAZBY,ID_PZASILCENIK,1,8,0,4,,0,0,1,
PZASILSAZBY,HMOTNOD,2,8,1,4,,7,-3,1,
PZASILSAZBY,HMOTNDO,3,8,1,4,,7,-3,1,
PZASILSAZBY,SAZBA,4,8,1,4,,9,-2,1,
PZASILSAZBY,SAZBA2,5,8,1,4,,9,-2,1,
SAZBYDPH,IDR,0,8,0,4,,0,0,1,
SAZBYDPH,KODSTAT,1,14,0,2,2,,0,1,WIN1250
SAZBYDPH,POPIS,2,14,0,50,50,,0,1,WIN1250
SAZBYDPH,TYPSAZBY,3,7,1,2,,1,0,1,
SAZBYDPH,UROVEN,4,7,1,2,,1,0,1,
SAZBYDPH,SAZBADPH,5,8,1,4,,5,-2,1,
SAZBYDPH,PLATNOSTOD,6,12,0,4,,,0,0,
SAZBYDPH,PLATNOSTDO,7,12,0,4,,,0,0,
SAZBYDPH,AKTIVNI,8,14,0,1,1,,0,1,WIN1250
SAZEBNIK,IDR,0,8,0,4,,0,0,1,
SAZEBNIK,KOD,1,14,0,8,8,,0,1,WIN1250
SAZEBNIK,DOPLKOD,2,14,0,2,2,,0,1,WIN1250
SAZEBNIK,POPIS,3,14,0,150,150,,0,1,WIN1250
SAZEBNIK,DMJ,4,14,0,3,3,,0,1,WIN1250
SAZEBNIK,HMOTNOST,5,14,0,1,1,,0,1,WIN1250
SAZEBNIK,AKTIVNI,6,14,0,1,1,,0,1,WIN1250
SAZEBNIK,DATUMOD,7,12,0,4,,,0,1,
SAZEBNIK,DATUMDO,8,12,0,4,,,0,1,
SKDRUPOH,IDR,0,8,0,4,,0,0,1,
SKDRUPOH,JEPRIJEM,1,14,0,1,1,,0,1,WIN1250
SKDRUPOH,CISLO,2,7,1,2,,2,0,1,
SKDRUPOH,NAZOV,3,14,0,30,30,,0,1,WIN1250
SKDRUPOH,TYPCENY,4,7,1,2,,1,0,1,
SKDRUPOH,CALCPARAM,5,14,0,200,200,,0,1,WIN1250
SKDRUPOH,POCDMPOL,6,7,1,2,,1,0,1,
SKDRUPOH,ZAOKCELKR,7,7,1,2,,1,0,1,
SKDRUPOH,ZAOKVYNEW,8,8,1,4,,9,-4,1,
SKDRUPOH,ZPZAOKVY,9,7,1,2,,1,0,1,
SKDRUPOH,POLZAOKVY,10,7,1,2,,1,0,1,
SKDRUPOH,CENZAOKVY,11,7,1,2,,1,0,1,
SKDRUPOH,FISKALTISK,12,7,1,2,,1,0,1,
SKDRUPOH,CENSKUP,13,7,1,2,,4,0,0,
SKDRUPOH,CENYSDPH,14,14,0,1,1,,0,1,WIN1250
SKDRUPOH,UPDCNT,15,8,0,4,,0,0,1,
SKDRUPOHZ,IDR,0,8,0,4,,0,0,1,
SKDRUPOHZ,IDRDP,1,8,0,4,,0,0,1,
SKDRUPOHZ,MENA,2,14,0,3,3,,0,1,WIN1250
SKDRUPOHZ,ZAOKVYNEW,3,8,1,4,,9,-4,1,
SKDRUPOHZ,ZPZAOKVY,4,7,1,2,,1,0,1,
SKDRUPOHZ,UPDCNT,5,8,0,4,,0,0,1,
SKISCO,KOD,0,14,0,7,7,,0,1,WIN1250
SKISCO,POPIS,1,14,0,150,150,,0,1,WIN1250
SKKAR,IDR,0,8,0,4,,0,0,1,
SKKAR,CISLO,1,16,1,8,,10,-2,1,
SKKAR,NAZOV,2,14,0,64,64,,0,1,WIN1250
SKKAR,NAZOV2,3,14,0,64,64,,0,1,WIN1250
SKKAR,NAZOV3,4,14,0,64,64,,0,1,WIN1250
SKKAR,CENAMJ,5,16,1,8,,17,-6,1,
SKKAR,KOD,6,14,0,25,25,,0,1,WIN1250
SKKAR,MJ,7,14,0,3,3,,0,1,WIN1250
SKKAR,POZNAMKA,8,14,0,50,50,,0,1,WIN1250
SKKAR,POZNAMKA1,9,261,1,8,,,0,0,WIN1250
SKKAR,DODAVATEL,10,14,0,12,12,,0,0,WIN1250
SKKAR,SADZBADPH,11,8,1,4,,5,-2,1,
SKKAR,TYPSAZBY,12,7,1,2,,1,0,1,
SKKAR,CENYSDPH,13,14,0,1,1,,0,1,WIN1250
SKKAR,BEZDPH,14,14,0,1,1,,0,1,WIN1250
SKKAR,DAN0,15,7,1,2,,1,0,1,
SKKAR,CENA1,16,16,1,8,,17,-6,0,
SKKAR,CENA2,17,16,1,8,,17,-6,0,
SKKAR,CENA3,18,16,1,8,,17,-6,0,
SKKAR,CENA4,19,16,1,8,,17,-6,0,
SKKAR,CENA5,20,16,1,8,,17,-6,0,
SKKAR,RABAT1,21,8,1,4,,7,-3,0,
SKKAR,RABAT2,22,8,1,4,,7,-3,0,
SKKAR,RABAT3,23,8,1,4,,7,-3,0,
SKKAR,RABAT4,24,8,1,4,,7,-3,0,
SKKAR,RABAT5,25,8,1,4,,7,-3,0,
SKKAR,RABPROC1,26,14,0,1,1,,0,1,WIN1250
SKKAR,RABPROC2,27,14,0,1,1,,0,1,WIN1250
SKKAR,RABPROC3,28,14,0,1,1,,0,1,WIN1250
SKKAR,RABPROC4,29,14,0,1,1,,0,1,WIN1250
SKKAR,RABPROC5,30,14,0,1,1,,0,1,WIN1250
SKKAR,MINIMUM,31,16,1,8,,15,-6,1,
SKKAR,NORMA,32,16,1,8,,15,-6,1,
SKKAR,MAXIMUM,33,16,1,8,,15,-6,1,
SKKAR,TLAC,34,14,0,1,1,,0,1,WIN1250
SKKAR,CENA0,35,16,1,8,,17,-6,1,
SKKAR,CISKAT,36,8,1,4,,8,0,0,
SKKAR,KUSY,37,7,1,2,,2,0,1,
SKKAR,TYPKARTY,38,7,1,2,,2,0,1,
SKKAR,SLOZKART,39,14,0,2,2,,0,1,WIN1250
SKKAR,MAKROPRCEN,40,7,1,2,,2,0,1,
SKKAR,UPDCNT,41,8,0,4,,0,0,1,
SKKAR,BALENIE,42,16,1,8,,15,-6,1,
SKKAR,BALENI_DEL,43,7,1,2,,2,0,1,
SKKAR,IDOBAL_K,44,8,0,4,,0,0,0,
SKKAR,IDOBAL_B,45,8,0,4,,0,0,0,
SKKAR,IDOBAL_P,46,8,0,4,,0,0,0,
SKKAR,RABATZC,47,7,1,2,,1,0,0,
SKKAR,DOPREPCEN,48,7,1,2,,3,0,0,
SKKAR,HMOTNOST,49,16,1,8,,15,-6,1,
SKKAR,KOD1,50,14,0,50,50,,0,1,WIN1250
SKKAR,KOD2,51,14,0,50,50,,0,1,WIN1250
SKKAR,KOD3,52,14,0,50,50,,0,1,WIN1250
SKKAR,SKUPINA,53,14,0,10,10,,0,0,WIN1250
SKKAR,POLSA,54,14,0,8,8,,0,0,WIN1250
SKKAR,DOPLKOD,55,14,0,2,2,,0,0,WIN1250
SKKAR,DMJ,56,14,0,3,3,,0,0,WIN1250
SKKAR,KOEFDMJ,57,16,1,8,,15,-6,1,
SKKAR,PUVODST,58,14,0,2,2,,0,0,WIN1250
SKKAR,PUVODKR,59,14,0,2,2,,0,0,WIN1250
SKKAR,TYP_POL,60,14,0,10,10,,0,0,WIN1250
SKKAR,NEHMOTPRD,61,7,1,2,,1,0,1,
SKKAR,POPLATEK,62,7,1,2,,1,0,0,
SKKAR,DOMINUSU,63,14,0,1,1,,0,1,WIN1250
SKKAR,DOMINUSU_Z,64,14,0,1,1,,0,1,WIN1250
SKKAR,ZAKAZCENSK,65,14,0,1,1,,0,1,WIN1250
SKKAR,ZAKAZSLEVY,66,14,0,1,1,,0,1,WIN1250
SKKAR,MAXSLEVAP,67,8,1,4,,6,-2,1,
SKKAR,MAXSLEVAL,68,14,0,5,5,,0,0,WIN1250
SKKAR,RECYKL_KOD,69,14,0,15,15,,0,0,WIN1250
SKKAR,RECYKL_INC,70,14,0,1,1,,0,1,WIN1250
SKKAR,SPOTR_KOD,71,14,0,5,5,,0,0,WIN1250
SKKAR,KOEFSDMJ,72,16,1,8,,15,-6,1,
SKKAR,EKO_KOD,73,14,0,5,5,,0,0,WIN1250
SKKAR,KOEFEDMJ,74,16,1,8,,15,-6,1,
SKKAR,LIH_KOD,75,14,0,5,5,,0,0,WIN1250
SKKAR,KOEFSSBL,76,8,1,4,,6,-2,1,
SKKAR,USRFLD1,77,14,0,40,40,,0,1,WIN1250
SKKAR,USRFLD2,78,14,0,40,40,,0,1,WIN1250
SKKAR,USRFLD3,79,14,0,40,40,,0,1,WIN1250
SKKAR,USRFLD4,80,14,0,40,40,,0,1,WIN1250
SKKAR,USRFLD5,81,14,0,40,40,,0,1,WIN1250
SKKAR,CELKEMMJ,82,16,1,8,,15,-6,1,
SKKAR,CELKREZMJ,83,16,1,8,,15,-6,1,
SKKAR,CELKOPRMJ,84,16,1,8,,15,-6,1,
SKKAR,CELKOBJMJ,85,16,1,8,,15,-6,1,
SKKAR,CELKSPRMJ,86,16,1,8,,15,-6,1,
SKKAR,POUZIVANA,87,14,0,1,1,,0,1,WIN1250
SKKAR,PUBLIKOVAT,88,14,0,1,1,,0,1,WIN1250
SKKAR,VARIANTGRP,89,8,0,4,,0,0,0,
SKKAR,DAT_ZAR,90,12,0,4,,,0,1,
SKKAR,JEDNOTKMJ,91,14,0,3,3,,0,1,WIN1250
SKKAR,ZAKLPOCMJ,92,16,1,8,,15,-6,1,
SKKAR,JEDNPOCMJ,93,16,1,8,,15,-6,1,
SKKAR,DELKA,94,16,1,8,,12,-3,1,
SKKAR,SIRKA,95,16,1,8,,12,-3,1,
SKKAR,VYSKA,96,16,1,8,,12,-3,1,
SKKAR,KOEFDSV,97,7,1,2,,3,0,1,
SKKAR,DATDOSTUP,98,12,0,4,,,0,0,
SKKAR,MINPRODMJ,99,16,1,8,,15,-6,1,
SKKAR,SELLERID,100,7,1,2,,1,0,1,
SKKAR,SELLER,101,14,0,12,12,,0,1,WIN1250
SKKAR,LOG_DATE,102,35,0,8,,,0,1,
SKKAR,UPD_DATE,103,35,0,8,,,0,0,
SKKAR,LOG_USER,104,14,0,31,31,,0,1,WIN1250
SKKAR,UPD_USER,105,14,0,31,31,,0,1,WIN1250
SKKAR,USRLOCK,106,14,0,31,31,,0,0,WIN1250
SKKAR,IDKARTY,107,14,0,36,36,,0,1,WIN1250
SKKARCEN,IDR,0,8,0,4,,0,0,1,
SKKARCEN,CISLOSKL,1,7,1,2,,3,0,1,
SKKARCEN,IDRKAR,2,8,0,4,,0,0,1,
SKKARCEN,CISLOKAR,3,16,1,8,,10,-2,1,
SKKARCEN,MENA,4,14,0,3,3,,0,1,WIN1250
SKKARCEN,CENA1,5,16,1,8,,17,-6,1,
SKKARCEN,CENA2,6,16,1,8,,17,-6,1,
SKKARCEN,CENA3,7,16,1,8,,17,-6,1,
SKKARCEN,CENA4,8,16,1,8,,17,-6,1,
SKKARCEN,CENA5,9,16,1,8,,17,-6,1,
SKKARCEN,UPD_DATE,10,35,0,8,,,0,0,
SKKARCEN,UPD_USER,11,14,0,31,31,,0,1,WIN1250
SKKARCEN,UPDCNT,12,8,0,4,,0,0,1,
SKKARDET,IDSKKAR,0,8,0,4,,0,0,1,
SKKARDET,MALOBR,1,14,0,40,40,,0,1,WIN1250
SKKARDET,VELOBR,2,14,0,40,40,,0,1,WIN1250
SKKARDET,MALPOPIS,3,14,0,80,80,,0,1,WIN1250
SKKARDET,MALPOPIS2,4,14,0,80,80,,0,1,WIN1250
SKKARDET,VELPOPIS,5,261,1,8,,,0,0,WIN1250
SKKARDET,VELPOPIS2,6,261,1,8,,,0,0,WIN1250
SKKARDET,MALOBRAZ,7,261,0,8,,,0,0,
SKKARDET,VELOBRAZ,8,261,0,8,,,0,0,
SKKARDET,LOG_DATE,9,35,0,8,,,0,1,
SKKARDET,UPD_DATE,10,35,0,8,,,0,0,
SKKARDET,LOG_USER,11,14,0,31,31,,0,1,WIN1250
SKKARDET,UPD_USER,12,14,0,31,31,,0,1,WIN1250
SKKARDET,UPDCNT,13,8,0,4,,0,0,1,
SKKARDOD,IDR,0,8,0,4,,0,0,1,
SKKARDOD,IDRKAR,1,8,0,4,,0,0,1,
SKKARDOD,ICO,2,14,0,12,12,,0,1,WIN1250
SKKARDOD,NAZOVDOD,3,14,0,64,64,,0,1,WIN1250
SKKARDOD,KODDOD,4,14,0,25,25,,0,1,WIN1250
SKKARDOD,KOD1DOD,5,14,0,50,50,,0,1,WIN1250
SKKARDOD,CENADOD,6,16,1,8,,17,-6,1,
SKKARDOD,BALENIEDOD,7,16,1,8,,15,-6,1,
SKKARDOD,BAL_DELDOD,8,7,1,2,,2,0,1,
SKKARDOD,POZNAMKA,9,14,0,30,30,,0,1,WIN1250
SKKARDOD,DEFAULTDOD,10,14,0,1,1,,0,1,WIN1250
SKKARDOD,ODBERATEL,11,14,0,1,1,,0,1,WIN1250
SKKARDOD,UPDCNT,12,8,0,4,,0,0,1,
SKKARDOD,DATCASUPD,13,35,0,8,,,0,1,
SKKAREAN,IDR,0,8,0,4,,0,0,1,
SKKAREAN,IDRKAR,1,8,0,4,,0,0,1,
SKKAREAN,CISLOKAR,2,16,1,8,,10,-2,1,
SKKAREAN,KOD,3,14,0,25,25,,0,1,WIN1250
SKKAREAN,BALENIE,4,16,1,8,,15,-6,1,
SKKAREAN,BALENI_DEL,5,7,1,2,,2,0,1,
SKKAREAN,MJ2,6,14,0,3,3,,0,1,WIN1250
SKKAREAN,KOEF2,7,16,1,8,,15,-6,1,
SKKAREAN,POZNAMKA,8,14,0,50,50,,0,1,WIN1250
SKKAREAN,UPD_DATE,9,35,0,8,,,0,0,
SKKAREAN,UPD_USER,10,14,0,31,31,,0,1,WIN1250
SKKAREAN,UPDCNT,11,8,0,4,,0,0,1,
SKKARFIFO,IDR,0,8,0,4,,0,0,1,
SKKARFIFO,IDRKAR,1,8,0,4,,0,0,1,
SKKARFIFO,CISLOKAR,2,16,1,8,,10,-2,1,
SKKARFIFO,CISLOSKL,3,7,1,2,,3,0,1,
SKKARFIFO,POCETMJ,4,16,1,8,,15,-6,1,
SKKARFIFO,VOLNEMJ,5,16,1,8,,15,-6,1,
SKKARFIFO,CENAMJ,6,16,1,8,,17,-6,1,
SKKARFIFO,ORDDATCAS,7,35,0,8,,,0,1,
SKKARFIFO,SEQCALC,8,8,0,4,,0,0,1,
SKKARFIFO,IDPOHPOL,9,8,0,4,,0,0,0,
SKKARFIFO,SRCPOHPOL,10,8,0,4,,0,0,0,
SKKARFIFO,DATINV,11,12,0,4,,,0,0,
SKKARFIFO,TYPPOH,12,14,0,2,2,,0,1,WIN1250
SKKARFIFO,DOPREPCEN,13,7,1,2,,3,0,0,
SKKARFIFO,DOPOCPOC,14,14,0,1,1,,0,1,WIN1250
SKKARFIFO,UPD_DATE,15,35,0,8,,,0,0,
SKKARFIFO,UPD_USER,16,14,0,31,31,,0,1,WIN1250
SKKARINV,IDRINV,0,8,0,4,,0,0,1,
SKKARINV,CISLOSKL,1,7,1,2,,3,0,1,
SKKARINV,DATUM,2,12,0,4,,,0,1,
SKKARINV,POZNAMKA,3,14,0,35,35,,0,1,WIN1250
SKKARINV,PLATNA,4,14,0,1,1,,0,1,WIN1250
SKKARINV,DATAKTSKPOH,5,35,0,8,,,0,0,
SKKARINV,DATGENFIFO,6,35,0,8,,,0,0,
SKKARINV,DATAKTFIFO,7,35,0,8,,,0,0,
SKKARINV,LOG_DATE,8,35,0,8,,,0,1,
SKKARINV,LOG_USER,9,14,0,31,31,,0,1,WIN1250
SKKARINV,FILTR,10,261,1,8,,,0,0,WIN1250
SKKARINVP,IDR,0,8,0,4,,0,0,1,
SKKARINVP,IDRINV,1,8,0,4,,0,0,1,
SKKARINVP,IDRKAR,2,8,0,4,,0,0,1,
SKKARINVP,CENAMJ,3,16,1,8,,17,-6,1,
SKKARINVP,UCCASTKA,4,16,1,8,,17,-6,1,
SKKARINVP,UCCASTKA_F,5,16,1,8,,17,-6,1,
SKKARINVP,UCCASTKA_I,6,16,1,8,,17,-6,1,
SKKARINVP,POCETMJ,7,16,1,8,,15,-6,1,
SKKARINVP,INVENTURA,8,16,1,8,,15,-6,1,
SKKARINVP,LOG_DATE,9,35,0,8,,,0,1,
SKKARINVP,LOG_USER,10,14,0,31,31,,0,1,WIN1250
SKKARKAT,IDR,0,8,0,4,,0,0,1,
SKKARKAT,CISKAT,1,8,1,4,,8,0,1,
SKKARKAT,UCISKAT,2,8,1,4,,8,0,0,
SKKARKAT,POPIS,3,14,0,45,45,,0,1,WIN1250
SKKARKAT,PORADIKAT,4,8,1,4,,8,0,1,
SKKARKATEX,IDR,0,8,0,4,,0,0,1,
SKKARKATEX,IDRKAR,1,8,0,4,,0,0,1,
SKKARKATEX,CISLOKAR,2,16,1,8,,10,-2,1,
SKKARKATEX,CISKAT,3,8,1,4,,8,0,1,
SKKARKATEX,UPD_DATE,4,35,0,8,,,0,0,
SKKARKATEX,UPD_USER,5,14,0,31,31,,0,1,WIN1250
SKKARKATEX,UPDCNT,6,8,0,4,,0,0,1,
SKKARKOD1,IDR,0,8,0,4,,0,0,1,
SKKARKOD1,KOD,1,14,0,50,50,,0,1,WIN1250
SKKARKOD2,IDR,0,8,0,4,,0,0,1,
SKKARKOD2,KOD,1,14,0,50,50,,0,1,WIN1250
SKKARKOD3,IDR,0,8,0,4,,0,0,1,
SKKARKOD3,KOD,1,14,0,50,50,,0,1,WIN1250
SKKARKUS,IDR,0,8,0,4,,0,0,1,
SKKARKUS,JEPRIJEM,1,14,0,1,1,,0,1,WIN1250
SKKARKUS,IDPOH,2,8,0,4,,0,0,0,
SKKARKUS,IDPOHPOL,3,8,0,4,,0,0,0,
SKKARKUS,DATUMPOH,4,12,0,4,,,0,0,
SKKARKUS,CISLOPOH,5,14,0,9,9,,0,1,WIN1250
SKKARKUS,OZNACENIE,6,14,0,30,30,,0,1,WIN1250
SKKARKUS,POCETMJ,7,16,1,8,,15,-6,1,
SKKARKUS,DATUMVYR,8,12,0,4,,,0,0,
SKKARKUS,DATUMSPOTR,9,12,0,4,,,0,0,
SKKARKUS,ZARUKA,10,7,1,2,,4,0,0,
SKKARKUS,POZNAMKA,11,14,0,30,30,,0,1,WIN1250
SKKARKUS,RECYKL_KOD,12,14,0,15,15,,0,0,WIN1250
SKKARKUS,RECYKLPOPL,13,8,1,4,,9,-2,0,
SKKARKUS,IDR_PRIJEM,14,8,0,4,,0,0,0,
SKKARKUS,CISLOKAR,15,16,1,8,,10,-2,1,
SKKARKUS,CISLOSKL,16,7,1,2,,3,0,1,
SKKARKUS,DONEWINS,17,8,0,4,,0,0,0,
SKKARMAXZL,IDR,0,8,0,4,,0,0,1,
SKKARMAXZL,KOD,1,14,0,5,5,,0,1,WIN1250
SKKARMAXZL,ZLAVA,2,8,1,4,,6,-2,1,
SKKARMJ2,IDR,0,8,0,4,,0,0,1,
SKKARMJ2,IDRKAR,1,8,0,4,,0,0,1,
SKKARMJ2,CISLOKAR,2,16,1,8,,10,-2,1,
SKKARMJ2,KOD,3,14,0,25,25,,0,1,WIN1250
SKKARMJ2,MJ2,4,14,0,3,3,,0,1,WIN1250
SKKARMJ2,KOEF2,5,8,1,4,,9,-3,1,
SKKARMJ2,ZLAVA,6,8,1,4,,6,-2,1,
SKKARMJ2,POPIS,7,14,0,30,30,,0,1,WIN1250
SKKARMJ2,HLAVNI,8,14,0,1,1,,0,1,WIN1250
SKKARMJ2,IDOBAL,9,8,0,4,,0,0,0,
SKKARMJ2,UPDCNT,10,8,0,4,,0,0,1,
SKKARPOL,IDR,0,8,0,4,,0,0,1,
SKKARPOL,TYP,1,14,0,1,1,,0,1,WIN1250
SKKARPOL,JEUCETPOL,2,14,0,1,1,,0,1,WIN1250
SKKARPOL,IDSKKARM,3,8,0,4,,0,0,1,
SKKARPOL,IDSKKARS,4,8,0,4,,0,0,1,
SKKARPOL,POCETMJM,5,16,1,8,,15,-6,1,
SKKARPOL,POCETMJS,6,16,1,8,,15,-6,1,
SKKARPOL,UPDCNT,7,8,0,4,,0,0,1,
SKKARREL,IDR,0,8,0,4,,0,0,1,
SKKARREL,IDRKAR,1,8,0,4,,0,0,1,
SKKARREL,CISLOKAR,2,16,1,8,,10,-2,1,
SKKARREL,IDRKARR,3,8,0,4,,0,0,1,
SKKARREL,CISLOKARR,4,16,1,8,,10,-2,1,
SKKARREL,POZNAMKA,5,14,0,50,50,,0,1,WIN1250
SKKARREL,UPDCNT,6,8,0,4,,0,0,1,
SKKARSKU,IDR,0,8,0,4,,0,0,1,
SKKARSKU,SKUPINA,1,14,0,10,10,,0,1,WIN1250
SKKARSKU,NAZOV,2,14,0,50,50,,0,1,WIN1250
SKKARSTA,CISLOSKL,0,7,1,2,,3,0,1,
SKKARSTA,IDRKAR,1,8,0,4,,0,0,1,
SKKARSTA,CISLOKAR,2,16,1,8,,10,-2,1,
SKKARSTA,AKTIVNI,3,14,0,1,1,,0,1,WIN1250
SKKARSTA,POCPOCETMJ,4,16,1,8,,15,-6,1,
SKKARSTA,POCETMJ,5,16,1,8,,15,-6,1,
SKKARSTA,POCOBJMJ,6,16,1,8,,15,-6,1,
SKKARSTA,POCREZMJ,7,16,1,8,,15,-6,1,
SKKARSTA,POCSPRMJ,8,16,1,8,,15,-6,1,
SKKARSTA,POCOPRMJ,9,16,1,8,,15,-6,1,
SKKARSTA,INVENTURA,10,16,1,8,,15,-6,1,
SKKARSTA,CENA0,11,16,1,8,,17,-6,1,
SKKARSTA,CENAMJ,12,16,1,8,,17,-6,1,
SKKARSTA,RABAT1,13,8,1,4,,7,-3,0,
SKKARSTA,RABAT2,14,8,1,4,,7,-3,0,
SKKARSTA,RABAT3,15,8,1,4,,7,-3,0,
SKKARSTA,RABAT4,16,8,1,4,,7,-3,0,
SKKARSTA,RABAT5,17,8,1,4,,7,-3,0,
SKKARSTA,RABPROC1,18,14,0,1,1,,0,1,WIN1250
SKKARSTA,RABPROC2,19,14,0,1,1,,0,1,WIN1250
SKKARSTA,RABPROC3,20,14,0,1,1,,0,1,WIN1250
SKKARSTA,RABPROC4,21,14,0,1,1,,0,1,WIN1250
SKKARSTA,RABPROC5,22,14,0,1,1,,0,1,WIN1250
SKKARSTA,CENA1,23,16,1,8,,17,-6,1,
SKKARSTA,CENA2,24,16,1,8,,17,-6,1,
SKKARSTA,CENA3,25,16,1,8,,17,-6,1,
SKKARSTA,CENA4,26,16,1,8,,17,-6,1,
SKKARSTA,CENA5,27,16,1,8,,17,-6,1,
SKKARSTA,DPH1,28,16,1,8,,17,-6,1,
SKKARSTA,DPH2,29,16,1,8,,17,-6,1,
SKKARSTA,DPH3,30,16,1,8,,17,-6,1,
SKKARSTA,DPH4,31,16,1,8,,17,-6,1,
SKKARSTA,DPH5,32,16,1,8,,17,-6,1,
SKKARSTA,MINIMUM,33,16,1,8,,15,-6,1,
SKKARSTA,NORMA,34,16,1,8,,15,-6,1,
SKKARSTA,MAXIMUM,35,16,1,8,,15,-6,1,
SKKARSTA,POZICE,36,14,0,25,25,,0,1,WIN1250
SKKARSTA,PLU,37,8,0,4,,0,0,0,
SKKARSTA,CHECKREZ,38,14,0,1,1,,0,1,WIN1250
SKKARSTA,CHECKMIN,39,14,0,1,1,,0,1,WIN1250
SKKARSTA,CHECKMAX,40,14,0,1,1,,0,1,WIN1250
SKKARSTA,CHECKSTAV,41,14,0,1,1,,0,1,WIN1250
SKKARSTA,DOPOCPOC,42,14,0,1,1,,0,1,WIN1250
SKKARSTA,DOPREPCEN,43,7,1,2,,3,0,0,
SKKARSTA,DOPOCREZMJ,44,16,1,8,,15,-6,1,
SKKARSTA,UPD_DATE,45,35,0,8,,,0,0,
SKKARSTA,UPD_USER,46,14,0,31,31,,0,1,WIN1250
SKKARSTA,UPDCNT,47,8,0,4,,0,0,1,
SKKARVAT,IDR,0,8,0,4,,0,0,1,
SKKARVAT,IDRKAR,1,8,0,4,,0,0,1,
SKKARVAT,CISLOKAR,2,16,1,8,,10,-2,1,
SKKARVAT,KODSTAT,3,14,0,2,2,,0,1,WIN1250
SKKARVAT,SADZBADPH,4,8,1,4,,5,-2,1,
SKKARVAT,BEZDPH,5,14,0,1,1,,0,1,WIN1250
SKKARVAT,TYPSAZBY,6,7,1,2,,1,0,1,
SKKARVAT,UPD_DATE,7,35,0,8,,,0,0,
SKKARVAT,UPD_USER,8,14,0,31,31,,0,1,WIN1250
SKKARVAT,UPDCNT,9,8,0,4,,0,0,1,
SKKARZAM,IDR,0,8,0,4,,0,0,1,
SKKARZAM,IDRKAR,1,8,0,4,,0,0,1,
SKKARZAM,IDRKARZ,2,8,0,4,,0,0,1,
SKKARZAM,VZAJEMNE,3,14,0,1,1,,0,1,WIN1250
SKKARZAM,POZNAMKA,4,14,0,50,50,,0,1,WIN1250
SKKARZAM,UPDCNT,5,8,0,4,,0,0,1,
SKLADY,IDSKL,0,8,0,4,,0,0,1,
SKLADY,CISLO,1,7,1,2,,3,0,1,
SKLADY,NAZOV,2,14,0,30,30,,0,1,WIN1250
SKLADY,SKLEANKOD,3,14,0,18,18,,0,1,WIN1250
SKLADY,FINUZAV,4,12,0,4,,,0,1,
SKLADY,SYNTET,5,14,0,3,3,,0,0,WIN1250
SKLADY,ANALYT,6,14,0,3,3,,0,0,WIN1250
SKLADY,JEPRIJEM_P,7,14,0,1,1,,0,0,WIN1250
SKLADY,DRUPOH_P,8,7,1,2,,2,0,0,
SKLADY,JEPRIJEM_V,9,14,0,1,1,,0,0,WIN1250
SKLADY,DRUPOH_V,10,7,1,2,,2,0,0,
SKPOH,IDPOH,0,8,0,4,,0,0,1,
SKPOH,JEPLATNY,1,14,0,1,1,,0,1,WIN1250
SKPOH,CISLOSKL,2,7,1,2,,3,0,1,
SKPOH,JEPRIJEM,3,14,0,1,1,,0,1,WIN1250
SKPOH,CISLOPOH,4,14,0,9,9,,0,1,WIN1250
SKPOH,TYPDPH,5,7,1,2,,2,0,1,
SKPOH,CIASTKA,6,16,1,8,,15,-2,0,
SKPOH,DPH,7,16,1,8,,15,-2,0,
SKPOH,ZAKL0,8,16,1,8,,15,-2,1,
SKPOH,ZAKL1,9,16,1,8,,15,-2,1,
SKPOH,ZAKL2,10,16,1,8,,15,-2,1,
SKPOH,MIMODPH,11,16,1,8,,15,-2,1,
SKPOH,DPH1,12,16,1,8,,15,-2,1,
SKPOH,DPH2,13,16,1,8,,15,-2,1,
SKPOH,UCCASTKA,14,16,1,8,,15,-2,1,
SKPOH,UDCASTKA,15,16,1,8,,15,-2,1,
SKPOH,ZISKCAST,16,16,1,8,,15,-2,1,
SKPOH,ZISKPROC,17,8,1,4,,9,-2,1,
SKPOH,ICO,18,14,0,12,12,,0,0,WIN1250
SKPOH,DATUM,19,12,0,4,,,0,1,
SKPOH,CAS,20,14,0,5,5,,0,1,WIN1250
SKPOH,ORDDATCAS,21,35,0,8,,,0,1,
SKPOH,OCENENO,22,14,0,1,1,,0,1,WIN1250
SKPOH,DRUH,23,14,0,1,1,,0,1,WIN1250
SKPOH,STORNO,24,14,0,1,1,,0,1,WIN1250
SKPOH,DRUHPOHYBU,25,7,1,2,,2,0,0,
SKPOH,POZNAMKA,26,261,1,8,,,0,0,WIN1250
SKPOH,DATOBJED,27,12,0,4,,,0,0,
SKPOH,CISLOOBJED,28,14,0,20,20,,0,1,WIN1250
SKPOH,ORIGCISLO,29,14,0,50,50,,0,1,WIN1250
SKPOH,ORIGDATUM,30,12,0,4,,,0,0,
SKPOH,CISLOFAK,31,14,0,10,10,,0,1,WIN1250
SKPOH,DATDODANI,32,12,0,4,,,0,0,
SKPOH,DTODJEZD,33,35,0,8,,,0,0,
SKPOH,ORIGCISDOK,34,14,0,50,50,,0,1,WIN1250
SKPOH,STREDISKO,35,14,0,6,6,,0,1,WIN1250
SKPOH,CISLO_ZAK,36,14,0,15,15,,0,1,WIN1250
SKPOH,IDKONTAKT,37,8,0,4,,0,0,0,
SKPOH,FORMAUHRAD,38,14,0,10,10,,0,1,WIN1250
SKPOH,SPOSOBDOPR,39,14,0,10,10,,0,1,WIN1250
SKPOH,VARSYMB,40,14,0,10,10,,0,1,WIN1250
SKPOH,NEWNAKL,41,16,1,8,,12,-2,1,
SKPOH,NAKLADY,42,16,1,8,,12,-2,1,
SKPOH,MENA,43,14,0,3,3,,0,1,WIN1250
SKPOH,KURZ_ZAHR,44,16,1,8,,13,-6,1,
SKPOH,KURZ_SK,45,16,1,8,,13,-6,1,
SKPOH,CELK_ZAHR,46,16,1,8,,15,-2,0,
SKPOH,ZAKL_ZAHR,47,16,1,8,,15,-2,0,
SKPOH,INTRASTAT,48,14,0,1,1,,0,1,WIN1250
SKPOH,DATUMIS,49,12,0,4,,,0,0,
SKPOH,TRANSAKCE,50,14,0,2,2,,0,0,WIN1250
SKPOH,DODPODM,51,14,0,3,3,,0,0,WIN1250
SKPOH,DRUHDOPR,52,14,0,1,1,,0,0,WIN1250
SKPOH,ZVLPOH,53,14,0,2,2,,0,0,WIN1250
SKPOH,KODSTAT,54,14,0,2,2,,0,0,WIN1250
SKPOH,CENYSDPH,55,14,0,1,1,,0,1,WIN1250
SKPOH,SESAZBOUDPH,56,14,0,1,1,,0,1,WIN1250
SKPOH,UPDCNT,57,8,0,4,,0,0,1,
SKPOH,IDFAKPR,58,8,0,4,,0,0,0,
SKPOH,IDFAKVY,59,8,0,4,,0,0,0,
SKPOH,IDOSPOH,60,8,0,4,,0,0,0,
SKPOH,IDOSZAV,61,8,0,4,,0,0,0,
SKPOH,IDPOKDOK,62,8,0,4,,0,0,0,
SKPOH,ZLAVA,63,8,1,4,,6,-2,1,
SKPOH,ZAUC_FISK,64,14,0,1,1,,0,1,WIN1250
SKPOH,ZAUC_EET,65,7,1,2,,1,0,1,
SKPOH,NETTO,66,16,1,8,,16,-3,1,
SKPOH,BRUTTO,67,16,1,8,,16,-3,1,
SKPOH,ICOPRIJ,68,14,0,12,12,,0,0,WIN1250
SKPOH,SPOTRDAND,69,7,1,2,,1,0,1,
SKPOH,EKODAND,70,7,1,2,,1,0,1,
SKPOH,LIHDANV,71,7,1,2,,1,0,1,
SKPOH,FIXACECST,72,14,0,1,1,,0,1,WIN1250
SKPOH,LOG_DATE,73,35,0,8,,,0,1,
SKPOH,UPD_DATE,74,35,0,8,,,0,0,
SKPOH,LOG_USER,75,14,0,31,31,,0,1,WIN1250
SKPOH,UPD_USER,76,14,0,31,31,,0,1,WIN1250
SKPOH,IDFIRPOB,77,8,0,4,,0,0,0,
SKPOH,USRLOCK,78,14,0,31,31,,0,0,WIN1250
SKPOH,CALCPARAM,79,14,0,200,200,,0,1,WIN1250
SKPOH,DATODESLANI,80,12,0,4,,,0,0,
SKPOH,USRFLD1,81,14,0,40,40,,0,1,WIN1250
SKPOH,USRFLD2,82,14,0,40,40,,0,1,WIN1250
SKPOH,USRFLD3,83,14,0,40,40,,0,1,WIN1250
SKPOH,USRFLD4,84,14,0,40,40,,0,1,WIN1250
SKPOH,USRFLD5,85,14,0,40,40,,0,1,WIN1250
SKPOH,ZAKKARTA,86,14,0,20,20,,0,1,WIN1250
SKPOH,SLEVKARTYP,87,7,1,2,,2,0,1,
SKPOH,SSCC,88,14,0,20,20,,0,1,WIN1250
SKPOH,REZIM_DPH,89,7,1,2,,1,0,1,
SKPOH,STAT_DPH,90,14,0,2,2,,0,1,WIN1250
SKPOH,VATNUMBER,91,14,0,17,17,,0,0,WIN1250
SKPOH,KURZ_EUR,92,16,1,8,,13,-6,1,
SKPOH,KURZ_EUR_P,93,16,1,8,,13,-6,1,
SKPOH,PVCISLOPOH,94,14,0,10,10,,0,0,WIN1250
SKPOH,SCISLOPOH,95,14,0,13,13,,0,0,WIN1250
SKPOH,CELKOM,96,16,1,8,,16,-2,0,
SKPOH,REZ_ST_VAT,97,14,0,20,20,,0,0,WIN1250
SKPOH,DATODJEZD,98,12,0,4,,,0,0,
SKPOHPOL,IDPOHPOL,0,8,0,4,,0,0,1,
SKPOHPOL,IDPOH,1,8,0,4,,0,0,1,
SKPOHPOL,CISLOKAR,2,16,1,8,,10,-2,1,
SKPOHPOL,CENAMJ,3,16,1,8,,17,-6,1,
SKPOHPOL,CENA_MJ,4,16,1,8,,17,-6,1,
SKPOHPOL,POCETMJ,5,16,1,8,,15,-6,1,
SKPOHPOL,ZLAVA,6,8,1,4,,6,-2,1,
SKPOHPOL,SLEVAMJ,7,16,1,8,,17,-6,1,
SKPOHPOL,SKLADCENA,8,16,1,8,,17,-6,0,
SKPOHPOL,STREDISKO,9,14,0,6,6,,0,1,WIN1250
SKPOHPOL,CISLO_ZAK,10,14,0,15,15,,0,1,WIN1250
SKPOHPOL,NAKLADYPOL,11,16,1,8,,17,-6,1,
SKPOHPOL,NAKLPOLZAH,12,16,1,8,,17,-6,1,
SKPOHPOL,DATUM,13,12,0,4,,,0,1,
SKPOHPOL,SEQCALC,14,8,0,4,,0,0,1,
SKPOHPOL,SUMA_ZAHR,15,16,1,8,,17,-6,1,
SKPOHPOL,SLEVAMJZ,16,16,1,8,,17,-6,1,
SKPOHPOL,DOPLKOD,17,14,0,2,2,,0,0,WIN1250
SKPOHPOL,KRAJ,18,14,0,2,2,,0,0,WIN1250
SKPOHPOL,UCETCASTKA,19,16,1,8,,17,-6,1,
SKPOHPOL,UCDECASTKA,20,16,1,8,,17,-6,1,
SKPOHPOL,OCENENO,21,7,1,2,,2,0,1,
SKPOHPOL,DOTRIGGER,22,14,0,1,1,,0,1,WIN1250
SKPOHPOL,JEUCETPOL,23,14,0,1,1,,0,1,WIN1250
SKPOHPOL,DOPREPCEN,24,7,1,2,,3,0,0,
SKPOHPOL,CHECKMIN,25,14,0,1,1,,0,1,WIN1250
SKPOHPOL,CHECKMAX,26,14,0,1,1,,0,1,WIN1250
SKPOHPOL,CHECKREZ,27,14,0,1,1,,0,1,WIN1250
SKPOHPOL,CHECKSTAV,28,14,0,1,1,,0,1,WIN1250
SKPOHPOL,IDOBJVYPOL,29,8,0,4,,0,0,0,
SKPOHPOL,IDOBJPRPOL,30,8,0,4,,0,0,0,
SKPOHPOL,POCREZMJ,31,16,1,8,,15,-6,1,
SKPOHPOL,IDOPRMAT,32,8,0,4,,0,0,0,
SKPOHPOL,SADZBADPH,33,8,1,4,,5,-2,1,
SKPOHPOL,DAN0,34,7,1,2,,1,0,1,
SKPOHPOL,DPH,35,16,1,8,,17,-6,1,
SKPOHPOL,DPHZ,36,16,1,8,,17,-6,1,
SKPOHPOL,IDPOHPOLM,37,8,0,4,,0,0,0,
SKPOHPOL,IDPOHPOLR,38,8,0,4,,0,0,0,
SKPOHPOL,POCETMJS,39,16,1,8,,15,-6,1,
SKPOHPOL,POCBALMJ,40,16,1,8,,15,-6,1,
SKPOHPOL,TYP_POL,41,14,0,10,10,,0,0,WIN1250
SKPOHPOL,VOUCHER,42,14,0,50,50,,0,1,WIN1250
SKPOHPOL,UPDCNT,43,8,0,4,,0,0,1,
SKPOHPOL,EANBAL,44,14,0,20,20,,0,1,WIN1250
SKPOHPOL,POZNPOL,45,14,0,20,20,,0,1,WIN1250
SKPOHPOL,SSCC,46,14,0,20,20,,0,1,WIN1250
SKPOHPOL,LOG_DATE,47,35,0,8,,,0,1,
SKPOHPOL,UPD_DATE,48,35,0,8,,,0,0,
SKPOHPOL,LOG_USER,49,14,0,31,31,,0,1,WIN1250
SKPOHPOL,UPD_USER,50,14,0,31,31,,0,1,WIN1250
SKPOHREF,IDR,0,8,0,4,,0,0,1,
SKPOHREF,IDPOH,1,8,0,4,,0,0,1,
SKPOHREF,IDPOHPOL,2,8,0,4,,0,0,1,
SKPOHREF,IDPOHREF,3,8,0,4,,0,0,1,
SKPOHREF,IDPOHPOLREF,4,8,0,4,,0,0,1,
SKPOHREF,REFERENCE,5,14,0,2,2,,0,1,WIN1250
SKPOHTOTAL,IDR,0,8,0,4,,0,0,1,
SKPOHTOTAL,IDMR,1,8,0,4,,0,0,1,
SKPOHTOTAL,TYPDPH,2,7,1,2,,2,0,1,
SKPOHTOTAL,TYPSAZBY,3,7,1,2,,1,0,1,
SKPOHTOTAL,SAZBADPH,4,8,1,4,,5,-2,1,
SKPOHTOTAL,MENA,5,14,0,3,3,,0,1,WIN1250
SKPOHTOTAL,ZAKLAD,6,16,1,8,,15,-2,1,
SKPOHTOTAL,DPH,7,16,1,8,,15,-2,1,
SKPOHTOTAL,DZAKLAD,8,16,1,8,,15,-2,1,
SKPOHTOTAL,DDPH,9,16,1,8,,15,-2,1,
SKPOHTOTAL,DOPOCZAKL,10,16,1,8,,15,-2,1,
SKPOHTOTAL,DOPOCDPH,11,16,1,8,,15,-2,1,
SKPOHTOTAL,DDOPOCZAKL,12,16,1,8,,15,-2,1,
SKPOHTOTAL,DDOPOCDPH,13,16,1,8,,15,-2,1,
SKPOHTOTAL,ODPOCETDPH,14,16,1,8,,15,-2,1,
SKRECYKL,IDPHE,0,8,0,4,,0,0,1,
SKRECYKL,RECYKL_KOD,1,14,0,15,15,,0,1,WIN1250
SKRECYKL,POPIS,2,14,0,30,30,,0,1,WIN1250
SKRECYKLPOL,IDR,0,8,0,4,,0,0,1,
SKRECYKLPOL,IDPHE,1,8,0,4,,0,0,1,
SKRECYKLPOL,PLATNOSTOD,2,12,0,4,,,0,1,
SKRECYKLPOL,PLATNOSTDO,3,12,0,4,,,0,1,
SKRECYKLPOL,CIASTKA,4,8,1,4,,9,-2,0,
SKRECYKLPOL,POPLZAKG,5,14,0,1,1,,0,1,WIN1250
SMLOUVYPR,IDR,0,8,0,4,,0,0,1,
SMLOUVYPR,UPDCNT,1,8,0,4,,0,0,1,
SMLOUVYPR,CISLO,2,14,0,10,10,,0,1,WIN1250
SMLOUVYPR,ORIGCISLO,3,14,0,50,50,,0,1,WIN1250
SMLOUVYPR,ICO,4,14,0,12,12,,0,0,WIN1250
SMLOUVYPR,DATVYSTAVE,5,12,0,4,,,0,0,
SMLOUVYPR,DATEVID,6,12,0,4,,,0,0,
SMLOUVYPR,DATZACATEK,7,12,0,4,,,0,0,
SMLOUVYPR,DATKONEC,8,12,0,4,,,0,0,
SMLOUVYPR,CASTKA,9,16,1,8,,15,-2,0,
SMLOUVYPR,CELK_ZAHR,10,16,1,8,,15,-2,0,
SMLOUVYPR,MENA,11,14,0,3,3,,0,1,WIN1250
SMLOUVYPR,KURZ_ZAHR,12,16,1,8,,13,-6,1,
SMLOUVYPR,KURZ_SK,13,16,1,8,,13,-6,1,
SMLOUVYPR,POPIS,14,14,0,50,50,,0,1,WIN1250
SMLOUVYPR,POZNAMKA,15,261,1,8,,,0,0,WIN1250
SMLOUVYPR,USRFLD1,16,14,0,40,40,,0,1,WIN1250
SMLOUVYPR,USRFLD2,17,14,0,40,40,,0,1,WIN1250
SMLOUVYPR,USRFLD3,18,14,0,40,40,,0,1,WIN1250
SMLOUVYPR,USRFLD4,19,14,0,40,40,,0,1,WIN1250
SMLOUVYPR,USRFLD5,20,14,0,40,40,,0,1,WIN1250
SMLOUVYPR,LOG_DATE,21,35,0,8,,,0,1,
SMLOUVYPR,LOG_USER,22,14,0,31,31,,0,1,WIN1250
SMLOUVYVY,IDR,0,8,0,4,,0,0,1,
SMLOUVYVY,UPDCNT,1,8,0,4,,0,0,1,
SMLOUVYVY,CISLO,2,14,0,10,10,,0,1,WIN1250
SMLOUVYVY,ICO,3,14,0,12,12,,0,0,WIN1250
SMLOUVYVY,DATVYSTAVE,4,12,0,4,,,0,0,
SMLOUVYVY,DATEVID,5,12,0,4,,,0,0,
SMLOUVYVY,DATZACATEK,6,12,0,4,,,0,0,
SMLOUVYVY,DATKONEC,7,12,0,4,,,0,0,
SMLOUVYVY,CASTKA,8,16,1,8,,15,-2,0,
SMLOUVYVY,CELK_ZAHR,9,16,1,8,,15,-2,0,
SMLOUVYVY,MENA,10,14,0,3,3,,0,1,WIN1250
SMLOUVYVY,KURZ_ZAHR,11,16,1,8,,13,-6,1,
SMLOUVYVY,KURZ_SK,12,16,1,8,,13,-6,1,
SMLOUVYVY,POPIS,13,14,0,50,50,,0,1,WIN1250
SMLOUVYVY,POZNAMKA,14,261,1,8,,,0,0,WIN1250
SMLOUVYVY,USRFLD1,15,14,0,40,40,,0,1,WIN1250
SMLOUVYVY,USRFLD2,16,14,0,40,40,,0,1,WIN1250
SMLOUVYVY,USRFLD3,17,14,0,40,40,,0,1,WIN1250
SMLOUVYVY,USRFLD4,18,14,0,40,40,,0,1,WIN1250
SMLOUVYVY,USRFLD5,19,14,0,40,40,,0,1,WIN1250
SMLOUVYVY,LOG_DATE,20,35,0,8,,,0,1,
SMLOUVYVY,LOG_USER,21,14,0,31,31,,0,1,WIN1250
SPOSDOPR,CISLO,0,7,1,2,,2,0,1,
SPOSDOPR,SPOSOBDOPR,1,14,0,10,10,,0,1,WIN1250
SPOSDOPR,PTYPZASIL,2,14,0,5,5,,0,0,WIN1250
SPOSDOPR,ID_PTYPZASIL,3,8,0,4,,0,0,0,
SPOTRDAN,IDDANE,0,8,0,4,,0,0,1,
SPOTRDAN,TYP_DANE,1,7,1,2,,1,0,1,
SPOTRDAN,KOD,2,14,0,5,5,,0,1,WIN1250
SPOTRDAN,POPIS,3,14,0,30,30,,0,1,WIN1250
SPOTRDAN,PERCENT,4,8,1,4,,6,-2,1,
SPOTRDAN,SBL,5,8,1,4,,6,-3,1,
SPOTRDANP,IDR,0,8,0,4,,0,0,1,
SPOTRDANP,IDDANE,1,8,0,4,,0,0,1,
SPOTRDANP,PLATNOSTOD,2,12,0,4,,,0,0,
SPOTRDANP,PLATNOSTDO,3,12,0,4,,,0,0,
SPOTRDANP,CASTKA,4,8,1,4,,9,-2,1,
SPOTRDANP,POCETDMJ,5,8,1,4,,9,0,1,
SPOTRDANP,DMJ,6,14,0,3,3,,0,1,WIN1250
STALEPL,IDR,0,8,0,4,,0,0,1,
STALEPL,NAZOV,1,14,0,20,20,,0,1,WIN1250
STALEPL,NAZUCTU,2,14,0,35,35,,0,1,WIN1250
STALEPL,UCET,3,14,0,18,18,,0,1,WIN1250
STALEPL,KODBANKY,4,14,0,12,12,,0,1,WIN1250
STALEPL,INKASO,5,14,0,1,1,,0,1,WIN1250
STALEPL,CIASTKA,6,16,1,8,,15,-2,0,
STALEPL,DATSPLATNO,7,12,0,4,,,0,0,
STALEPL,PERIODA,8,7,1,2,,2,0,1,
STALEPL,VARSYMB,9,14,0,10,10,,0,1,WIN1250
STALEPL,KONSTSYMB,10,14,0,8,8,,0,1,WIN1250
STALEPL,ZVDISPSYMB,11,14,0,6,6,,0,1,WIN1250
STALEPL,SPECIFSYMB,12,14,0,10,10,,0,1,WIN1250
STALEPL,TLAC,13,14,0,1,1,,0,1,WIN1250
STALEPL,OLDDATSPLAT,14,12,0,4,,,0,0,
STALEPL,IBAN,15,14,0,34,34,,0,1,WIN1250
STALEPL,SWIFTCODE,16,14,0,12,12,,0,1,WIN1250
STALEPL,BANKA,17,14,0,35,35,,0,1,WIN1250
STALEPL,KODSTAT,18,14,0,2,2,,0,1,WIN1250
STALEPL,MENA,19,14,0,3,3,,0,1,WIN1250
STALEPL,NABIZETVZDY,20,14,0,1,1,,0,1,WIN1250
STALEPL,UPDCNT,21,8,0,4,,0,0,1,
STALEPL,AVIZO,22,14,0,140,140,,0,1,WIN1250
STATY,IDR,0,8,0,4,,0,0,1,
STATY,KOD,1,14,0,2,2,,0,1,WIN1250
STATY,POPIS,2,14,0,42,42,,0,1,WIN1250
STATY,EU,3,14,0,1,1,,0,1,WIN1250
STATY,DATUMOD,4,12,0,4,,,0,1,
STATY,DATUMDO,5,12,0,4,,,0,1,
STATY,AKTIVNI,6,14,0,1,1,,0,1,WIN1250
STRAVNE,ODDATA,0,12,0,4,,,0,1,
STRAVNE,DODATA,1,12,0,4,,,0,0,
STRAVNE,DOBA5_12,2,8,1,4,,7,-2,0,
STRAVNE,DOBA12_18,3,8,1,4,,7,-2,0,
STRAVNE,DOBANAD18,4,8,1,4,,7,-2,0,
STRAVNE,UPDCNT,5,8,0,4,,0,0,1,
STREDIS,CISLO,0,14,0,6,6,,0,1,WIN1250
STREDIS,NAZOV,1,14,0,30,30,,0,1,WIN1250
STREDIS,ORG_ZLOZKA,2,14,0,3,3,,0,1,WIN1250
SVCLOG,IDR,0,8,0,4,,0,0,1,
SVCLOG,LOG_DATE,1,35,0,8,,,0,1,
SVCLOG,LOG_USER,2,14,0,31,31,,0,1,WIN1250
SVCLOG,RQST_CMD,3,14,0,20,20,,0,1,WIN1250
SVCLOG,RQST_ID,4,14,0,20,20,,0,1,WIN1250
SVCLOG,RESP_DATA,5,261,0,8,,,0,1,
SZN,ODDATA,0,12,0,4,,,0,1,
SZN,DODATA,1,12,0,4,,,0,0,
SZN,JV,2,8,1,4,,7,-3,0,
SZN,OCMV,3,8,1,4,,7,-3,0,
SZN,UPDCNT,4,8,0,4,,0,0,1,
TRANSAKCE,IDR,0,8,0,4,,0,0,1,
TRANSAKCE,KOD,1,14,0,2,2,,0,1,WIN1250
TRANSAKCE,POPIS,2,14,0,100,100,,0,1,WIN1250
TRANSAKCE,POPIS2,3,14,0,100,100,,0,1,WIN1250
TRANSAKCE,AKTIVNI,4,14,0,1,1,,0,1,WIN1250
TRANSAKCE,DATUMOD,5,12,0,4,,,0,1,
TRANSAKCE,DATUMDO,6,12,0,4,,,0,1,
TRASY,IDR,0,8,0,4,,0,0,1,
TRASY,ODKIAL,1,14,0,30,30,,0,1,WIN1250
TRASY,KAM,2,14,0,30,30,,0,1,WIN1250
TRASY,UCEL,3,14,0,30,30,,0,1,WIN1250
TRASY,VZDIALENKM,4,8,1,4,,9,-1,0,
TRASY,CASODCHOD,5,14,0,5,5,,0,1,WIN1250
TRASY,CASPRICHOD,6,14,0,5,5,,0,1,WIN1250
TRASY,MESTOM,7,14,0,1,1,,0,1,WIN1250
TRASY,UPDCNT,8,8,0,4,,0,0,1,
TYPAKTIVIT,IDR,0,8,0,4,,0,0,1,
TYPAKTIVIT,UPDCNT,1,8,0,4,,0,0,1,
TYPAKTIVIT,KOD,2,14,0,20,20,,0,1,WIN1250
TYPAKTIVIT,POPIS,3,14,0,50,50,,0,1,WIN1250
TYPAKTIVIT,TYP,4,7,1,2,,1,0,1,
TYPDOKL,TYP_DOKL,0,14,0,2,2,,0,1,WIN1250
TYPDOKL,NAZOV,1,14,0,50,50,,0,1,WIN1250
TYPPROJEKT,IDR,0,8,0,4,,0,0,1,
TYPPROJEKT,UPDCNT,1,8,0,4,,0,0,1,
TYPPROJEKT,KOD,2,14,0,20,20,,0,1,WIN1250
TYPPROJEKT,POPIS,3,14,0,50,50,,0,1,WIN1250
TYPYDPH,CISLO,0,7,1,2,,2,0,1,
TYPYDPH,NAZOV,1,14,0,50,50,,0,1,WIN1250
TYPYDPH,PLATNOSTOD,2,12,0,4,,,0,0,
TYPYDPH,PLATNOSTDO,3,12,0,4,,,0,0,
TYPYDPH,USKUT,4,14,0,1,1,,0,1,WIN1250
TYPYDPH,ZAHR,5,14,0,1,1,,0,1,WIN1250
TYPYDPH,TYPEURO,6,14,0,1,1,,0,1,WIN1250
TYPYDPH,DOPOCDPH,7,14,0,1,1,,0,1,WIN1250
TYPYPLN,IDR,0,8,0,4,,0,0,1,
TYPYPLN,KODPLN,1,14,0,1,1,,0,1,WIN1250
TYPYPLN,POPIS,2,14,0,100,100,,0,1,WIN1250
TYPYPOL,IDR,0,8,0,4,,0,0,1,
TYPYPOL,UPDCNT,1,8,0,4,,0,0,1,
TYPYPOL,KOD,2,14,0,10,10,,0,1,WIN1250
TYPYPOL,POPIS,3,14,0,50,50,,0,1,WIN1250
TYPYPOL,DPH_HLAS,4,7,1,2,,1,0,0,
TYPYPOL,DPH_KONTRV,5,7,1,2,,1,0,0,
TYPYPOL,REZIMPREN,6,14,0,20,20,,0,1,WIN1250
TYPYPOL,UCTOBDOBI,7,7,1,2,,1,0,0,
TYPYPOL,PREDKONTFV,8,8,1,4,,7,-3,0,
TYPYPOL,PREDKONTFP,9,8,1,4,,7,-3,0,
TYPYPOL,PREDKONTPH,10,8,1,4,,7,-3,0,
TYPYPOL,PREDKONTZV,11,8,1,4,,7,-3,0,
TYPYPOL,PREDKONTSP,12,8,1,4,,7,-3,0,
TYPYPOL,PREDKONTSV,13,8,1,4,,7,-3,0,
TYPYPOL,PREDKSPP,14,8,1,4,,7,-3,0,
TYPYPOL,PREDKSPV,15,8,1,4,,7,-3,0,
TYPYPOL,PREDKONTPP,16,8,1,4,,7,-3,0,
TYPYPOL,PREDKONTPV,17,8,1,4,,7,-3,0,
TYPYPOL,PREDKIDVYN,18,8,1,4,,7,-3,0,
TYPYPOL,PREDKIDNAK,19,8,1,4,,7,-3,0,
TYPYPOL,PDPSYNTET,20,7,1,2,,2,0,0,
TYPYPOL,PDPANALYT,21,7,1,2,,3,0,0,
TYPYPOL,PDVSYNTET,22,7,1,2,,2,0,0,
TYPYPOL,PDVANALYT,23,7,1,2,,3,0,0,
TYPYPOL,POPLATEK,24,7,1,2,,1,0,0,
TYPYPOL,EET_HLAS,25,7,1,2,,1,0,0,
TYPYPZ,TYP,0,14,0,10,10,,0,1,WIN1250
TYPYPZ,INTTYP,1,7,1,2,,2,0,1,
TYPYPZ,POPIS,2,14,0,30,30,,0,1,WIN1250
UCDE,IDUCDE,0,8,0,4,,0,0,1,
UCDE,UPDCNT,1,8,0,4,,0,0,1,
UCDE,CISLO,2,8,1,4,,6,0,1,
UCDE,TEXT,3,14,0,50,50,,0,1,WIN1250
UCDE,DATUM,4,12,0,4,,,0,1,
UCDE,ZAKL0,5,16,1,8,,15,-2,1,
UCDE,ZAKL1,6,16,1,8,,15,-2,1,
UCDE,ZAKL2,7,16,1,8,,15,-2,1,
UCDE,MIMODPH,8,16,1,8,,15,-2,1,
UCDE,DPH1,9,16,1,8,,15,-2,1,
UCDE,DPH2,10,16,1,8,,15,-2,1,
UCDE,TYPDPH,11,7,1,2,,2,0,0,
UCDE,ZDROJ,12,14,0,16,16,,0,1,WIN1250
UCDE,ICO,13,14,0,12,12,,0,0,WIN1250
UCDE,TYP_DOKL,14,14,0,2,2,,0,1,WIN1250
UCDE,POZNAMKA,15,261,1,8,,,0,0,WIN1250
UCDEPOL,IDR,0,8,0,4,,0,0,1,
UCDEPOL,IDUCDE,1,8,0,4,,0,0,1,
UCDEPOL,UPDCNT,2,8,0,4,,0,0,1,
UCDEPOL,CISLO,3,8,1,4,,6,0,1,
UCDEPOL,CISLOARCH,4,8,0,4,,0,0,1,
UCDEPOL,STREDISKO,5,14,0,6,6,,0,1,WIN1250
UCDEPOL,CINNOST,6,14,0,20,20,,0,0,WIN1250
UCDEPOL,TEXT,7,14,0,100,100,,0,1,WIN1250
UCDEPOL,DATUM,8,12,0,4,,,0,0,
UCDEPOL,DOKLAD,9,14,0,16,16,,0,1,WIN1250
UCDEPOL,PARSYMBOL,10,14,0,16,16,,0,1,WIN1250
UCDEPOL,MADATS,11,14,0,3,3,,0,1,WIN1250
UCDEPOL,DALS,12,14,0,3,3,,0,1,WIN1250
UCDEPOL,MADATA,13,14,0,3,3,,0,1,WIN1250
UCDEPOL,DALA,14,14,0,3,3,,0,1,WIN1250
UCDEPOL,CIASTKA,15,16,1,8,,15,-2,1,
UCDEPOL,KURZ_ZAHR,16,16,1,8,,13,-6,1,
UCDEPOL,KURZ_SK,17,16,1,8,,13,-6,1,
UCDEPOL,POKL,18,14,0,6,6,,0,1,WIN1250
UCDEPOL,TYP,19,7,1,2,,3,0,0,
UCDEPOL,TYP_DOKL,20,14,0,2,2,,0,1,WIN1250
UCDEPOL,SUMA_ZAHR,21,16,1,8,,15,-2,1,
UCDEPOL,CISLO_ZAK,22,14,0,15,15,,0,1,WIN1250
UCDEPOL,PODPISZAZ1,23,14,0,31,31,,0,1,WIN1250
UCDEPOL,DATUMZAZ1,24,35,0,8,,,0,1,
UCDEPOL,PODPISZAZ2,25,14,0,31,31,,0,1,WIN1250
UCDEPOL,DATUMZAZ2,26,35,0,8,,,0,0,
UCDEPOL,LOG_DATE,27,35,0,8,,,0,1,
UCDEPOL,LOG_USER,28,14,0,31,31,,0,1,WIN1250
UCDEPOLLOG,IDR,0,8,0,4,,0,0,1,
UCDEPOLLOG,IDUCDE,1,8,0,4,,0,0,1,
UCDEPOLLOG,UPDCNT,2,8,0,4,,0,0,1,
UCDEPOLLOG,CISLO,3,8,1,4,,6,0,1,
UCDEPOLLOG,CISLOARCH,4,8,0,4,,0,0,1,
UCDEPOLLOG,STREDISKO,5,14,0,6,6,,0,1,WIN1250
UCDEPOLLOG,CINNOST,6,14,0,20,20,,0,0,WIN1250
UCDEPOLLOG,TEXT,7,14,0,100,100,,0,1,WIN1250
UCDEPOLLOG,DATUM,8,12,0,4,,,0,0,
UCDEPOLLOG,DOKLAD,9,14,0,16,16,,0,1,WIN1250
UCDEPOLLOG,PARSYMBOL,10,14,0,16,16,,0,1,WIN1250
UCDEPOLLOG,MADATS,11,14,0,3,3,,0,1,WIN1250
UCDEPOLLOG,DALS,12,14,0,3,3,,0,1,WIN1250
UCDEPOLLOG,MADATA,13,14,0,3,3,,0,1,WIN1250
UCDEPOLLOG,DALA,14,14,0,3,3,,0,1,WIN1250
UCDEPOLLOG,CIASTKA,15,16,1,8,,15,-2,1,
UCDEPOLLOG,KURZ_ZAHR,16,16,1,8,,13,-6,1,
UCDEPOLLOG,KURZ_SK,17,16,1,8,,13,-6,1,
UCDEPOLLOG,POKL,18,14,0,6,6,,0,1,WIN1250
UCDEPOLLOG,TYP,19,7,1,2,,3,0,0,
UCDEPOLLOG,TYP_DOKL,20,14,0,2,2,,0,1,WIN1250
UCDEPOLLOG,SUMA_ZAHR,21,16,1,8,,15,-2,1,
UCDEPOLLOG,CISLO_ZAK,22,14,0,15,15,,0,1,WIN1250
UCDEPOLLOG,PODPISZAZ1,23,14,0,31,31,,0,1,WIN1250
UCDEPOLLOG,DATUMZAZ1,24,35,0,8,,,0,1,
UCDEPOLLOG,PODPISZAZ2,25,14,0,31,31,,0,1,WIN1250
UCDEPOLLOG,DATUMZAZ2,26,35,0,8,,,0,0,
UCDEPOLLOG,LOG_IDR,27,8,0,4,,0,0,1,
UCDEPOLLOG,LOG_TYP,28,14,0,1,1,,0,1,WIN1250
UCDEPOLLOG,LOG_DATE,29,35,0,8,,,0,1,
UCDEPOLLOG,LOG_USER,30,14,0,31,31,,0,1,WIN1250
UHRADY,CISLO,0,7,1,2,,2,0,1,
UHRADY,FORMAUHRAD,1,14,0,10,10,,0,1,WIN1250
UHRADY,EDIKOD,2,14,0,3,3,,0,1,WIN1250
UPGRLOG,IDVER,0,7,1,2,,3,0,1,
UPGRLOG,LOGTEXT,1,261,1,8,,,0,0,WIN1250
UPGRLOG,AGENDA,2,14,0,2,2,,0,1,WIN1250
UPGRLOG,LOG_NAZEV,3,14,0,10,10,,0,1,WIN1250
UPGRLOG,ZOBRAZIT,4,14,0,1,1,,0,1,WIN1250
USRSRIGHTS,USER_ID,0,7,1,2,,3,0,1,
USRSRIGHTS,AGENDA_ID,1,7,1,2,,3,0,1,
USRSRIGHTS,AKCE_ID,2,7,1,2,,3,0,1,
USRSRIGHTS,PRAVA,3,7,1,2,,1,0,1,
UZIVNAST,USERID,0,7,1,2,,3,0,1,
UZIVNAST,ITEMNAME,1,14,0,20,20,,0,1,WIN1250
UZIVNAST,PARTNO,2,7,1,2,,3,0,1,
UZIVNAST,ITEMVALUE,3,14,0,30,30,,0,1,WIN1250
VER,VERZIA,0,14,0,20,20,,0,1,WIN1250
VER,PROGRAM,1,14,0,20,20,,0,1,WIN1250
VER,SERCISLO,2,14,0,16,16,,0,1,WIN1250
VER,FBVERZE,3,14,0,20,20,,0,1,WIN1250
VER,UPSTEP,4,7,1,2,,2,0,1,
VODICI,OSCISLO,0,14,0,15,15,,0,1,WIN1250
VODICI,MENO,1,14,0,15,15,,0,1,WIN1250
VODICI,PRIEZVISKO,2,14,0,20,20,,0,1,WIN1250
VODICI,TITUL,3,14,0,6,6,,0,1,WIN1250
VODICI,DATNAR,4,12,0,4,,,0,0,
VODICI,ULICA,5,14,0,30,30,,0,1,WIN1250
VODICI,MESTO,6,14,0,30,30,,0,1,WIN1250
VODICI,PSC,7,14,0,10,10,,0,1,WIN1250
VODICI,TELEFON,8,14,0,30,30,,0,1,WIN1250
VODICI,STREDISKO,9,14,0,6,6,,0,1,WIN1250
VODICI,PRACDOBAOD,10,14,0,5,5,,0,1,WIN1250
VODICI,PRACDOBADO,11,14,0,5,5,,0,1,WIN1250
VODICI,UPDCNT,12,8,0,4,,0,0,1,
VYKAZY,IDR,0,8,0,4,,0,0,1,
VYKAZY,UPDCNT,1,8,0,4,,0,0,1,
VYKAZY,IDMR,2,8,0,4,,0,0,0,
VYKAZY,VYKAZCIS,3,8,1,4,,6,0,1,
VYKAZY,VYKAZTYP,4,7,1,2,,1,0,1,
VYKAZY,VZORCIS,5,7,1,2,,2,0,1,
VYKAZY,TYPORGAN,6,7,1,2,,1,0,1,
VYKAZY,UZAVRENO,7,14,0,1,1,,0,1,WIN1250
VYKAZY,RADVYPOCTU,8,7,1,2,,1,0,1,
VYKAZY,REPORTNAME,9,14,0,20,20,,0,1,WIN1250
VYKAZY,POPIS,10,14,0,100,100,,0,1,WIN1250
VYKAZY,DATUMOD,11,12,0,4,,,0,0,
VYKAZY,DATUMDO,12,12,0,4,,,0,0,
VYKAZY,STREDISKO,13,14,0,100,100,,0,1,WIN1250
VYKAZY,STREDISKO2,14,14,0,100,100,,0,1,WIN1250
VYKAZY,UCETCIN,15,14,0,1,1,,0,1,WIN1250
VYKAZY,EXPORT,16,7,1,2,,1,0,1,
VYKAZY,MINULEOBD,17,14,0,1,1,,0,1,WIN1250
VYKAZY,IGNOREPS,18,14,0,1,1,,0,1,WIN1250
VYKAZY,MIMODAN,19,14,0,1,1,,0,1,WIN1250
VYKAZY,MENA,20,14,0,3,3,,0,1,WIN1250
VYKAZY,KURZ,21,16,1,8,,13,-6,1,
VYKAZY,KURZ_POCJEDN,22,16,1,8,,13,-6,1,
VYKAZY,JAZYK,23,7,1,2,,1,0,1,
VYKAZYP,IDR,0,8,0,4,,0,0,1,
VYKAZYP,UPDCNT,1,8,0,4,,0,0,1,
VYKAZYP,SESTAVA,2,8,1,4,,6,0,1,
VYKAZYP,RADEK,3,7,1,2,,3,0,1,
VYKAZYP,SESTCAST,4,7,1,2,,3,0,1,
VYKAZYP,PORADI,5,8,1,4,,6,0,1,
VYKAZYP,UROVEN,6,7,1,2,,1,0,0,
VYKAZYP,OZNACENI,7,14,0,20,20,,0,1,WIN1250
VYKAZYP,OZNACENI2,8,14,0,20,20,,0,1,WIN1250
VYKAZYP,TEXT,9,14,0,100,100,,0,1,WIN1250
VYKAZYP,TEXT2,10,14,0,100,100,,0,1,WIN1250
VYKAZYP,TEXT3,11,14,0,100,100,,0,1,WIN1250
VYKAZYP,TEXT4,12,14,0,100,100,,0,1,WIN1250
VYKAZYP,TEXT5,13,14,0,100,100,,0,1,WIN1250
VYKAZYP,PREDPIS,14,14,0,200,200,,0,1,WIN1250
VYKAZYP,CSTBRUTTO,15,16,1,8,,15,-2,0,
VYKAZYP,CSTKOREKCE,16,16,1,8,,15,-2,0,
VYKAZYP,CSTNETTO,17,16,1,8,,15,-2,0,
VYKAZYP,CSTMINULE,18,16,1,8,,15,-2,0,
VYKAZYP2,REFID,0,8,0,4,,0,0,1,
VYKAZYP2,ITEMNAME,1,14,0,20,20,,0,1,WIN1250
VYKAZYP2,PARTNO,2,7,1,2,,3,0,1,
VYKAZYP2,ITEMVALUE,3,14,0,30,30,,0,1,WIN1250
VYKAZYP3,IDR,0,8,0,4,,0,0,1,
VYKAZYP3,UPDCNT,1,8,0,4,,0,0,1,
VYKAZYP3,IDRM,2,8,0,4,,0,0,1,
VYKAZYP3,TYP,3,7,1,2,,1,0,1,
VYKAZYP3,VERITIC,4,14,0,12,12,,0,0,WIN1250
VYKAZYP3,VERITNAZ,5,14,0,100,100,,0,1,WIN1250
VYKAZYP3,DLUZNIKIC,6,14,0,12,12,,0,0,WIN1250
VYKAZYP3,DLUZNIKNAZ,7,14,0,100,100,,0,1,WIN1250
VYKAZYP3,GARANCEDAT,8,12,0,4,,,0,0,
VYKAZYP3,POHLEDHODN,9,16,1,8,,15,-2,0,
VYKAZYP3,PLNENIDAT,10,12,0,4,,,0,0,
VYKAZYP3,PLNENIHODN,11,16,1,8,,15,-2,0,
VYKAZYP3,PLNENICELK,12,16,1,8,,15,-2,0,
VYKAZYP3,NASTRDLUH,13,7,1,2,,1,0,1,
VYKAZYP4,IDR,0,8,0,4,,0,0,1,
VYKAZYP4,UPDCNT,1,8,0,4,,0,0,1,
VYKAZYP4,IDRM,2,8,0,4,,0,0,1,
VYKAZYP4,CISLOZ,3,14,0,50,50,,0,1,WIN1250
VYKAZYP4,CISLOPROF,4,14,0,50,50,,0,1,WIN1250
VYKAZYP4,CISLOETRZ,5,14,0,50,50,,0,1,WIN1250
VYKAZYP4,CISLONEN,6,14,0,50,50,,0,1,WIN1250
VYKAZYP4,NAZEVZ,7,14,0,256,256,,0,1,WIN1250
VYKAZYP4,PROJDRUH,8,14,0,1,1,,0,1,WIN1250
VYKAZYP4,SMLOUVADAT,9,12,0,4,,,0,0,
VYKAZYP4,DODAVNAZ,10,14,0,100,100,,0,1,WIN1250
VYKAZYP4,DODAVIC,11,14,0,12,12,,0,0,WIN1250
VYKAZYP4,ROKZAHAJ,12,7,1,2,,4,0,0,
VYKAZYP4,ROKUKON,13,7,1,2,,4,0,0,
VYKAZYP4,MAJPORIZ,14,16,1,8,,15,-2,0,
VYKAZYP4,VYDPORIZM4,15,16,1,8,,15,-2,0,
VYKAZYP4,VYDPORIZM3,16,16,1,8,,15,-2,0,
VYKAZYP4,VYDPORIZM2,17,16,1,8,,15,-2,0,
VYKAZYP4,VYDPORIZM1,18,16,1,8,,15,-2,0,
VYKAZYP4,VYDPORIZC,19,16,1,8,,15,-2,0,
VYKAZYP4,PLATBAPOC,20,7,1,2,,4,0,0,
VYKAZYP4,PLATBAKON,21,7,1,2,,4,0,0,
VYKAZYP4,PLATDRM4,22,16,1,8,,15,-2,0,
VYKAZYP4,PLATDPMRM4,23,16,1,8,,15,-2,0,
VYKAZYP4,PLATDRM3,24,16,1,8,,15,-2,0,
VYKAZYP4,PLATDPMRM3,25,16,1,8,,15,-2,0,
VYKAZYP4,PLATDRM2,26,16,1,8,,15,-2,0,
VYKAZYP4,PLATDPMRM2,27,16,1,8,,15,-2,0,
VYKAZYP4,PLATDRM1,28,16,1,8,,15,-2,0,
VYKAZYP4,PLATDPMRM1,29,16,1,8,,15,-2,0,
VYKAZYP4,PLATDPMC,30,16,1,8,,15,-2,0,
VYKAZYP4,PLATBYDRM4,31,16,1,8,,15,-2,0,
VYKAZYP4,PLATBYDRM3,32,16,1,8,,15,-2,0,
VYKAZYP4,PLATBYDRM2,33,16,1,8,,15,-2,0,
VYKAZYP4,PLATBYDRM1,34,16,1,8,,15,-2,0,
VYKAZYP4,PLATBYDCLK,35,16,1,8,,15,-2,0,
ZAKAZKA,IDR,0,8,0,4,,0,0,1,
ZAKAZKA,CISLO,1,14,0,15,15,,0,1,WIN1250
ZAKAZKA,NAZOV,2,14,0,50,50,,0,1,WIN1250
ZAKAZKA,ICO,3,14,0,12,12,,0,0,WIN1250
ZAKAZKA,DATUMZAR,4,12,0,4,,,0,0,
ZAKAZKA,DATUMUKONC,5,12,0,4,,,0,0,
ZAKAZKA,STAV,6,7,1,2,,1,0,1,
ZAKAZKA,SUMA,7,16,1,8,,15,-2,0,
ZAKAZKA,POCSUMA,8,16,1,8,,15,-2,0,
ZAKAZKA,POZNAMKA,9,14,0,50,50,,0,1,WIN1250
ZAKAZKA,POZNAMKA2,10,261,1,8,,,0,0,WIN1250
ZAKAZKA,UPDCNT,11,8,0,4,,0,0,1,
ZAKAZKA,LOG_DATE,12,35,0,8,,,0,1,
ZAKAZKA,LOG_USER,13,14,0,31,31,,0,1,WIN1250
ZAPOCPOL,IDR,0,8,0,4,,0,0,1,
ZAPOCPOL,IDZAPOC,1,8,0,4,,0,0,1,
ZAPOCPOL,UPDCNT,2,8,0,4,,0,0,1,
ZAPOCPOL,ID_FV,3,8,0,4,,0,0,0,
ZAPOCPOL,ID_FP,4,8,0,4,,0,0,0,
ZAPOCPOL,ID_PH,5,8,0,4,,0,0,0,
ZAPOCPOL,ID_ZV,6,8,0,4,,0,0,0,
ZAPOCPOL,TYP_RADKU,7,7,1,2,,3,0,1,
ZAPOCPOL,RIADOK,8,8,1,4,,9,0,1,
ZAPOCPOL,TEXT,9,14,0,100,100,,0,1,WIN1250
ZAPOCPOL,UHRMENAZAP,10,16,1,8,,15,-2,1,
ZAPOCPOL,UHRMENATUZ,11,16,1,8,,15,-2,1,
ZAPOCPOL,LOG_DATE,12,35,0,8,,,0,1,
ZAPOCPOL,LOG_USER,13,14,0,31,31,,0,1,WIN1250
ZAPOCTY,IDZAPOC,0,8,0,4,,0,0,1,
ZAPOCTY,UPDCNT,1,8,0,4,,0,0,1,
ZAPOCTY,CISLO,2,14,0,10,10,,0,1,WIN1250
ZAPOCTY,ICO,3,14,0,12,12,,0,1,WIN1250
ZAPOCTY,DATVYSTAVE,4,12,0,4,,,0,0,
ZAPOCTY,MENA,5,14,0,3,3,,0,1,WIN1250
ZAPOCTY,KURZ,6,16,1,8,,13,-6,1,
ZAPOCTY,KURZ_POCJEDN,7,16,1,8,,13,-6,1,
ZAPOCTY,GENUHRDOK,8,7,1,2,,1,0,1,
ZAPOCTY,DRUHSTAV,9,7,1,2,,1,0,1,
ZAPOCTY,POPIS,10,14,0,50,50,,0,1,WIN1250
ZAPOCTY,POZNAMKA,11,261,1,8,,,0,0,WIN1250
ZAPOCTY,LOG_DATE,12,35,0,8,,,0,1,
ZAPOCTY,LOG_USER,13,14,0,31,31,,0,1,WIN1250
ZVLPOH,IDR,0,8,0,4,,0,0,1,
ZVLPOH,KOD,1,14,0,2,2,,0,1,WIN1250
ZVLPOH,POPIS,2,14,0,60,60,,0,1,WIN1250
ZVLPOH,DATUMOD,3,12,0,4,,,0,1,
ZVLPOH,DATUMDO,4,12,0,4,,,0,1,
